Saison;DateMatch;Journee;Equipe;Competition;Lieu;Score
1956-57;;;Kawkab Athletic Club de Marrakech;Championnat;Domicile;0-0
1956-57;;;Mouloudia Club Oujda;Championnat;Domicile;1-1
1956-57;;;Tihad Athletic Sport;Championnat;Domicile;1-1
1956-57;;;Fath Union Sport;Championnat;Domicile;1-0
1956-57;;;Union Sportive Marocaine;Championnat;Domicile;3-1
1956-57;;;Maghreb Association Sportive;Championnat;Domicile;4-3
1956-57;;;Racing Athletic Club;Championnat;Domicile;2-1
1956-57;;;Difaa Hassani Jadidi;Championnat;Domicile;1-1
1956-57;;;Raja Club Athletic;Championnat;Domicile;3-0
1956-57;;;Kenitra Athletic Club;Championnat;Domicile;1-0
1956-57;;;Stade Marocain;Championnat;Domicile;2-0
1956-57;;;Maghreb Athletic Tetouan;Championnat;Domicile;2-0
1956-57;;;ASCOM;Championnat;Domicile;3-1
1956-57;;;SC Club des Roches Noires;Championnat;Domicile;3-1
1956-57;;;Quartier Industriel;Championnat;Domicile;7-1
1956-57;;;Kawkab Athletic Club de Marrakech;Championnat;Exterieur;0-0
1956-57;;;Mouloudia Club Oujda;Championnat;Exterieur;0-1
1956-57;;;Tihad Athletic Sport;Championnat;Exterieur;1-0
1956-57;;;Fath Union Sport;Championnat;Exterieur;2-3
1956-57;;;Union Sportive Marocaine;Championnat;Exterieur;0-0
1956-57;;;Maghreb Association Sportive;Championnat;Exterieur;1-3
1956-57;;;Racing Athletic Club;Championnat;Exterieur;2-0
1956-57;;;Difaa Hassani Jadidi;Championnat;Exterieur;1-1
1956-57;;;Raja Club Athletic;Championnat;Exterieur;0-1
1956-57;;;Kenitra Athletic Club;Championnat;Exterieur;1-0
1956-57;;;Stade Marocain;Championnat;Exterieur;0-1
1956-57;;;Maghreb Athletic Tetouan;Championnat;Exterieur;3-1
1956-57;;;ASCOM;Championnat;Exterieur;2-1
1956-57;;;SC Club des Roches Noires;Championnat;Exterieur;1-0
1956-57;;;Quartier Industriel;Championnat;Exterieur;3-0
1957-58;;;Kawkab Athletic Club de Marrakech;Championnat;Exterieur;1-0
1957-58;;;Kawkab Athletic Club de Marrakech;Championnat;Domicile;1-1
1957-58;;;Tihad Athletic Sport;Championnat;Domicile;0-0
1957-58;;;Raja Club Athletic;Championnat;Domicile;1-1
1957-58;;;Kenitra Athletic Club;Championnat;Domicile;1-0
1957-58;;;Mouloudia Club Oujda;Championnat;Domicile;1-2
1957-58;;;Fath Union Sport;Championnat;Domicile;1-0
1957-58;;;Difaa Hassani Jadidi;Championnat;Domicile;3-2
1957-58;;;Rachad de Meknes;Championnat;Domicile;1-0
1957-58;;;Racing Athletic Club;Championnat;Domicile;1-0
1957-58;;;Stade Marocain;Championnat;Domicile;2-2
1957-58;;;Maghreb Association Sportive;Championnat;Domicile;1-0
1957-58;;;Union Sportive de Safi;Championnat;Domicile;3-0
1957-58;;;ASM;Championnat;Domicile;2-1
1957-58;;;Association Sportif de Tanger-Fes;Championnat;Domicile;1-0
1957-58;;;Tihad Athletic Sport;Championnat;Exterieur;1-1
1957-58;;;Raja Club Athletic;Championnat;Exterieur;0-0
1957-58;;;Kenitra Athletic Club;Championnat;Exterieur;1-0
1957-58;;;Mouloudia Club Oujda;Championnat;Exterieur;0-0
1957-58;;;Fath Union Sport;Championnat;Exterieur;3-1
1957-58;;;Difaa Hassani Jadidi;Championnat;Exterieur;0-0
1957-58;;;Rachad de Meknes;Championnat;Exterieur;0-0
1957-58;;;Racing Athletic Club;Championnat;Exterieur;1-0
1957-58;;;Stade Marocain;Championnat;Exterieur;0-1
1957-58;;;Maghreb Association Sportive;Championnat;Exterieur;1-1
1957-58;;;Union Sportive de Safi;Championnat;Exterieur;3-1
1957-58;;;ASM;Championnat;Exterieur;1-1
1957-58;;;Association Sportif de Tanger-Fes;Championnat;Exterieur;3-1
1958-59;;;Etoile Jeunesse Sportive Casablanca;Championnat;Exterieur;0-1
1958-59;;;Etoile Jeunesse Sportive Casablanca;Championnat;Domicile;1-1
1958-59;;;Mouloudia Club Oujda;Championnat;Domicile;1-0
1958-59;;;Raja Club Athletic;Championnat;Domicile;1-2
1958-59;;;Stade Marocain;Championnat;Domicile;1-0
1958-59;;;Kawkab Athletic Club de Marrakech;Championnat;Domicile;1-2
1958-59;;;Racing Athletic Club;Championnat;Domicile;0-0
1958-59;;;Fath Union Sport;Championnat;Domicile;2-1
1958-59;;;Kenitra Athletic Club;Championnat;Domicile;3-0
1958-59;;;Difaa Hassani Jadidi;Championnat;Domicile;2-2
1958-59;;;Maghreb Association Sportive;Championnat;Domicile;5-0
1958-59;;;Hassania Union Sport Agadir;Championnat;Domicile;7-0
1958-59;;;Tihad Athletic Sport;Championnat;Domicile;2-0
1958-59;;;Rachad de Meknes;Championnat;Domicile;6-1
1958-59;;;Mouloudia Club Oujda;Championnat;Exterieur;1-2
1958-59;;;Raja Club Athletic;Championnat;Exterieur;2-0
1958-59;;;Stade Marocain;Championnat;Exterieur;1-2
1958-59;;;Kawkab Athletic Club de Marrakech;Championnat;Exterieur;2-0
1958-59;;;Racing Athletic Club;Championnat;Exterieur;1-2
1958-59;;;Fath Union Sport;Championnat;Exterieur;0-0
1958-59;;;Kenitra Athletic Club;Championnat;Exterieur;4-0
1958-59;;;Difaa Hassani Jadidi;Championnat;Exterieur;1-1
1958-59;;;Maghreb Association Sportive;Championnat;Exterieur;1-1
1958-59;;;Hassania Union Sport Agadir;Championnat;Exterieur;2-2
1958-59;;;Tihad Athletic Sport;Championnat;Exterieur;2-1
1958-59;;;Rachad de Meknes;Championnat;Exterieur;1-1
1959-60;;;Kenitra Athletic Club;Championnat;Exterieur;0-0
1959-60;;;Forces Armees Royales;Championnat;Exterieur;0-0
1959-60;;;Raja Club Athletic;Championnat;Exterieur;1-2
1959-60;;;Kenitra Athletic Club;Championnat;Domicile;1-2
1959-60;;;Forces Armees Royales;Championnat;Domicile;1-1
1959-60;;;Raja Club Athletic;Championnat;Domicile;0-0
1959-60;;;Fath Union Sport;Championnat;Domicile;1-1
1959-60;;;Mouloudia Club Oujda;Championnat;Domicile;2-1
1959-60;;;Maghreb Association Sportive;Championnat;Domicile;2-1
1959-60;;;Racing Athletic Club;Championnat;Domicile;3-0
1959-60;;;Kawkab Athletic Club de Marrakech;Championnat;Domicile;1-1
1959-60;;;Chabab Larache;Championnat;Domicile;3-1
1959-60;;;Etoile Jeunesse Sportive Casablanca;Championnat;Domicile;3-1
1959-60;;;Stade Marocain;Championnat;Domicile;2-0
1959-60;;;Difaa Hassani Jadidi;Championnat;Domicile;3-0
1959-60;;;Fath Union Sport;Championnat;Exterieur;0-0
1959-60;;;Mouloudia Club Oujda;Championnat;Exterieur;1-0
1959-60;;;Maghreb Association Sportive;Championnat;Exterieur;0-0
1959-60;;;Racing Athletic Club;Championnat;Exterieur;0-2
1959-60;;;Kawkab Athletic Club de Marrakech;Championnat;Exterieur;0-4
1959-60;;;Chabab Larache;Championnat;Exterieur;2-3
1959-60;;;Etoile Jeunesse Sportive Casablanca;Championnat;Exterieur;1-0
1959-60;;;Stade Marocain;Championnat;Exterieur;1-0
1959-60;;;Difaa Hassani Jadidi;Championnat;Exterieur;0-0
1959-60;;;Hassania Union Sport Agadir;Championnat;Exterieur;2-1
1960-61;;;Forces Armees Royales;Championnat;Exterieur;0-1
1960-61;;;Maghreb Association Sportive;Championnat;Exterieur;0-0
1960-61;;;Kawkab Athletic Club de Marrakech;Championnat;Exterieur;0-1
1960-61;;;Mouloudia Club Oujda;Championnat;Exterieur;1-0
1960-61;;;Raja Club Athletic;Championnat;Exterieur;0-2
1960-61;;;Racing Athletic Club;Championnat;Exterieur;1-2
1960-61;;;Forces Armees Royales;Championnat;Domicile;1-1
1960-61;;;Maghreb Association Sportive;Championnat;Domicile;2-0
1960-61;;;Kawkab Athletic Club de Marrakech;Championnat;Domicile;2-2
1960-61;;;Mouloudia Club Oujda;Championnat;Domicile;0-0
1960-61;;;Raja Club Athletic;Championnat;Domicile;0-0
1960-61;;;Racing Athletic Club;Championnat;Domicile;1-2
1960-61;;;Maghreb Athletic Tetouan;Championnat;Domicile;1-0
1960-61;;;Etoile Jeunesse Sportive Casablanca;Championnat;Domicile;1-1
1960-61;;;Kenitra Athletic Club;Championnat;Domicile;3-0
1960-61;;;Tihad Athletic Sport;Championnat;Domicile;0-1
1960-61;;;Hassania Union Sport Agadir;Championnat;Domicile;5-0
1960-61;;;Chabab Larache;Championnat;Domicile;2-0
1960-61;;;Fath Union Sport;Championnat;Domicile;1-1
1960-61;;;Maghreb Athletic Tetouan;Championnat;Exterieur;2-1
1960-61;;;Etoile Jeunesse Sportive Casablanca;Championnat;Exterieur;2-2
1960-61;;;Kenitra Athletic Club;Championnat;Exterieur;1-0
1960-61;;;Tihad Athletic Sport;Championnat;Exterieur;1-0
1960-61;;;Hassania Union Sport Agadir;Championnat;Exterieur;2-4
1960-61;;;Chabab Larache;Championnat;Exterieur;0-2
1960-61;;;Fath Union Sport;Championnat;Exterieur;1-2
1961-62;;;Forces Armees Royales;Championnat;Exterieur;2-1
1961-62;;;Racing Athletic Club;Championnat;Exterieur;0-1
1961-62;;;Mouloudia Club Oujda;Championnat;Exterieur;0-1
1961-62;;;Maghreb Association Sportive;Championnat;Exterieur;0-1
1961-62;;;Kawkab Athletic Club de Marrakech;Championnat;Exterieur;4-2
1961-62;;;Forces Armees Royales;Championnat;Domicile;1-2
1961-62;;;Racing Athletic Club;Championnat;Domicile;2-0
1961-62;;;Mouloudia Club Oujda;Championnat;Domicile;2-2
1961-62;;;Maghreb Association Sportive;Championnat;Domicile;0-0
1961-62;;;Kawkab Athletic Club de Marrakech;Championnat;Domicile;2-1
1961-62;;;Raja Club Athletic;Championnat;Domicile;0-1
1961-62;;;Maghreb Athletic Tetouan;Championnat;Domicile;0-0
1961-62;;;Kenitra Athletic Club;Championnat;Domicile;2-1
1961-62;;;Stade Marocain;Championnat;Domicile;1-0
1961-62;;;Hassania Union Sport Agadir;Championnat;Domicile;1-3
1961-62;;;Sporting Club Chabab de Mohammedia;Championnat;Domicile;1-1
1961-62;;;Etoile Jeunesse Sportive Casablanca;Championnat;Domicile;2-1
1961-62;;;Tihad Athletic Sport;Championnat;Domicile;1-0
1961-62;;;Raja Club Athletic;Championnat;Exterieur;1-0
1961-62;;;Maghreb Athletic Tetouan;Championnat;Exterieur;0-0
1961-62;;;Kenitra Athletic Club;Championnat;Exterieur;1-0
1961-62;;;Stade Marocain;Championnat;Exterieur;1-3
1961-62;;;Hassania Union Sport Agadir;Championnat;Exterieur;0-1
1961-62;;;Sporting Club Chabab de Mohammedia;Championnat;Exterieur;1-1
1961-62;;;Etoile Jeunesse Sportive Casablanca;Championnat;Exterieur;2-1
1961-62;;;Tihad Athletic Sport;Championnat;Exterieur;2-2
1962-63;;;Forces Armees Royales;Championnat;Exterieur;0-0
1962-63;;;Kawkab Athletic Club de Marrakech;Championnat;Exterieur;0-1
1962-63;;;Raja Club Athletic;Championnat;Exterieur;1-1
1962-63;;;Maghreb Association Sportive;Championnat;Exterieur;0-1
1962-63;;;Kenitra Athletic Club;Championnat;Exterieur;0-0
1962-63;;;Forces Armees Royales;Championnat;Domicile;1-1
1962-63;;;Kawkab Athletic Club de Marrakech;Championnat;Domicile;2-2
1962-63;;;Raja Club Athletic;Championnat;Domicile;0-1
1962-63;;;Maghreb Association Sportive;Championnat;Domicile;0-1
1962-63;;;Kenitra Athletic Club;Championnat;Domicile;2-0
1962-63;;;Racing Athletic Club;Championnat;Domicile;2-0
1962-63;;;Stade Marocain;Championnat;Domicile;1-0
1962-63;;;Hassania Union Sport Agadir;Championnat;Domicile;2-1
1962-63;;;Sporting Club Chabab de Mohammedia;Championnat;Domicile;0-1
1962-63;;;Fath Union Sport;Championnat;Domicile;3-1
1962-63;;;Mouloudia Club Oujda;Championnat;Domicile;2-1
1962-63;;;Maghreb Athletic Tetouan;Championnat;Domicile;0-0
1962-63;;;Ittihad Riadi de Tanger;Championnat;Domicile;2-1
1962-63;;;Racing Athletic Club;Championnat;Exterieur;2-0
1962-63;;;Stade Marocain;Championnat;Exterieur;0-1
1962-63;;;Hassania Union Sport Agadir;Championnat;Exterieur;0-1
1962-63;;;Sporting Club Chabab de Mohammedia;Championnat;Exterieur;2-1
1962-63;;;Fath Union Sport;Championnat;Exterieur;1-2
1962-63;;;Mouloudia Club Oujda;Championnat;Exterieur;1-2
1962-63;;;Maghreb Athletic Tetouan;Championnat;Exterieur;1-1
1962-63;;;Ittihad Riadi de Tanger;Championnat;Exterieur;1-1
1963-64;;;Forces Armees Royales;Championnat;Exterieur;0-0
1963-64;;;Stade Marocain;Championnat;Exterieur;0-1
1963-64;;;Sporting Club Chabab de Mohammedia;Championnat;Exterieur;1-3
1963-64;;;Mouloudia Club Oujda;Championnat;Exterieur;2-1
1963-64;;;Maghreb Association Sportive;Championnat;Exterieur;0-1
1963-64;;;Forces Armees Royales;Championnat;Domicile;1-1
1963-64;;;Stade Marocain;Championnat;Domicile;1-0
1963-64;;;Sporting Club Chabab de Mohammedia;Championnat;Domicile;1-1
1963-64;;;Mouloudia Club Oujda;Championnat;Domicile;0-0
1963-64;;;Maghreb Association Sportive;Championnat;Domicile;1-1
1963-64;;;Fath Union Sport;Championnat;Domicile;1-2
1963-64;;;Kenitra Athletic Club;Championnat;Domicile;1-1
1963-64;;;Raja Club Athletic;Championnat;Domicile;1-1
1963-64;;;Kawkab Athletic Club de Marrakech;Championnat;Domicile;2-0
1963-64;;;Hassania Union Sport Agadir;Championnat;Domicile;0-0
1963-64;;;Racing Athletic Club;Championnat;Domicile;1-1
1963-64;;;Etoile Jeunesse Sportive Casablanca;Championnat;Domicile;1-0
1963-64;;;Moghreb Sportif de Rabat;Championnat;Domicile;3-1
1963-64;;;Fath Union Sport;Championnat;Exterieur;2-2
1963-64;;;Kenitra Athletic Club;Championnat;Exterieur;1-3
1963-64;;;Raja Club Athletic;Championnat;Exterieur;1-0
1963-64;;;Kawkab Athletic Club de Marrakech;Championnat;Exterieur;1-2
1963-64;;;Hassania Union Sport Agadir;Championnat;Exterieur;2-1
1963-64;;;Racing Athletic Club;Championnat;Exterieur;1-2
1963-64;;;Etoile Jeunesse Sportive Casablanca;Championnat;Exterieur;0-0
1963-64;;;Moghreb Sportif de Rabat;Championnat;Exterieur;1-1
1964-65;;;Maghreb Association Sportive;Championnat;Exterieur;0-1
1964-65;;;Racing Athletic Club;Championnat;Exterieur;0-1
1964-65;;;Club Omnisport de Meknes;Championnat;Exterieur;0-1
1964-65;;;Forces Armees Royales;Championnat;Exterieur;1-1
1964-65;;;Maghreb Association Sportive;Championnat;Domicile;0-1
1964-65;;;Racing Athletic Club;Championnat;Domicile;2-3
1964-65;;;Club Omnisport de Meknes;Championnat;Domicile;2-0
1964-65;;;Forces Armees Royales;Championnat;Domicile;0-0
1964-65;;;Kawkab Athletic Club de Marrakech;Championnat;Domicile;1-1
1964-65;;;Fath Union Sport;Championnat;Domicile;2-0
1964-65;;;Tihad Athletic Sport;Championnat;Domicile;0-0
1964-65;;;Stade Marocain;Championnat;Domicile;1-1
1964-65;;;Sporting Club Chabab de Mohammedia;Championnat;Domicile;1-0
1964-65;;;Mouloudia Club Oujda;Championnat;Domicile;1-1
1964-65;;;Raja Club Athletic;Championnat;Domicile;2-1
1964-65;;;Hassania Union Sport Agadir;Championnat;Domicile;3-0
1964-65;;;Kenitra Athletic Club;Championnat;Domicile;1-0
1964-65;;;Kawkab Athletic Club de Marrakech;Championnat;Exterieur;0-1
1964-65;;;Fath Union Sport;Championnat;Exterieur;1-2
1964-65;;;Tihad Athletic Sport;Championnat;Exterieur;0-0
1964-65;;;Stade Marocain;Championnat;Exterieur;2-2
1964-65;;;Sporting Club Chabab de Mohammedia;Championnat;Exterieur;1-0
1964-65;;;Mouloudia Club Oujda;Championnat;Exterieur;1-0
1964-65;;;Raja Club Athletic;Championnat;Exterieur;1-1
1964-65;;;Hassania Union Sport Agadir;Championnat;Exterieur;2-2
1964-65;;;Kenitra Athletic Club;Championnat;Exterieur;2-1
1965-66;;;Raja Club Athletic;Championnat;Domicile;0-0
1965-66;;;Renaissance Sportive de Settat;Championnat;Domicile;1-0
1965-66;;;Sporting Club Chabab de Mohammedia;Championnat;Domicile;1-0
1965-66;;;Kawkab Athletic Club de Marrakech;Championnat;Domicile;1-0
1965-66;;;Tihad Athletic Sport;Championnat;Domicile;1-0
1965-66;;;Hassania Union Sport Agadir;Championnat;Domicile;3-1
1965-66;;;Stade Marocain;Championnat;Domicile;0-0
1965-66;;;Mouloudia Club Oujda;Championnat;Domicile;0-0
1965-66;;;Racing Athletic Club;Championnat;Domicile;2-1
1965-66;;;Maghreb Association Sportive;Championnat;Domicile;0-0
1965-66;;;Fath Union Sport;Championnat;Domicile;2-1
1965-66;;;Club Omnisport de Meknes;Championnat;Domicile;5-2
1965-66;;;Maghreb Athletic Tetouan;Championnat;Domicile;0-1
1965-66;;;Raja Club Athletic;Championnat;Exterieur;0-0
1965-66;;;Renaissance Sportive de Settat;Championnat;Exterieur;1-0
1965-66;;;Sporting Club Chabab de Mohammedia;Championnat;Exterieur;0-1
1965-66;;;Kawkab Athletic Club de Marrakech;Championnat;Exterieur;0-1
1965-66;;;Tihad Athletic Sport;Championnat;Exterieur;0-2
1965-66;;;Hassania Union Sport Agadir;Championnat;Exterieur;2-2
1965-66;;;Stade Marocain;Championnat;Exterieur;0-0
1965-66;;;Mouloudia Club Oujda;Championnat;Exterieur;1-2
1965-66;;;Racing Athletic Club;Championnat;Exterieur;2-0
1965-66;;;Maghreb Association Sportive;Championnat;Exterieur;0-2
1965-66;;;Fath Union Sport;Championnat;Exterieur;1-1
1965-66;;;Club Omnisport de Meknes;Championnat;Exterieur;1-1
1965-66;;;Maghreb Athletic Tetouan;Championnat;Exterieur;2-0
1966-67;;;AS Forces Armees Royales;Championnat;Exterieur;1-1
1966-67;;;Renaissance Sportive de Settat;Championnat;Exterieur;1-3
1966-67;;;Raja Club Athletic;Championnat;Exterieur;0-0
1966-67;;;AS Forces Armees Royales;Championnat;Domicile;0-0
1966-67;;;Renaissance Sportive de Settat;Championnat;Domicile;1-0
1966-67;;;Raja Club Athletic;Championnat;Domicile;0-0
1966-67;;;Stade Marocain;Championnat;Domicile;4-0
1966-67;;;Difaa Hassani Jadidi;Championnat;Domicile;4-1
1966-67;;;Tihad Athletic Sport;Championnat;Domicile;1-1
1966-67;;;Mouloudia Club Oujda;Championnat;Domicile;1-1
1966-67;;;Sporting Club Chabab de Mohammedia;Championnat;Domicile;1-0
1966-67;;;Maghreb Association Sportive;Championnat;Domicile;5-0
1966-67;;;Kenitra Athletic Club;Championnat;Domicile;0-0
1966-67;;;Fath Union Sport;Championnat;Domicile;0-0
1966-67;;;Kawkab Athletic Club de Marrakech;Championnat;Domicile;1-1
1966-67;;;Racing Athletic Club;Championnat;Domicile;1-1
1966-67;;;Raja Beni Mellal;Championnat;Domicile;1-0
1966-67;;;Hassania Union Sport Agadir;Championnat;Domicile;3-0
1966-67;;;Stade Marocain;Championnat;Exterieur;0-0
1966-67;;;Difaa Hassani Jadidi;Championnat;Exterieur;1-2
1966-67;;;Tihad Athletic Sport;Championnat;Exterieur;0-1
1966-67;;;Mouloudia Club Oujda;Championnat;Exterieur;1-0
1966-67;;;Sporting Club Chabab de Mohammedia;Championnat;Exterieur;1-1
1966-67;;;Maghreb Association Sportive;Championnat;Exterieur;0-0
1966-67;;;Kenitra Athletic Club;Championnat;Exterieur;1-1
1966-67;;;Fath Union Sport;Championnat;Exterieur;0-2
1966-67;;;Kawkab Athletic Club de Marrakech;Championnat;Exterieur;0-2
1966-67;;;Racing Athletic Club;Championnat;Exterieur;3-2
1966-67;;;Raja Beni Mellal;Championnat;Exterieur;1-1
1966-67;;;Hassania Union Sport Agadir;Championnat;Exterieur;2-2
1967-68;;;AS Forces Armees Royales;Championnat;Exterieur;0-1
1967-68;;;Renaissance Sportive de Settat;Championnat;Exterieur;0-1
1967-68;;;Raja Club Athletic;Championnat;Exterieur;0-0
1967-68;;;Union Sidi Kacem;Championnat;Exterieur;1-1
1967-68;;;Sporting Club Chabab de Mohammedia;Championnat;Exterieur;0-1
1967-68;;;Mouloudia Club Oujda;Championnat;Exterieur;1-1
1967-68;;;Kenitra Athletic Club;Championnat;Exterieur;1-2
1967-68;;;AS Forces Armees Royales;Championnat;Domicile;0-0
1967-68;;;Renaissance Sportive de Settat;Championnat;Domicile;1-0
1967-68;;;Raja Club Athletic;Championnat;Domicile;1-3
1967-68;;;Union Sidi Kacem;Championnat;Domicile;1-0
1967-68;;;Sporting Club Chabab de Mohammedia;Championnat;Domicile;3-2
1967-68;;;Mouloudia Club Oujda;Championnat;Domicile;2-0
1967-68;;;Kenitra Athletic Club;Championnat;Domicile;0-1
1967-68;;;Difaa Hassani Jadidi;Championnat;Domicile;2-3
1967-68;;;Maghreb Association Sportive;Championnat;Domicile;0-0
1967-68;;;Stade Marocain;Championnat;Domicile;1-1
1967-68;;;Association des Douanes Marocaines;Championnat;Domicile;0-0
1967-68;;;Tihad Athletic Sport;Championnat;Domicile;0-0
1967-68;;;Fath Union Sport;Championnat;Domicile;2-0
1967-68;;;Raja Beni Mellal;Championnat;Domicile;2-4
1967-68;;;Kawkab Athletic Club de Marrakech;Championnat;Domicile;1-0
1967-68;;;AS Barid Mohammedi de Rabat;Championnat;Domicile;2-0
1967-68;;;Hassania Union Sport Agadir;Championnat;Domicile;2-0
1967-68;;;Difaa Hassani Jadidi;Championnat;Exterieur;2-2
1967-68;;;Maghreb Association Sportive;Championnat;Exterieur;3-0
1967-68;;;Stade Marocain;Championnat;Exterieur;1-1
1967-68;;;Association des Douanes Marocaines;Championnat;Exterieur;0-0
1967-68;;;Tihad Athletic Sport;Championnat;Exterieur;1-0
1967-68;;;Fath Union Sport;Championnat;Exterieur;2-0
1967-68;;;Raja Beni Mellal;Championnat;Exterieur;0-1
1967-68;;;Kawkab Athletic Club de Marrakech;Championnat;Exterieur;0-1
1967-68;;;AS Barid Mohammedi de Rabat;Championnat;Exterieur;0-2
1967-68;;;Hassania Union Sport Agadir;Championnat;Exterieur;2-1
1968-69;;;Maghreb Association Sportive;Championnat;Domicile;0-0
1968-69;;;AS Forces Armees Royales;Championnat;Domicile;1-0
1968-69;;;Fath Union Sport;Championnat;Domicile;2-2
1968-69;;;Sporting Club Chabab de Mohammedia;Championnat;Domicile;2-0
1968-69;;;Mouloudia Club Oujda;Championnat;Domicile;2-1
1968-69;;;Union Sidi Kacem;Championnat;Domicile;2-0
1968-69;;;Kenitra Athletic Club;Championnat;Domicile;1-0
1968-69;;;Renaissance Sportive de Settat;Championnat;Domicile;4-1
1968-69;;;Association des Douanes Marocaines;Championnat;Domicile;2-1
1968-69;;;Difaa Hassani Jadidi;Championnat;Domicile;2-1
1968-69;;;Tihad Athletic Sport;Championnat;Domicile;2-0
1968-69;;;Raja Club Athletic;Championnat;Domicile;1-0
1968-69;;;Etoile Jeunesse Sportive Casablanca;Championnat;Domicile;1-1
1968-69;;;Stade Marocain;Championnat;Domicile;1-0
1968-69;;;Club Omnisport de Meknes;Championnat;Domicile;0-0
1968-69;;;Maghreb Association Sportive;Championnat;Exterieur;0-0
1968-69;;;AS Forces Armees Royales;Championnat;Exterieur;1-1
1968-69;;;Fath Union Sport;Championnat;Exterieur;2-1
1968-69;;;Sporting Club Chabab de Mohammedia;Championnat;Exterieur;1-0
1968-69;;;Mouloudia Club Oujda;Championnat;Exterieur;0-2
1968-69;;;Union Sidi Kacem;Championnat;Exterieur;1-1
1968-69;;;Kenitra Athletic Club;Championnat;Exterieur;0-1
1968-69;;;Renaissance Sportive de Settat;Championnat;Exterieur;1-1
1968-69;;;Association des Douanes Marocaines;Championnat;Exterieur;0-1
1968-69;;;Difaa Hassani Jadidi;Championnat;Exterieur;0-0
1968-69;;;Tihad Athletic Sport;Championnat;Exterieur;1-0
1968-69;;;Raja Club Athletic;Championnat;Exterieur;1-1
1968-69;;;Etoile Jeunesse Sportive Casablanca;Championnat;Exterieur;0-0
1968-69;;;Stade Marocain;Championnat;Exterieur;2-1
1968-69;;;Club Omnisport de Meknes;Championnat;Exterieur;1-0
1969-70;;;AS Forces Armees Royales;Championnat;Exterieur;0-0
1969-70;;;Union Sidi Kacem;Championnat;Exterieur;1-1
1969-70;;;Raja Club Athletic;Championnat;Exterieur;2-0
1969-70;;;Sporting Club Chabab de Mohammedia;Championnat;Exterieur;0-0
1969-70;;;AS Forces Armees Royales;Championnat;Domicile;0-1
1969-70;;;Union Sidi Kacem;Championnat;Domicile;3-1
1969-70;;;Raja Club Athletic;Championnat;Domicile;0-0
1969-70;;;Sporting Club Chabab de Mohammedia;Championnat;Domicile;0-1
1969-70;;;Maghreb Association Sportive;Championnat;Domicile;1-2
1969-70;;;Renaissance Sportive de Settat;Championnat;Domicile;0-0
1969-70;;;Fath Union Sport;Championnat;Domicile;0-1
1969-70;;;Difaa Hassani Jadidi;Championnat;Domicile;1-1
1969-70;;;Raja Beni Mellal;Championnat;Domicile;1-1
1969-70;;;Mouloudia Club Oujda;Championnat;Domicile;0-0
1969-70;;;Association des Douanes Marocaines;Championnat;Domicile;0-0
1969-70;;;Tihad Athletic Sport;Championnat;Domicile;1-0
1969-70;;;Kenitra Athletic Club;Championnat;Domicile;1-0
1969-70;;;Etoile Jeunesse Sportive Casablanca;Championnat;Domicile;1-0
1969-70;;;Association Sportive de Sale;Championnat;Domicile;1-0
1969-70;;;Maghreb Association Sportive;Championnat;Exterieur;1-1
1969-70;;;Renaissance Sportive de Settat;Championnat;Exterieur;1-2
1969-70;;;Fath Union Sport;Championnat;Exterieur;0-0
1969-70;;;Difaa Hassani Jadidi;Championnat;Exterieur;0-1
1969-70;;;Raja Beni Mellal;Championnat;Exterieur;0-1
1969-70;;;Mouloudia Club Oujda;Championnat;Exterieur;1-0
1969-70;;;Association des Douanes Marocaines;Championnat;Exterieur;1-1
1969-70;;;Tihad Athletic Sport;Championnat;Exterieur;1-2
1969-70;;;Kenitra Athletic Club;Championnat;Exterieur;1-0
1969-70;;;Etoile Jeunesse Sportive Casablanca;Championnat;Exterieur;2-0
1969-70;;;Association Sportive de Sale;Championnat;Exterieur;2-2
1970-71;;;Renaissance Sportive de Settat;Championnat;Exterieur;1-2
1970-71;;;AS Forces Armees Royales;Championnat;Exterieur;0-1
1970-71;;;Union Sidi Kacem;Championnat;Exterieur;1-3
1970-71;;;Sporting Club Chabab de Mohammedia;Championnat;Exterieur;1-1
1970-71;;;Raja Beni Mellal;Championnat;Exterieur;1-0
1970-71;;;Difaa Hassani Jadidi;Championnat;Exterieur;0-2
1970-71;;;Renaissance Sportive de Settat;Championnat;Domicile;0-0
1970-71;;;AS Forces Armees Royales;Championnat;Domicile;1-0
1970-71;;;Union Sidi Kacem;Championnat;Domicile;2-1
1970-71;;;Sporting Club Chabab de Mohammedia;Championnat;Domicile;0-0
1970-71;;;Raja Beni Mellal;Championnat;Domicile;0-1
1970-71;;;Difaa Hassani Jadidi;Championnat;Domicile;0-0
1970-71;;;Fath Union Sport;Championnat;Domicile;0-0
1970-71;;;Maghreb Association Sportive;Championnat;Domicile;1-3
1970-71;;;Kenitra Athletic Club;Championnat;Domicile;1-0
1970-71;;;Raja Club Athletic;Championnat;Domicile;0-0
1970-71;;;Association des Douanes Marocaines;Championnat;Domicile;1-0
1970-71;;;Mouloudia Club Oujda;Championnat;Domicile;0-0
1970-71;;;Kawkab Athletic Club de Marrakech;Championnat;Domicile;0-0
1970-71;;;Tihad Athletic Sport;Championnat;Domicile;0-0
1970-71;;;Moghreb Athletic de Tetouan;Championnat;Domicile;0-0
1970-71;;;Fath Union Sport;Championnat;Exterieur;3-2
1970-71;;;Maghreb Association Sportive;Championnat;Exterieur;0-0
1970-71;;;Kenitra Athletic Club;Championnat;Exterieur;0-1
1970-71;;;Raja Club Athletic;Championnat;Exterieur;0-0
1970-71;;;Association des Douanes Marocaines;Championnat;Exterieur;2-0
1970-71;;;Mouloudia Club Oujda;Championnat;Exterieur;0-2
1970-71;;;Kawkab Athletic Club de Marrakech;Championnat;Exterieur;0-0
1970-71;;;Tihad Athletic Sport;Championnat;Exterieur;1-0
1970-71;;;Moghreb Athletic de Tetouan;Championnat;Exterieur;1-1
1971-72;;;Association des Douanes Marocaines (Casablanca);Championnat;Exterieur;2-0
1971-72;;;Association des Douanes Marocaines (Casablanca);Championnat;Domicile;1-1
1971-72;;;Maghreb Association Sportive (Fu00e8s);Championnat;Domicile;0-1
1971-72;;;AS Forces Armu00e9es Royales (Rabat);Championnat;Domicile;2-1
1971-72;;;Difaa Hassani Jadidi;Championnat;Domicile;2-2
1971-72;;;Renaissance Sportive de Settat;Championnat;Domicile;1-0
1971-72;;;Ku00e9nitra Athletic Club;Championnat;Domicile;0-1
1971-72;;;Mouloudia Club Oujda;Championnat;Domicile;3-1
1971-72;;;Fath Union Sport (Rabat);Championnat;Domicile;1-1
1971-72;;;Raja Club Athletic (Casablanca);Championnat;Domicile;1-1
1971-72;;;Sporting Club Chabab de Mohammu00e9dia;Championnat;Domicile;0-0
1971-72;;;Raja Beni Mellal;Championnat;Domicile;5-3
1971-72;;;Union Sidi Kacem;Championnat;Domicile;1-0
1971-72;;;Youssoufia Club de Rabat;Championnat;Domicile;2-1
1971-72;;;Hassania Union Sport d'Agadir;Championnat;Domicile;1-1
1971-72;;;Kawkab Athletic Club de Marrakech;Championnat;Domicile;2-0
1971-72;;;Maghreb Association Sportive (Fu00e8s);Championnat;Exterieur;1-1
1971-72;;;AS Forces Armu00e9es Royales (Rabat);Championnat;Exterieur;0-0
1971-72;;;Difaa Hassani Jadidi;Championnat;Exterieur;0-1
1971-72;;;Renaissance Sportive de Settat;Championnat;Exterieur;2-1
1971-72;;;Ku00e9nitra Athletic Club;Championnat;Exterieur;2-0
1971-72;;;Mouloudia Club Oujda;Championnat;Exterieur;1-3
1971-72;;;Fath Union Sport (Rabat);Championnat;Exterieur;1-0
1971-72;;;Raja Club Athletic (Casablanca);Championnat;Exterieur;0-0
1971-72;;;Sporting Club Chabab de Mohammu00e9dia;Championnat;Exterieur;4-2
1971-72;;;Raja Beni Mellal;Championnat;Exterieur;1-1
1971-72;;;Union Sidi Kacem;Championnat;Exterieur;0-1
1971-72;;;Youssoufia Club de Rabat;Championnat;Exterieur;1-1
1971-72;;;Hassania Union Sport d'Agadir;Championnat;Exterieur;2-1
1971-72;;;Kawkab Athletic Club de Marrakech;Championnat;Exterieur;0-0
1972-73;;;Ku00e9nitra Athletic Club;Championnat;Exterieur;0-2
1972-73;;;Maghreb Association Sportive (Fu00e8s);Championnat;Exterieur;0-1
1972-73;;;Raja Club Athletic (Casablanca);Championnat;Exterieur;0-1
1972-73;;;Difaa Hassani Jadidi;Championnat;Exterieur;0-1
1972-73;;;Renaissance Sportive de Settat;Championnat;Exterieur;0-0
1972-73;;;Tihad Athlu00e9tique Sport (Casablanca);Championnat;Exterieur;1-0
1972-73;;;Fath Union Sport (Rabat);Championnat;Exterieur;0-1
1972-73;;;Mouloudia Club Oujda;Championnat;Exterieur;0-1
1972-73;;;Ku00e9nitra Athletic Club;Championnat;Domicile;2-0
1972-73;;;Maghreb Association Sportive (Fu00e8s);Championnat;Domicile;1-0
1972-73;;;Raja Club Athletic (Casablanca);Championnat;Domicile;1-0
1972-73;;;Difaa Hassani Jadidi;Championnat;Domicile;0-0
1972-73;;;Renaissance Sportive de Settat;Championnat;Domicile;4-1
1972-73;;;Tihad Athlu00e9tique Sport (Casablanca);Championnat;Domicile;1-1
1972-73;;;Fath Union Sport (Rabat);Championnat;Domicile;1-0
1972-73;;;Mouloudia Club Oujda;Championnat;Domicile;2-0
1972-73;;;Ittihad Zemmouri de Khu00e9misset;Championnat;Domicile;2-2
1972-73;;;Sporting Club Chabab de Mohammu00e9dia;Championnat;Domicile;1-1
1972-73;;;AS Forces Armu00e9es Royales (Rabat);Championnat;Domicile;1-2
1972-73;;;Union Sidi Kacem;Championnat;Domicile;1-1
1972-73;;;Raja Beni Mellal;Championnat;Domicile;1-1
1972-73;;;Association des Douanes Marocaines (Casablanca);Championnat;Domicile;0-1
1972-73;;;Youssoufia Club de Rabat;Championnat;Domicile;3-1
1972-73;;;Ittihad Zemmouri de Khu00e9misset;Championnat;Exterieur;0-0
1972-73;;;Sporting Club Chabab de Mohammu00e9dia;Championnat;Exterieur;0-0
1972-73;;;AS Forces Armu00e9es Royales (Rabat);Championnat;Exterieur;0-0
1972-73;;;Union Sidi Kacem;Championnat;Exterieur;2-1
1972-73;;;Raja Beni Mellal;Championnat;Exterieur;0-0
1972-73;;;Association des Douanes Marocaines (Casablanca);Championnat;Exterieur;1-2
1972-73;;;Youssoufia Club de Rabat;Championnat;Exterieur;1-1
1973-74;;;Raja Beni Mellal;Championnat;Exterieur;0-0
1973-74;;;Raja Club Athletic (Casablanca);Championnat;Exterieur;0-1
1973-74;;;Difaa Hassani Jadidi;Championnat;Exterieur;1-1
1973-74;;;Mouloudia Club Oujda;Championnat;Exterieur;0-1
1973-74;;;Raja Beni Mellal;Championnat;Domicile;0-1
1973-74;;;Raja Club Athletic (Casablanca);Championnat;Domicile;0-0
1973-74;;;Difaa Hassani Jadidi;Championnat;Domicile;1-0
1973-74;;;Mouloudia Club Oujda;Championnat;Domicile;1-0
1973-74;;;Union Sidi Kacem;Championnat;Domicile;2-0
1973-74;;;Sporting Club Chabab de Mohammu00e9dia;Championnat;Domicile;1-1
1973-74;;;Tihad Athlu00e9tique Sport (Casablanca);Championnat;Domicile;1-3
1973-74;;;AS Forces Armu00e9es Royales (Rabat);Championnat;Domicile;2-2
1973-74;;;Fath Union Sport (Rabat);Championnat;Domicile;0-0
1973-74;;;Maghreb Association Sportive (Fu00e8s);Championnat;Domicile;1-0
1973-74;;;Renaissance Sportive de Settat;Championnat;Domicile;0-0
1973-74;;;Kawkab Athlu00e9tique Club de Marrakech;Championnat;Domicile;0-0
1973-74;;;Association Sportive de Salu00e9;Championnat;Domicile;1-0
1973-74;;;Ittihad Zemmouri de Khu00e9misset;Championnat;Domicile;0-0
1973-74;;;Ku00e9nitra Athletic Club;Championnat;Domicile;2-2
1973-74;;;Union Sidi Kacem;Championnat;Exterieur;0-0
1973-74;;;Sporting Club Chabab de Mohammu00e9dia;Championnat;Exterieur;0-1
1973-74;;;Tihad Athlu00e9tique Sport (Casablanca);Championnat;Exterieur;1-1
1973-74;;;AS Forces Armu00e9es Royales (Rabat);Championnat;Exterieur;1-1
1973-74;;;Fath Union Sport (Rabat);Championnat;Exterieur;1-1
1973-74;;;Maghreb Association Sportive (Fu00e8s);Championnat;Exterieur;0-0
1973-74;;;Renaissance Sportive de Settat;Championnat;Exterieur;1-0
1973-74;;;Kawkab Athlu00e9tique Club de Marrakech;Championnat;Exterieur;1-0
1973-74;;;Association Sportive de Salu00e9;Championnat;Exterieur;0-1
1973-74;;;Ittihad Zemmouri de Khu00e9misset;Championnat;Exterieur;0-2
1973-74;;;Ku00e9nitra Athletic Club;Championnat;Exterieur;2-1
1974-75;;;Mouloudia Club Oujda;Championnat;Exterieur;1-1
1974-75;;;Maghreb Association Sportive (Fu00e8s);Championnat;Exterieur;0-0
1974-75;;;Raja Club Athletic (Casablanca);Championnat;Exterieur;0-0
1974-75;;;Association Sportive de Salu00e9;Championnat;Exterieur;1-1
1974-75;;;Fath Union Sport (Rabat);Championnat;Exterieur;0-3
1974-75;;;Difaa Hassani Jadidi;Championnat;Exterieur;1-1
1974-75;;;Sporting Club Chabab de Mohammu00e9dia;Championnat;Exterieur;1-3
1974-75;;;Tihad Athlu00e9tique Sport (Casablanca);Championnat;Exterieur;1-1
1974-75;;;Mouloudia Club Oujda;Championnat;Domicile;1-0
1974-75;;;Maghreb Association Sportive (Fu00e8s);Championnat;Domicile;1-0
1974-75;;;Raja Club Athletic (Casablanca);Championnat;Domicile;1-1
1974-75;;;Association Sportive de Salu00e9;Championnat;Domicile;3-1
1974-75;;;Fath Union Sport (Rabat);Championnat;Domicile;0-2
1974-75;;;Difaa Hassani Jadidi;Championnat;Domicile;2-0
1974-75;;;Sporting Club Chabab de Mohammu00e9dia;Championnat;Domicile;2-0
1974-75;;;Tihad Athlu00e9tique Sport (Casablanca);Championnat;Domicile;1-1
1974-75;;;Renaissance Sportive de Settat;Championnat;Domicile;0-0
1974-75;;;Union Sidi Kacem;Championnat;Domicile;1-0
1974-75;;;AS Forces Armu00e9es Royales (Rabat);Championnat;Domicile;1-0
1974-75;;;Raja Beni Mellal;Championnat;Domicile;2-1
1974-75;;;Moghreb Athlu00e9tic de Tu00e9touan;Championnat;Domicile;0-0
1974-75;;;Raja Cercle Municipalitu00e9 d'Agadir;Championnat;Domicile;1-2
1974-75;;;Kawkab Athlu00e9tique Club de Marrakech;Championnat;Domicile;0-1
1974-75;;;Renaissance Sportive de Settat;Championnat;Exterieur;1-2
1974-75;;;Union Sidi Kacem;Championnat;Exterieur;1-0
1974-75;;;AS Forces Armu00e9es Royales (Rabat);Championnat;Exterieur;0-2
1974-75;;;Raja Beni Mellal;Championnat;Exterieur;2-0
1974-75;;;Moghreb Athlu00e9tic de Tu00e9touan;Championnat;Exterieur;1-1
1974-75;;;Raja Cercle Municipalitu00e9 d'Agadir;Championnat;Exterieur;1-1
1974-75;;;Kawkab Athlu00e9tique Club de Marrakech;Championnat;Exterieur;1-1
1975-76;;;Difaa Hassani Jadidi;Championnat;Domicile;2-0
1975-76;;;Raja Club Athletic (Casablanca);Championnat;Domicile;1-1
1975-76;;;Sporting Club Chabab de Mohammu00e9dia;Championnat;Domicile;2-1
1975-76;;;Fath Union Sport (Rabat);Championnat;Domicile;2-1
1975-76;;;Association Sportive de Salu00e9;Championnat;Domicile;3-0
1975-76;;;Maghreb Association Sportive (Fu00e8s);Championnat;Domicile;3-1
1975-76;;;Renaissance Sportive de Settat;Championnat;Domicile;4-1
1975-76;;;Tihad Athlu00e9tique Sport (Casablanca);Championnat;Domicile;5-1
1975-76;;;Club Omnisports de Meknu00e8s;Championnat;Domicile;3-0
1975-76;;;AS Forces Armu00e9es Royales (Rabat);Championnat;Domicile;3-0
1975-76;;;Mouloudia Club Oujda;Championnat;Domicile;3-0
1975-76;;;Union Sidi Kacem;Championnat;Domicile;3-1
1975-76;;;Moghreb Athlu00e9tic de Tu00e9touan;Championnat;Domicile;1-0
1975-76;;;Raja Beni Mellal;Championnat;Domicile;1-0
1975-76;;;Kawkab Athlu00e9tique Club de Marrakech;Championnat;Domicile;4-1
1975-76;;;Difaa Hassani Jadidi;Championnat;Exterieur;0-2
1975-76;;;Raja Club Athletic (Casablanca);Championnat;Exterieur;0-0
1975-76;;;Sporting Club Chabab de Mohammu00e9dia;Championnat;Exterieur;1-1
1975-76;;;Fath Union Sport (Rabat);Championnat;Exterieur;3-1
1975-76;;;Association Sportive de Salu00e9;Championnat;Exterieur;0-0
1975-76;;;Maghreb Association Sportive (Fu00e8s);Championnat;Exterieur;2-3
1975-76;;;Renaissance Sportive de Settat;Championnat;Exterieur;1-1
1975-76;;;Tihad Athlu00e9tique Sport (Casablanca);Championnat;Exterieur;2-1
1975-76;;;Club Omnisports de Meknu00e8s;Championnat;Exterieur;0-1
1975-76;;;AS Forces Armu00e9es Royales (Rabat);Championnat;Exterieur;0-0
1975-76;;;Mouloudia Club Oujda;Championnat;Exterieur;0-1
1975-76;;;Union Sidi Kacem;Championnat;Exterieur;1-1
1975-76;;;Moghreb Athlu00e9tic de Tu00e9touan;Championnat;Exterieur;1-1
1975-76;;;Raja Beni Mellal;Championnat;Exterieur;0-1
1975-76;;;Kawkab Athlu00e9tique Club de Marrakech;Championnat;Exterieur;1-0
1976-77;;;Ku00e9nitra Athlu00e9tic Club;Championnat;Domicile;3-1
1976-77;;;Mouloudia Club Oujda;Championnat;Domicile;0-0
1976-77;;;Raja Club Athletic (Casablanca);Championnat;Domicile;2-3
1976-77;;;Maghreb Association Sportive (Fu00e8s);Championnat;Domicile;1-0
1976-77;;;Association Sportive de Salu00e9;Championnat;Domicile;2-2
1976-77;;;AS Forces Armu00e9es Royales (Rabat);Championnat;Domicile;3-1
1976-77;;;Difaa Hassani Jadidi;Championnat;Domicile;2-1
1976-77;;;Fath Union Sport (Rabat);Championnat;Domicile;5-1
1976-77;;;Club Omnisports de Meknu00e8s;Championnat;Domicile;2-2
1976-77;;;Sporting Club Chabab de Mohammu00e9dia;Championnat;Domicile;3-1
1976-77;;;Renaissance Sportive de Settat;Championnat;Domicile;1-0
1976-77;;;Tihad Athlu00e9tique Sport (Casablanca);Championnat;Domicile;3-0
1976-77;;;u00c9toile Jeunesse Sportive Casablanca;Championnat;Domicile;3-1
1976-77;;;Union Sidi Kacem;Championnat;Domicile;4-1
1976-77;;;Moghreb Athlu00e9tic de Tu00e9touan;Championnat;Domicile;5-1
1976-77;;;Ku00e9nitra Athlu00e9tic Club;Championnat;Exterieur;0-1
1976-77;;;Mouloudia Club Oujda;Championnat;Exterieur;0-1
1976-77;;;Raja Club Athletic (Casablanca);Championnat;Exterieur;1-1
1976-77;;;Maghreb Association Sportive (Fu00e8s);Championnat;Exterieur;1-1
1976-77;;;Association Sportive de Salu00e9;Championnat;Exterieur;1-1
1976-77;;;AS Forces Armu00e9es Royales (Rabat);Championnat;Exterieur;0-2
1976-77;;;Difaa Hassani Jadidi;Championnat;Exterieur;2-1
1976-77;;;Fath Union Sport (Rabat);Championnat;Exterieur;0-0
1976-77;;;Club Omnisports de Meknu00e8s;Championnat;Exterieur;0-0
1976-77;;;Sporting Club Chabab de Mohammu00e9dia;Championnat;Exterieur;0-0
1976-77;;;Renaissance Sportive de Settat;Championnat;Exterieur;0-1
1976-77;;;Tihad Athlu00e9tique Sport (Casablanca);Championnat;Exterieur;3-1
1976-77;;;u00c9toile Jeunesse Sportive Casablanca;Championnat;Exterieur;2-1
1976-77;;;Union Sidi Kacem;Championnat;Exterieur;1-1
1976-77;;;Moghreb Athlu00e9tic de Tu00e9touan;Championnat;Exterieur;0-0
1977-78;;;Maghreb Association Sportive (Fu00e8s);Championnat;Domicile;2-2
1977-78;;;Sporting Club Chabab de Mohammu00e9dia;Championnat;Domicile;2-2
1977-78;;;Club Omnisports de Meknu00e8s;Championnat;Domicile;1-0
1977-78;;;Raja Club Athletic (Casablanca);Championnat;Domicile;1-1
1977-78;;;Ku00e9nitra Athlu00e9tic Club;Championnat;Domicile;2-1
1977-78;;;Association Sportive de Salu00e9;Championnat;Domicile;0-0
1977-78;;;Fath Union Sport (Rabat);Championnat;Domicile;1-0
1977-78;;;AS Forces Armu00e9es Royales (Rabat);Championnat;Domicile;1-0
1977-78;;;u00c9toile Jeunesse Sportive Casablanca;Championnat;Domicile;1-1
1977-78;;;Mouloudia Club Oujda;Championnat;Domicile;2-1
1977-78;;;Difaa Hassani Jadidi;Championnat;Domicile;3-0
1977-78;;;Raja Beni Mellal;Championnat;Domicile;3-0
1977-78;;;Renaissance Sportive de Settat;Championnat;Domicile;1-1
1977-78;;;Tihad Athlu00e9tique Sport (Casablanca);Championnat;Domicile;3-1
1977-78;;;Renaissance Sportive de Berkane;Championnat;Domicile;4-0
1977-78;;;Maghreb Association Sportive (Fu00e8s);Championnat;Exterieur;0-0
1977-78;;;Sporting Club Chabab de Mohammu00e9dia;Championnat;Exterieur;1-0
1977-78;;;Club Omnisports de Meknu00e8s;Championnat;Exterieur;1-0
1977-78;;;Raja Club Athletic (Casablanca);Championnat;Exterieur;2-2
1977-78;;;Ku00e9nitra Athlu00e9tic Club;Championnat;Exterieur;2-1
1977-78;;;Association Sportive de Salu00e9;Championnat;Exterieur;1-1
1977-78;;;Fath Union Sport (Rabat);Championnat;Exterieur;2-2
1977-78;;;AS Forces Armu00e9es Royales (Rabat);Championnat;Exterieur;1-1
1977-78;;;u00c9toile Jeunesse Sportive Casablanca;Championnat;Exterieur;1-0
1977-78;;;Mouloudia Club Oujda;Championnat;Exterieur;0-0
1977-78;;;Difaa Hassani Jadidi;Championnat;Exterieur;0-0
1977-78;;;Raja Beni Mellal;Championnat;Exterieur;0-2
1977-78;;;Renaissance Sportive de Settat;Championnat;Exterieur;1-0
1977-78;;;Tihad Athlu00e9tique Sport (Casablanca);Championnat;Exterieur;2-1
1977-78;;;Renaissance Sportive de Berkane;Championnat;Exterieur;1-0
1978-79;;;Maghreb Association Sportive (Fu00e8s);Championnat;Exterieur;1-3
1978-79;;;Ku00e9nitra Athlu00e9tic Club;Championnat;Exterieur;0-5
1978-79;;;Maghreb Association Sportive (Fu00e8s);Championnat;Domicile;1-0
1978-79;;;Ku00e9nitra Athlu00e9tic Club;Championnat;Domicile;3-1
1978-79;;;Mouloudia Club Oujda;Championnat;Domicile;3-1
1978-79;;;Association Sportive de Salu00e9;Championnat;Domicile;1-0
1978-79;;;Difaa Hassani Jadidi;Championnat;Domicile;1-1
1978-79;;;Fath Union Sport (Rabat);Championnat;Domicile;1-0
1978-79;;;Raja Beni Mellal;Championnat;Domicile;0-0
1978-79;;;AS Forces Armu00e9es Royales (Rabat);Championnat;Domicile;2-1
1978-79;;;Raja Club Athletic (Casablanca);Championnat;Domicile;0-0
1978-79;;;Club Omnisports de Meknu00e8s;Championnat;Domicile;2-1
1978-79;;;Sporting Club Chabab de Mohammu00e9dia;Championnat;Domicile;1-1
1978-79;;;Union Sidi Kacem;Championnat;Domicile;2-0
1978-79;;;u00c9toile Jeunesse Sportive Casablanca;Championnat;Domicile;1-1
1978-79;;;Kawkab Athlu00e9tique Club de Marrakech;Championnat;Domicile;3-0
1978-79;;;Renaissance Sportive de Settat;Championnat;Domicile;1-1
1978-79;;;Mouloudia Club Oujda;Championnat;Exterieur;3-4
1978-79;;;Association Sportive de Salu00e9;Championnat;Exterieur;0-2
1978-79;;;Difaa Hassani Jadidi;Championnat;Exterieur;1-0
1978-79;;;Fath Union Sport (Rabat);Championnat;Exterieur;0-0
1978-79;;;Raja Beni Mellal;Championnat;Exterieur;1-2
1978-79;;;AS Forces Armu00e9es Royales (Rabat);Championnat;Exterieur;0-0
1978-79;;;Raja Club Athletic (Casablanca);Championnat;Exterieur;1-0
1978-79;;;Club Omnisports de Meknu00e8s;Championnat;Exterieur;0-1
1978-79;;;Sporting Club Chabab de Mohammu00e9dia;Championnat;Exterieur;1-0
1978-79;;;Union Sidi Kacem;Championnat;Exterieur;0-0
1978-79;;;u00c9toile Jeunesse Sportive Casablanca;Championnat;Exterieur;2-0
1978-79;;;Kawkab Athlu00e9tique Club de Marrakech;Championnat;Exterieur;1-0
1978-79;;;Renaissance Sportive de Settat;Championnat;Exterieur;0-1
1979-80;;;Sporting Club Chabab de Mohammu00e9dia;Championnat;Exterieur;1-1
1979-80;;;Sporting Club Chabab de Mohammu00e9dia;Championnat;Domicile;2-0
1979-80;;;Union Sportive Mohammu00e9dia;Championnat;Domicile;0-0
1979-80;;;Fath Union Sport (Rabat);Championnat;Domicile;3-1
1979-80;;;Ku00e9nitra Athlu00e9tic Club;Championnat;Domicile;1-1
1979-80;;;Maghreb Association Sportive (Fu00e8s);Championnat;Domicile;2-1
1979-80;;;Mouloudia Club Oujda;Championnat;Domicile;4-1
1979-80;;;Raja Beni Mellal;Championnat;Domicile;4-1
1979-80;;;Raja Club Athletic (Casablanca);Championnat;Domicile;0-2
1979-80;;;Association Sportive de Salu00e9;Championnat;Domicile;0-0
1979-80;;;Difaa Hassani Jadidi;Championnat;Domicile;2-0
1979-80;;;AS Forces Armu00e9es Royales (Rabat);Championnat;Domicile;4-1
1979-80;;;Moghreb Athlu00e9tic de Tu00e9touan;Championnat;Domicile;2-1
1979-80;;;Club Omnisports de Meknu00e8s;Championnat;Domicile;1-1
1979-80;;;Union Sidi Kacem;Championnat;Domicile;0-0
1979-80;;;Kawkab Athlu00e9tique Club de Marrakech;Championnat;Domicile;1-1
1979-80;;;Union Sportive Mohammu00e9dia;Championnat;Exterieur;1-1
1979-80;;;Fath Union Sport (Rabat);Championnat;Exterieur;0-0
1979-80;;;Ku00e9nitra Athlu00e9tic Club;Championnat;Exterieur;1-1
1979-80;;;Maghreb Association Sportive (Fu00e8s);Championnat;Exterieur;0-1
1979-80;;;Mouloudia Club Oujda;Championnat;Exterieur;0-1
1979-80;;;Raja Beni Mellal;Championnat;Exterieur;1-1
1979-80;;;Raja Club Athletic (Casablanca);Championnat;Exterieur;2-1
1979-80;;;Association Sportive de Salu00e9;Championnat;Exterieur;1-3
1979-80;;;Difaa Hassani Jadidi;Championnat;Exterieur;0-0
1979-80;;;AS Forces Armu00e9es Royales (Rabat);Championnat;Exterieur;0-3
1979-80;;;Moghreb Athlu00e9tic de Tu00e9touan;Championnat;Exterieur;0-0
1979-80;;;Club Omnisports de Meknu00e8s;Championnat;Exterieur;1-0
1979-80;;;Union Sidi Kacem;Championnat;Exterieur;2-0
1979-80;;;Kawkab Athlu00e9tique Club de Marrakech;Championnat;Exterieur;2-1
1980-81;;;Ku00e9nitra Athlu00e9tic Club;Championnat;Exterieur;2-1
1980-81;;;Fath Union Sport (Rabat);Championnat;Exterieur;1-0
1980-81;;;Raja Club Athletic (Casablanca);Championnat;Exterieur;0-1
1980-81;;;Ku00e9nitra Athlu00e9tic Club;Championnat;Domicile;1-0
1980-81;;;Fath Union Sport (Rabat);Championnat;Domicile;0-0
1980-81;;;Raja Club Athletic (Casablanca);Championnat;Domicile;1-2
1980-81;;;COD;Championnat;Domicile;0-1
1980-81;;;Sporting Club Chabab de Mohammédia;Championnat;Domicile;2-0
1980-81;;;Mouloudia Club Oujda;Championnat;Domicile;3-1
1980-81;;;Renaissance Sportive de Settat;Championnat;Domicile;0-0
1980-81;;;AS Forces Armu00e9es Royales (Rabat);Championnat;Domicile;0-3
1980-81;;;Maghreb Association Sportive (Fu00e8s);Championnat;Domicile;3-0
1980-81;;;Difaa Hassani Jadidi;Championnat;Domicile;1-0
1980-81;;;Union Sportive Mohammu00e9dia;Championnat;Domicile;2-2
1980-81;;;Association Sportive de Salu00e9;Championnat;Domicile;3-1
1980-81;;;Ittihad Riadi Fkih Ben Salah;Championnat;Domicile;1-1
1980-81;;;Renaissance Sportive Berkane;Championnat;Domicile;0-1
1980-81;;;Union Sidi Kacem;Championnat;Domicile;2-0
1980-81;;;Mouloudia Club de Marrakech;Championnat;Domicile;1-0
1980-81;;;Raja Beni Mellal;Championnat;Domicile;4-2
1980-81;;;Moghreb Athlu00e9tic de Tu00e9touan;Championnat;Domicile;1-0
1980-81;;;Union Touarga Sport;Championnat;Domicile;1-0
1980-81;;;Club Omnisports de Meknu00e8s;Championnat;Exterieur;1-2
1980-81;;;Sporting Club Chabab de Mohammu00e9dia;Championnat;Exterieur;2-1
1980-81;;;Mouloudia Club Oujda;Championnat;Exterieur;0-1
1980-81;;;Renaissance Sportive de Settat;Championnat;Exterieur;0-0
1980-81;;;AS Forces Armu00e9es Royales (Rabat);Championnat;Exterieur;0-0
1980-81;;;Maghreb Association Sportive (Fu00e8s);Championnat;Exterieur;0-1
1980-81;;;Difaa Hassani Jadidi;Championnat;Exterieur;1-1
1980-81;;;Union Sportive Mohammu00e9dia;Championnat;Exterieur;0-1
1980-81;;;Association Sportive de Salu00e9;Championnat;Exterieur;1-1
1980-81;;;Ittihad Riadi Fkih Ben Salah;Championnat;Exterieur;1-2
1980-81;;;Renaissance Sportive Berkane;Championnat;Exterieur;1-2
1980-81;;;Union Sidi Kacem;Championnat;Exterieur;0-0
1980-81;;;Mouloudia Club de Marrakech;Championnat;Exterieur;2-0
1980-81;;;Raja Beni Mellal;Championnat;Exterieur;2-0
1980-81;;;Moghreb Athlu00e9tic de Tu00e9touan;Championnat;Exterieur;0-2
1980-81;;;Union Touarga Sport;Championnat;Exterieur;3-1
1981-82;;;Ku00e9nitra Athlu00e9tic Club;Championnat;Exterieur;1-4
1981-82;;;Ku00e9nitra Athlu00e9tic Club;Championnat;Domicile;4-0
1981-82;;;Fath Union Sport (Rabat);Championnat;Domicile;0-0
1981-82;;;Club Omnisports de Meknu00e8s;Championnat;Domicile;2-0
1981-82;;;Raja Club Athletic (Casablanca);Championnat;Domicile;1-0
1981-82;;;AS Forces Armu00e9es Royales (Rabat);Championnat;Domicile;2-2
1981-82;;;Difaa Hassani Jadidi;Championnat;Domicile;1-2
1981-82;;;Maghreb Association Sportive (Fu00e8s);Championnat;Domicile;0-1
1981-82;;;Renaissance Sportive Berkane;Championnat;Domicile;3-1
1981-82;;;Renaissance Sportive de Settat;Championnat;Domicile;2-0
1981-82;;;Renaissance Sportive de Ku00e9nitra;Championnat;Domicile;1-1
1981-82;;;Sporting Club Chabab de Mohammu00e9dia;Championnat;Domicile;1-2
1981-82;;;Ittihad Riadi Fkih Ben Salah;Championnat;Domicile;2-1
1981-82;;;Mouloudia Club Oujda;Championnat;Domicile;2-0
1981-82;;;Association Sportive de Salu00e9;Championnat;Domicile;4-0
1981-82;;;Union Sportive Mohammu00e9dia;Championnat;Domicile;4-2
1981-82;;;Union Sidi Kacem;Championnat;Domicile;1-0
1981-82;;;Hassania Union Sport d'Agadir;Championnat;Domicile;0-0
1981-82;;;Fath Union Sport (Rabat);Championnat;Exterieur;1-1
1981-82;;;Club Omnisports de Meknu00e8s;Championnat;Exterieur;0-2
1981-82;;;Raja Club Athletic (Casablanca);Championnat;Exterieur;0-0
1981-82;;;AS Forces Armu00e9es Royales (Rabat);Championnat;Exterieur;1-1
1981-82;;;Difaa Hassani Jadidi;Championnat;Exterieur;0-0
1981-82;;;Maghreb Association Sportive (Fu00e8s);Championnat;Exterieur;0-0
1981-82;;;Renaissance Sportive Berkane;Championnat;Exterieur;3-1
1981-82;;;Renaissance Sportive de Settat;Championnat;Exterieur;0-4
1981-82;;;Renaissance Sportive de Ku00e9nitra;Championnat;Exterieur;1-1
1981-82;;;Sporting Club Chabab de Mohammu00e9dia;Championnat;Exterieur;1-1
1981-82;;;Ittihad Riadi Fkih Ben Salah;Championnat;Exterieur;1-1
1981-82;;;Mouloudia Club Oujda;Championnat;Exterieur;0-0
1981-82;;;Association Sportive de Salu00e9;Championnat;Exterieur;1-0
1981-82;;;Union Sportive Mohammu00e9dia;Championnat;Exterieur;1-1
1981-82;;;Union Sidi Kacem;Championnat;Exterieur;1-3
1981-82;;;Hassania Union Sport d'Agadir;Championnat;Exterieur;0-0
1982-83;;;Maghreb Association Sportive (Fu00e8s);Championnat;Exterieur;0-1
1982-83;;;Renaissance Sportive Berkane;Championnat;Exterieur;0-0
1982-83;;;Maghreb Association Sportive (Fu00e8s);Championnat;Domicile;1-1
1982-83;;;Renaissance Sportive Berkane;Championnat;Domicile;0-0
1982-83;;;Club Omnisports de Meknu00e8s;Championnat;Domicile;1-1
1982-83;;;Raja Club Athletic (Casablanca);Championnat;Domicile;0-0
1982-83;;;Ku00e9nitra Athlu00e9tic Club;Championnat;Domicile;0-0
1982-83;;;AS Forces Armu00e9es Royales (Rabat);Championnat;Domicile;1-0
1982-83;;;Fath Union Sport (Rabat);Championnat;Domicile;2-0
1982-83;;;Renaissance Sportive de Settat;Championnat;Domicile;0-0
1982-83;;;Sporting Club Chabab de Mohammu00e9dia;Championnat;Domicile;1-1
1982-83;;;Difaa Hassani Jadidi;Championnat;Domicile;1-1
1982-83;;;Mouloudia Club Oujda;Championnat;Domicile;1-0
1982-83;;;Ittihad Riadi Fkih Ben Salah;Championnat;Domicile;2-0
1982-83;;;Renaissance Sportive de Ku00e9nitra;Championnat;Domicile;1-1
1982-83;;;Raja Cercle Municipalitu00e9 d'Agadir;Championnat;Domicile;2-0
1982-83;;;Union Touarga Sport (Rabat);Championnat;Domicile;4-1
1982-83;;;Club Omnisports de Meknu00e8s;Championnat;Exterieur;1-1
1982-83;;;Raja Club Athletic (Casablanca);Championnat;Exterieur;1-1
1982-83;;;Ku00e9nitra Athlu00e9tic Club;Championnat;Exterieur;1-1
1982-83;;;AS Forces Armu00e9es Royales (Rabat);Championnat;Exterieur;4-1
1982-83;;;Fath Union Sport (Rabat);Championnat;Exterieur;1-1
1982-83;;;Renaissance Sportive de Settat;Championnat;Exterieur;0-1
1982-83;;;Sporting Club Chabab de Mohammu00e9dia;Championnat;Exterieur;0-2
1982-83;;;Difaa Hassani Jadidi;Championnat;Exterieur;1-1
1982-83;;;Mouloudia Club Oujda;Championnat;Exterieur;1-1
1982-83;;;Ittihad Riadi Fkih Ben Salah;Championnat;Exterieur;1-1
1982-83;;;Renaissance Sportive de Ku00e9nitra;Championnat;Exterieur;1-0
1982-83;;;Raja Cercle Municipalitu00e9 d'Agadir;Championnat;Exterieur;0-0
1982-83;;;Union Touarga Sport (Rabat);Championnat;Exterieur;2-1
1983-84;;;AS Forces Armu00e9es Royales (Rabat);Championnat;Exterieur;0-1
1983-84;;;Olympique Club de Khouribga;Championnat;Exterieur;1-1
1983-84;;;Raja Club Athletic (Casablanca);Championnat;Exterieur;1-3
1983-84;;;Club Omnisports de Meknu00e8s;Championnat;Exterieur;1-1
1983-84;;;AS Forces Armu00e9es Royales (Rabat);Championnat;Domicile;1-1
1983-84;;;Olympique Club de Khouribga;Championnat;Domicile;1-1
1983-84;;;Raja Club Athletic (Casablanca);Championnat;Domicile;2-2
1983-84;;;Club Omnisports de Meknu00e8s;Championnat;Domicile;0-0
1983-84;;;Maghreb Association Sportive (Fu00e8s);Championnat;Domicile;0-1
1983-84;;;Fath Union Sport (Rabat);Championnat;Domicile;0-1
1983-84;;;Mouloudia Club Oujda;Championnat;Domicile;1-0
1983-84;;;Difaa Hassani Jadidi;Championnat;Domicile;1-1
1983-84;;;Renaissance Sportive Berkane;Championnat;Domicile;1-0
1983-84;;;Renaissance Sportive de Settat;Championnat;Domicile;0-0
1983-84;;;Renaissance Sportive de Ku00e9nitra;Championnat;Domicile;2-0
1983-84;;;Ku00e9nitra Athlu00e9tic Club;Championnat;Domicile;2-1
1983-84;;;Union Sidi Kacem;Championnat;Domicile;2-1
1983-84;;;Ittihad Riadi Fkih Ben Salah;Championnat;Domicile;2-0
1983-84;;;Sporting Club Chabab de Mohammu00e9dia;Championnat;Domicile;1-0
1983-84;;;Maghreb Association Sportive (Fu00e8s);Championnat;Exterieur;1-0
1983-84;;;Fath Union Sport (Rabat);Championnat;Exterieur;0-2
1983-84;;;Mouloudia Club Oujda;Championnat;Exterieur;1-2
1983-84;;;Difaa Hassani Jadidi;Championnat;Exterieur;3-2
1983-84;;;Renaissance Sportive Berkane;Championnat;Exterieur;0-0
1983-84;;;Renaissance Sportive de Settat;Championnat;Exterieur;2-0
1983-84;;;Renaissance Sportive de Ku00e9nitra;Championnat;Exterieur;0-1
1983-84;;;Ku00e9nitra Athlu00e9tic Club;Championnat;Exterieur;0-0
1983-84;;;Union Sidi Kacem;Championnat;Exterieur;1-3
1983-84;;;Ittihad Riadi Fkih Ben Salah;Championnat;Exterieur;0-2
1983-84;;;Sporting Club Chabab de Mohammu00e9dia;Championnat;Exterieur;3-2
1984-85;;;Maghreb Association Sportive (Fu00e8s);Championnat;Exterieur;0-2
1984-85;;;Ku00e9nitra Athlu00e9tic Club;Championnat;Exterieur;0-1
1984-85;;;AS Forces Armu00e9es Royales (Rabat);Championnat;Exterieur;1-2
1984-85;;;Maghreb Association Sportive (Fu00e8s);Championnat;Domicile;1-1
1984-85;;;Ku00e9nitra Athlu00e9tic Club;Championnat;Domicile;0-0
1984-85;;;AS Forces Armu00e9es Royales (Rabat);Championnat;Domicile;1-1
1984-85;;;Mouloudia Club Oujda;Championnat;Domicile;0-0
1984-85;;;Raja Club Athletic (Casablanca);Championnat;Domicile;1-2
1984-85;;;Fath Union Sport (Rabat);Championnat;Domicile;2-0
1984-85;;;Club Omnisports de Meknu00e8s;Championnat;Domicile;3-0
1984-85;;;Association Sportive de Salu00e9;Championnat;Domicile;2-1
1984-85;;;Renaissance Sportive Berkane;Championnat;Domicile;3-1
1984-85;;;Difaa Hassani Jadidi;Championnat;Domicile;2-0
1984-85;;;Olympique Club de Khouribga;Championnat;Domicile;1-1
1984-85;;;Renaissance Sportive de Settat;Championnat;Domicile;1-0
1984-85;;;Renaissance Sportive de Ku00e9nitra;Championnat;Domicile;1-0
1984-85;;;Chabab Sakia El Hamra (Lau00e2youne);Championnat;Domicile;2-1
1984-85;;;Union Sidi Kacem;Championnat;Domicile;3-2
1984-85;;;Mouloudia Club Oujda;Championnat;Exterieur;0-1
1984-85;;;Raja Club Athletic (Casablanca);Championnat;Exterieur;0-2
1984-85;;;Fath Union Sport (Rabat);Championnat;Exterieur;3-1
1984-85;;;Club Omnisports de Meknu00e8s;Championnat;Exterieur;0-1
1984-85;;;Association Sportive de Salu00e9;Championnat;Exterieur;0-1
1984-85;;;Renaissance Sportive Berkane;Championnat;Exterieur;0-1
1984-85;;;Difaa Hassani Jadidi;Championnat;Exterieur;1-1
1984-85;;;Olympique Club de Khouribga;Championnat;Exterieur;2-0
1984-85;;;Renaissance Sportive de Settat;Championnat;Exterieur;2-0
1984-85;;;Renaissance Sportive de Ku00e9nitra;Championnat;Exterieur;0-1
1984-85;;;Chabab Sakia El Hamra (Lau00e2youne);Championnat;Exterieur;0-0
1984-85;;;Union Sidi Kacem;Championnat;Exterieur;1-0
1985-86;;;Raja Club Athletic (Casablanca);Championnat;Domicile;1-0
1985-86;;;AS Forces Armu00e9es Royales (Rabat);Championnat;Domicile;0-0
1985-86;;;Ku00e9nitra Athlu00e9tic Club;Championnat;Domicile;1-0
1985-86;;;Fath Union Sport (Rabat);Championnat;Domicile;1-0
1985-86;;;Maghreb Association Sportive (Fu00e8s);Championnat;Domicile;1-1
1985-86;;;Club Omnisports de Meknu00e8s;Championnat;Domicile;1-1
1985-86;;;Renaissance Sportive Berkane;Championnat;Domicile;0-0
1985-86;;;Association Sportive de Salu00e9;Championnat;Domicile;1-1
1985-86;;;Kawkab Athlu00e9tique Club de Marrakech;Championnat;Domicile;1-0
1985-86;;;Sporting Club Chabab Mohammu00e9dia;Championnat;Domicile;1-0
1985-86;;;Difaa Hassani Jadidi;Championnat;Domicile;3-0
1985-86;;;Union Sportive de Mohammu00e9dia;Championnat;Domicile;2-1
1985-86;;;Olympique Club de Khouribga;Championnat;Domicile;3-0
1985-86;;;Union Sidi Kacem;Championnat;Domicile;3-1
1985-86;;;Mouloudia Club Oujda;Championnat;Domicile;2-0
1985-86;;;Renaissance Sportive de Settat;Championnat;Domicile;1-0
1985-86;;;Renaissance Sportive de Ku00e9nitra;Championnat;Domicile;3-2
1985-86;;;Chabab Sakia El Hamra (Lau00e2youne);Championnat;Domicile;2-1
1985-86;;;Amal Club de Belksiri;Championnat;Domicile;5-0
1985-86;;;Raja Club Athletic (Casablanca);Championnat;Exterieur;1-1
1985-86;;;AS Forces Armu00e9es Royales (Rabat);Championnat;Exterieur;0-2
1985-86;;;Ku00e9nitra Athlu00e9tic Club;Championnat;Exterieur;1-0
1985-86;;;Fath Union Sport (Rabat);Championnat;Exterieur;2-1
1985-86;;;Maghreb Association Sportive (Fu00e8s);Championnat;Exterieur;0-1
1985-86;;;Club Omnisports de Meknu00e8s;Championnat;Exterieur;1-1
1985-86;;;Renaissance Sportive Berkane;Championnat;Exterieur;1-0
1985-86;;;Association Sportive de Salu00e9;Championnat;Exterieur;1-1
1985-86;;;Kawkab Athlu00e9tique Club de Marrakech;Championnat;Exterieur;2-0
1985-86;;;Sporting Club Chabab Mohammu00e9dia;Championnat;Exterieur;1-0
1985-86;;;Difaa Hassani Jadidi;Championnat;Exterieur;1-2
1985-86;;;Union Sportive de Mohammu00e9dia;Championnat;Exterieur;0-1
1985-86;;;Olympique Club de Khouribga;Championnat;Exterieur;1-0
1985-86;;;Union Sidi Kacem;Championnat;Exterieur;2-1
1985-86;;;Mouloudia Club Oujda;Championnat;Exterieur;1-3
1985-86;;;Renaissance Sportive de Settat;Championnat;Exterieur;1-1
1985-86;;;Renaissance Sportive de Ku00e9nitra;Championnat;Exterieur;4-1
1985-86;;;Chabab Sakia El Hamra (Lau00e2youne);Championnat;Exterieur;1-2
1985-86;;;Amal Club de Belksiri;Championnat;Exterieur;3-0
1987-88;;;Raja Club Athletic;Championnat;Exterieur;0-1
1987-88;;;Kawkab Athletic Club de Marrakech;Championnat;Exterieur;2-1
1987-88;;;Forces Armees Royales;Championnat;Exterieur;0-0
1987-88;;;Raja Club Athletic;Championnat;Domicile;1-0
1987-88;;;Kawkab Athletic Club de Marrakech;Championnat;Domicile;1-2
1987-88;;;Forces Armees Royales;Championnat;Domicile;0-0
1987-88;;;Union Sidi Kacem;Championnat;Domicile;5-0
1987-88;;;CLAS Casablanca;Championnat;Domicile;0-0
1987-88;;;Hilal Association de Nador;Championnat;Domicile;1-0
1987-88;;;Olympique Club de Khouribga;Championnat;Domicile;2-0
1987-88;;;Ittihad Riadi de Tanger;Championnat;Domicile;0-1
1987-88;;;Kenitra Athletic Club;Championnat;Domicile;3-0
1987-88;;;Forces Auxiliaires de Ben Slimane;Championnat;Domicile;2-1
1987-88;;;Fath Union Sport;Championnat;Domicile;3-1
1987-88;;;Maghreb Association Sportive;Championnat;Domicile;1-1
1987-88;;;Hassania Union Sport Agadir;Championnat;Domicile;2-2
1987-88;;;Renaissance Sportive de Settat;Championnat;Domicile;2-1
1987-88;;;Union Sportive Mohammedia;Championnat;Domicile;0-0
1987-88;;;Mouloudia Club Oujda;Championnat;Domicile;3-0
1987-88;;;Sporting Club Chabab de Mohammedia;Championnat;Domicile;3-0
1987-88;;;Union Sidi Kacem;Championnat;Exterieur;0-0
1987-88;;;CLAS Casablanca;Championnat;Exterieur;2-3
1987-88;;;Hilal Association de Nador;Championnat;Exterieur;1-2
1987-88;;;Olympique Club de Khouribga;Championnat;Exterieur;1-2
1987-88;;;Ittihad Riadi de Tanger;Championnat;Exterieur;1-0
1987-88;;;Kenitra Athletic Club;Championnat;Exterieur;1-0
1987-88;;;Forces Auxiliaires de Ben Slimane;Championnat;Exterieur;1-1
1987-88;;;Fath Union Sport;Championnat;Exterieur;0-2
1987-88;;;Maghreb Association Sportive;Championnat;Exterieur;0-2
1987-88;;;Hassania Union Sport Agadir;Championnat;Exterieur;0-4
1987-88;;;Renaissance Sportive de Settat;Championnat;Exterieur;1-1
1987-88;;;Union Sportive Mohammedia;Championnat;Exterieur;0-0
1987-88;;;Mouloudia Club Oujda;Championnat;Exterieur;2-1
1987-88;;;Sporting Club Chabab de Mohammedia;Championnat;Exterieur;0-1
1988-89;;;Kenitra Athletic Club;Championnat;Exterieur;0-1
1988-89;;;Ittihad Riadi de Tanger;Championnat;Exterieur;1-1
1988-89;;;Difaa Hassani Jadidi;Championnat;Exterieur;0-0
1988-89;;;Kenitra Athletic Club;Championnat;Domicile;1-0
1988-89;;;Ittihad Riadi de Tanger;Championnat;Domicile;1-1
1988-89;;;Difaa Hassani Jadidi;Championnat;Domicile;0-0
1988-89;;;Club Omnisport de Meknes;Championnat;Domicile;3-1
1988-89;;;Forces Armees Royales;Championnat;Domicile;0-0
1988-89;;;Hassania Union Sport Agadir;Championnat;Domicile;1-1
1988-89;;;Kawkab Athletic Club de Marrakech;Championnat;Domicile;3-1
1988-89;;;Fath Union Sport;Championnat;Domicile;1-0
1988-89;;;Maghreb Association Sportive;Championnat;Domicile;2-0
1988-89;;;Raja Club Athletic;Championnat;Domicile;3-1
1988-89;;;Olympique Club de Khouribga;Championnat;Domicile;1-0
1988-89;;;Hilal Association de Nador;Championnat;Domicile;6-1
1988-89;;;Forces Auxiliaires de Ben Slimane;Championnat;Domicile;0-0
1988-89;;;CLAS Casablanca;Championnat;Domicile;0-2
1988-89;;;Union Sidi Kacem;Championnat;Domicile;2-2
1988-89;;;Club Omnisport de Meknes;Championnat;Exterieur;2-0
1988-89;;;Forces Armees Royales;Championnat;Exterieur;0-1
1988-89;;;Hassania Union Sport Agadir;Championnat;Exterieur;0-1
1988-89;;;Kawkab Athletic Club de Marrakech;Championnat;Exterieur;0-0
1988-89;;;Fath Union Sport;Championnat;Exterieur;0-1
1988-89;;;Maghreb Association Sportive;Championnat;Exterieur;1-2
1988-89;;;Raja Club Athletic;Championnat;Exterieur;1-0
1988-89;;;Olympique Club de Khouribga;Championnat;Exterieur;0-1
1988-89;;;Hilal Association de Nador;Championnat;Exterieur;1-1
1988-89;;;Forces Auxiliaires de Ben Slimane;Championnat;Exterieur;1-2
1988-89;;;CLAS Casablanca;Championnat;Exterieur;2-0
1988-89;;;Union Sidi Kacem;Championnat;Exterieur;2-2
1989-90;;;Wydad Athletic Club;Championnat;Domicile;2-0
1989-90;;;Ittihad Riadi de Tanger;Championnat;Domicile;1-1
1989-90;;;Kawkab Athletic Club de Marrakech;Championnat;Domicile;1-1
1989-90;;;Olympique Club de Khouribga;Championnat;Domicile;2-1
1989-90;;;Raja Club Athletic;Championnat;Domicile;4-1
1989-90;;;Renaissance Sportive de Settat;Championnat;Domicile;1-0
1989-90;;;Forces Armees Royales;Championnat;Domicile;2-2
1989-90;;;Kenitra Athletic Club;Championnat;Domicile;2-0
1989-90;;;Difaa Hassani Jadidi;Championnat;Domicile;5-1
1989-90;;;Union Sidi Kacem;Championnat;Domicile;1-1
1989-90;;;CLAS Casablanca;Championnat;Domicile;0-1
1989-90;;;Hassania Union Sport Agadir;Championnat;Domicile;2-0
1989-90;;;Maghreb Association Sportive;Championnat;Domicile;4-0
1989-90;;;Fath Union Sport;Championnat;Domicile;1-0
1989-90;;;Wydad Athletic de Fes;Championnat;Domicile;5-0
1989-90;;;Ittihad Riadi de Tanger;Championnat;Exterieur;0-0
1989-90;;;Kawkab Athletic Club de Marrakech;Championnat;Exterieur;1-2
1989-90;;;Olympique Club de Khouribga;Championnat;Exterieur;1-1
1989-90;;;Raja Club Athletic;Championnat;Exterieur;1-0
1989-90;;;Renaissance Sportive de Settat;Championnat;Exterieur;1-1
1989-90;;;Forces Armees Royales;Championnat;Exterieur;0-3
1989-90;;;Kenitra Athletic Club;Championnat;Exterieur;0-0
1989-90;;;Difaa Hassani Jadidi;Championnat;Exterieur;1-1
1989-90;;;Union Sidi Kacem;Championnat;Exterieur;3-0
1989-90;;;CLASS;Championnat;Exterieur;1-0
1989-90;;;HUSAA;Championnat;Exterieur;1-1
1989-90;;;Maghreb Association Sportive;Championnat;Exterieur;1-1
1989-90;;;Fath Union Sport;Championnat;Exterieur;0-0
1989-90;;;Wydad Athletic de Fes;Championnat;Exterieur;0-0
1989-90;;;Forces Auxiliaires de Ben Slimane;Championnat;Exterieur;1-0
1990-91;;;Forces Armees Royales;Championnat;Domicile;3-1
1990-91;;;Kenitra Athletic Club;Championnat;Domicile;1-0
1990-91;;;Olympique Club de Khouribga;Championnat;Domicile;1-0
1990-91;;;Ittihad Riadi de Tanger;Championnat;Domicile;1-0
1990-91;;;Kawkab Athletic Club de Marrakech;Championnat;Domicile;1-0
1990-91;;;Renaissance Sportive de Settat;Championnat;Domicile;1-0
1990-91;;;Fath Union Sport;Championnat;Domicile;2-1
1990-91;;;Raja Club Athletic;Championnat;Domicile;0-1
1990-91;;;Maghreb Association Sportive;Championnat;Domicile;3-0
1990-91;;;CLAS Casablanca;Championnat;Domicile;2-1
1990-91;;;Hassania Union Sport Agadir;Championnat;Domicile;1-0
1990-91;;;Difaa Hassani Jadidi;Championnat;Domicile;3-2
1990-91;;;Tihad Athletic Sport;Championnat;Domicile;1-0
1990-91;;;Union Sidi Kacem;Championnat;Domicile;2-0
1990-91;;;Moghreb Athletic de Tetouan;Championnat;Domicile;3-0
1990-91;;;Forces Armees Royales;Championnat;Exterieur;1-0
1990-91;;;Kenitra Athletic Club;Championnat;Exterieur;1-3
1990-91;;;Olympique Club de Khouribga;Championnat;Exterieur;0-4
1990-91;;;Ittihad Riadi de Tanger;Championnat;Exterieur;1-1
1990-91;;;Kawkab Athletic Club de Marrakech;Championnat;Exterieur;1-0
1990-91;;;Renaissance Sportive de Settat;Championnat;Exterieur;1-2
1990-91;;;Fath Union Sport;Championnat;Exterieur;0-0
1990-91;;;Raja Club Athletic;Championnat;Exterieur;1-1
1990-91;;;Maghreb Association Sportive;Championnat;Exterieur;0-0
1990-91;;;CLAS Casablanca;Championnat;Exterieur;1-0
1990-91;;;Hassania Union Sport Agadir;Championnat;Exterieur;1-1
1990-91;;;Difaa Hassani Jadidi;Championnat;Exterieur;0-1
1990-91;;;Tihad Athletic Sport;Championnat;Exterieur;0-0
1990-91;;;Union Sidi Kacem;Championnat;Exterieur;1-2
1990-91;;;Moghreb Athletic de Tetouan;Championnat;Exterieur;1-0
1991-92;;;Kawkab Athletic Club de Marrakech;Championnat;Exterieur;1-1
1991-92;;;Raja Club Athletic;Championnat;Exterieur;1-1
1991-92;;;Kawkab Athletic Club de Marrakech;Championnat;Domicile;0-0
1991-92;;;Raja Club Athletic;Championnat;Domicile;1-0
1991-92;;;Maghreb Association Sportive;Championnat;Domicile;1-1
1991-92;;;Forces Armees Royales;Championnat;Domicile;0-0
1991-92;;;Club Olympique de Casablanca;Championnat;Domicile;0-0
1991-92;;;Difaa Hassani Jadidi;Championnat;Domicile;1-2
1991-92;;;Kenitra Athletic Club;Championnat;Domicile;2-0
1991-92;;;Raja Beni Mellal;Championnat;Domicile;0-1
1991-92;;;Hassania Union Sport Agadir;Championnat;Domicile;2-0
1991-92;;;Olympique Club de Khouribga;Championnat;Domicile;0-0
1991-92;;;Renaissance Sportive de Settat;Championnat;Domicile;2-2
1991-92;;;Ittihad Riadi de Tanger;Championnat;Domicile;3-1
1991-92;;;Fath Union Sport;Championnat;Domicile;1-0
1991-92;;;Tihad Athletic Sport;Championnat;Domicile;2-1
1991-92;;;Union Sportive Musulmane d Oujda;Championnat;Domicile;3-0
1991-92;;;Maghreb Association Sportive;Championnat;Exterieur;0-2
1991-92;;;Forces Armees Royales;Championnat;Exterieur;2-2
1991-92;;;Club Olympique de Casablanca;Championnat;Exterieur;0-1
1991-92;;;Difaa Hassani Jadidi;Championnat;Exterieur;1-0
1991-92;;;Kenitra Athletic Club;Championnat;Exterieur;0-1
1991-92;;;Raja Beni Mellal;Championnat;Exterieur;2-0
1991-92;;;Hassania Union Sport Agadir;Championnat;Exterieur;3-0
1991-92;;;Olympique Club de Khouribga;Championnat;Exterieur;2-0
1991-92;;;Renaissance Sportive de Settat;Championnat;Exterieur;0-1
1991-92;;;Ittihad Riadi de Tanger;Championnat;Exterieur;2-0
1991-92;;;Fath Union Sport;Championnat;Exterieur;0-0
1991-92;;;Tihad Athletic Sport;Championnat;Exterieur;0-0
1991-92;;;Union Sportive Musulmane d Oujda;Championnat;Exterieur;0-1
1992-93;;;Raja Club Athletic;Championnat;Domicile;2-2
1992-93;;;Renaissance Sportive de Settat;Championnat;Domicile;3-0
1992-93;;;Olympique Casablanca;Championnat;Domicile;3-0
1992-93;;;Ittihad Riadi de Tanger;Championnat;Domicile;0-0
1992-93;;;Forces Armees Royales;Championnat;Domicile;2-0
1992-93;;;Hassania Union Sport Agadir;Championnat;Domicile;3-2
1992-93;;;Olympique Club de Khouribga;Championnat;Domicile;1-0
1992-93;;;Fath Union Sport;Championnat;Domicile;1-0
1992-93;;;Mouloudia Club Oujda;Championnat;Domicile;3-1
1992-93;;;Kawkab Athletic Club de Marrakech;Championnat;Domicile;0-1
1992-93;;;Maghreb Association Sportive;Championnat;Domicile;2-0
1992-93;;;Kenitra Athletic Club;Championnat;Domicile;0-0
1992-93;;;Club Rachad Bernoussi;Championnat;Domicile;2-1
1992-93;;;Difaa Hassani Jadidi;Championnat;Domicile;2-0
1992-93;;;Raja Beni Mellal;Championnat;Domicile;6-1
1992-93;;;Raja Club Athletic;Championnat;Exterieur;2-1
1992-93;;;Renaissance Sportive de Settat;Championnat;Exterieur;0-1
1992-93;;;Olympique Casablanca;Championnat;Exterieur;1-1
1992-93;;;Ittihad Riadi de Tanger;Championnat;Exterieur;1-1
1992-93;;;Forces Armees Royales;Championnat;Exterieur;1-1
1992-93;;;Hassania Union Sport Agadir;Championnat;Exterieur;2-2
1992-93;;;Olympique Club de Khouribga;Championnat;Exterieur;2-0
1992-93;;;Fath Union Sport;Championnat;Exterieur;2-2
1992-93;;;Mouloudia Club Oujda;Championnat;Exterieur;3-2
1992-93;;;Kawkab Athletic Club de Marrakech;Championnat;Exterieur;1-1
1992-93;;;Maghreb Association Sportive;Championnat;Exterieur;0-2
1992-93;;;Kenitra Athletic Club;Championnat;Exterieur;0-4
1992-93;;;Club Rachad Bernoussi;Championnat;Exterieur;1-1
1992-93;;;Difaa Hassani Jadidi;Championnat;Exterieur;1-0
1992-93;;;Raja Beni Mellal;Championnat;Exterieur;4-2
1993-94;;;Olympique Casablanca;Championnat;Exterieur;0-0
1993-94;;;Olympique Casablanca;Championnat;Domicile;1-1
1993-94;;;Raja Club Athletic;Championnat;Domicile;0-0
1993-94;;;Kawkab Athletic Club de Marrakech;Championnat;Domicile;0-0
1993-94;;;Forces Armees Royales;Championnat;Domicile;2-2
1993-94;;;Mouloudia Club Oujda;Championnat;Domicile;0-0
1993-94;;;Fath Union Sport;Championnat;Domicile;1-1
1993-94;;;Renaissance Sportive de Settat;Championnat;Domicile;2-2
1993-94;;;Kenitra Athletic Club;Championnat;Domicile;2-2
1993-94;;;Maghreb Association Sportive;Championnat;Domicile;3-0
1993-94;;;Sporting Club Chabab de Mohammedia;Championnat;Domicile;0-1
1993-94;;;Hassania Union Sport Agadir;Championnat;Domicile;1-0
1993-94;;;Ittihad Riadi de Tanger;Championnat;Domicile;6-1
1993-94;;;Olympique Club de Khouribga;Championnat;Domicile;1-0
1993-94;;;Union Sidi Kacem;Championnat;Domicile;4-0
1993-94;;;Club Rachad Bernoussi;Championnat;Domicile;1-0
1993-94;;;Raja Club Athletic;Championnat;Exterieur;0-1
1993-94;;;Kawkab Athletic Club de Marrakech;Championnat;Exterieur;1-2
1993-94;;;Forces Armees Royales;Championnat;Exterieur;2-2
1993-94;;;Mouloudia Club Oujda;Championnat;Exterieur;1-1
1993-94;;;Fath Union Sport;Championnat;Exterieur;1-0
1993-94;;;Renaissance Sportive de Settat;Championnat;Exterieur;2-0
1993-94;;;Kenitra Athletic Club;Championnat;Exterieur;0-0
1993-94;;;Maghreb Association Sportive;Championnat;Exterieur;0-1
1993-94;;;Sporting Club Chabab de Mohammedia;Championnat;Exterieur;0-0
1993-94;;;Hassania Union Sport Agadir;Championnat;Exterieur;4-0
1993-94;;;Ittihad Riadi de Tanger;Championnat;Exterieur;2-1
1993-94;;;Olympique Club de Khouribga;Championnat;Exterieur;1-1
1993-94;;;Union Sidi Kacem;Championnat;Exterieur;0-1
1993-94;;;Club Rachad Bernoussi;Championnat;Exterieur;4-0
1994-95;;;Club Omnisport de Meknes;Championnat;Exterieur;0-1
1994-95;;;Olympique Casablanca;Championnat;Exterieur;2-0
1994-95;;;Forces Armees Royales;Championnat;Exterieur;1-1
1994-95;;;Kawkab Athletic Club de Marrakech;Championnat;Exterieur;0-1
1994-95;;;Ittihad Riadi de Tanger;Championnat;Exterieur;0-0
1994-95;;;Club Omnisport de Meknes;Championnat;Domicile;1-1
1994-95;;;Olympique Casablanca;Championnat;Domicile;2-1
1994-95;;;Forces Armees Royales;Championnat;Domicile;3-1
1994-95;;;Kawkab Athletic Club de Marrakech;Championnat;Domicile;0-0
1994-95;;;Ittihad Riadi de Tanger;Championnat;Domicile;1-0
1994-95;;;Raja Club Athletic;Championnat;Domicile;0-1
1994-95;;;Maghreb Association Sportive;Championnat;Domicile;1-0
1994-95;;;Mouloudia Club Oujda;Championnat;Domicile;1-0
1994-95;;;Renaissance Sportive de Settat;Championnat;Domicile;0-1
1994-95;;;Credit Agricole Rabat;Championnat;Domicile;1-0
1994-95;;;Forces Auxiliaires de Ben Slimane;Championnat;Domicile;2-0
1994-95;;;Difaa Hassani Jadidi;Championnat;Domicile;0-0
1994-95;;;Sporting Club Chabab de Mohammedia;Championnat;Domicile;0-1
1994-95;;;Kenitra Athletic Club;Championnat;Domicile;1-1
1994-95;;;Fath Union Sport;Championnat;Domicile;1-0
1994-95;;;Raja Club Athletic;Championnat;Exterieur;2-1
1994-95;;;Maghreb Association Sportive;Championnat;Exterieur;0-0
1994-95;;;Mouloudia Club Oujda;Championnat;Exterieur;1-0
1994-95;;;Renaissance Sportive de Settat;Championnat;Exterieur;0-3
1994-95;;;Credit Agricole Rabat;Championnat;Exterieur;0-0
1994-95;;;Forces Auxiliaires de Ben Slimane;Championnat;Exterieur;1-1
1994-95;;;Difaa Hassani Jadidi;Championnat;Exterieur;0-0
1994-95;;;Sporting Club Chabab de Mohammedia;Championnat;Exterieur;1-1
1994-95;;;Kenitra Athletic Club;Championnat;Exterieur;0-0
1994-95;;;Fath Union Sport;Championnat;Exterieur;2-2
1995-96;;1;Renaissance Sportive de Settat;Championnat;Domicile;2-0
1995-96;;2;Union Sidi Kacem;Championnat;Exterieur;1-1
1995-96;;3;Sporting Athletic de Sale;Championnat;Domicile;2-3
1995-96;;4;Kawkab Athletic Club de Marrakech;Championnat;Exterieur;0-0
1995-96;;5;Club Omnisport de Meknes;Championnat;Exterieur;1-1
1995-96;;6;Ittihad Riadi de Tanger;Championnat;Domicile;0-0
1995-96;;7;Difaa Hassani Jadidi;Championnat;Exterieur;1-0
1995-96;;8;Sporting Club Chabab de Mohammedia;Championnat;Domicile;0-1
1995-96;;9;Olympique Club de Khouribga;Championnat;Exterieur;0-1
1995-96;;10;Forces Armees Royales;Championnat;Domicile;0-0
1995-96;;11;Jeunesse Sportive Massira;Championnat;Exterieur;0-2
1995-96;;12;Raja Club Athletic;Championnat;Domicile;0-3
1995-96;;13;Moghreb Athletic de Tetouan;Championnat;Exterieur;0-1
1995-96;;14;Mouloudia Club Oujda;Championnat;Domicile;0-0
1995-96;;15;Tihad Sportif Casablanca;Championnat;Exterieur;3-1
1995-96;;16;Renaissance Sportive de Settat;Championnat;Exterieur;2-1
1995-96;;17;Union Sidi Kacem;Championnat;Domicile;4-2
1995-96;;18;Sporting Athletic de Sale;Championnat;Exterieur;1-2
1995-96;;19;Kawkab Athletic Club de Marrakech;Championnat;Domicile;2-1
1995-96;;20;Club Omnisport de Meknes;Championnat;Domicile;1-1
1995-96;;21;Ittihad Riadi de Tanger;Championnat;Exterieur;2-0
1995-96;;22;Difaa Hassani Jadidi;Championnat;Domicile;1-2
1995-96;;23;Sporting Club Chabab de Mohammedia;Championnat;Exterieur;1-1
1995-96;;24;Olympique Club de Khouribga;Championnat;Domicile;3-0
1995-96;;25;Forces Armees Royales;Championnat;Exterieur;3-0
1995-96;;26;Jeunesse Sportive Massira;Championnat;Domicile;3-2
1995-96;;27;Raja Club Athletic;Championnat;Exterieur;1-0
1995-96;;28;Moghreb Athletic de Tetouan;Championnat;Domicile;0-1
1995-96;;29;Mouloudia Club Oujda;Championnat;Exterieur;1-0
1995-96;;30;Tihad Sportif Casablanca;Championnat;Domicile;1-0
1996-97;;1;Jeunesse Sportive Massira;Championnat;Exterieur;2-0
1996-97;;2;Wydad Athletic de Fes;Championnat;Domicile;1-1
1996-97;;3;Sporting Club Chabab de Mohammedia;Championnat;Domicile;0-2
1996-97;;4;Forces Armees Royales;Championnat;Exterieur;0-0
1996-97;;5;Hassania Union Sport Agadir;Championnat;Domicile;1-0
1996-97;;6;Club Omnisport de Meknes;Championnat;Exterieur;0-1
1996-97;;7;Kawkab Athletic Club de Marrakech;Championnat;Domicile;1-1
1996-97;;8;Moghreb Athletic de Tetouan;Championnat;Exterieur;2-0
1996-97;;9;Mouloudia Club Oujda;Championnat;Domicile;7-0
1996-97;;10;Raja Club Athletic;Championnat;Domicile;2-2
1996-97;;11;Renaissance Sportive de Settat;Championnat;Domicile;1-0
1996-97;;12;Sporting Athletic de Sale;Championnat;Exterieur;3-0
1996-97;;13;Difaa Hassani Jadidi;Championnat;Domicile;1-2
1996-97;;14;Union Sidi Kacem;Championnat;Exterieur;2-2
1996-97;;15;Olympique Club de Khouribga;Championnat;Domicile;2-0
1996-97;;16;Jeunesse Sportive Massira;Championnat;Domicile;2-0
1996-97;;17;Wydad Athletic de Fes;Championnat;Exterieur;0-1
1996-97;;18;Sporting Club Chabab de Mohammedia;Championnat;Exterieur;1-1
1996-97;;19;Forces Armees Royales;Championnat;Domicile;1-1
1996-97;;20;Hassania Union Sport Agadir;Championnat;Exterieur;0-0
1996-97;;21;Club Omnisport de Meknes;Championnat;Domicile;1-0
1996-97;;22;Kawkab Athletic Club de Marrakech;Championnat;Exterieur;0-0
1996-97;;23;Moghreb Athletic de Tetouan;Championnat;Domicile;4-1
1996-97;;24;Mouloudia Club Oujda;Championnat;Exterieur;4-0
1996-97;;25;Raja Club Athletic;Championnat;Domicile;2-2
1996-97;;26;Renaissance Sportive de Settat;Championnat;Exterieur;2-0
1996-97;;27;Sporting Athletic de Sale;Championnat;Domicile;2-2
1996-97;;28;Difaa Hassani Jadidi;Championnat;Exterieur;0-2
1996-97;;29;Union Sidi Kacem;Championnat;Domicile;1-0
1996-97;;30;Olympique Club de Khouribga;Championnat;Exterieur;2-0
1997-98;;1;Olympique Club de Khouribga;Championnat;Domicile;4-1
1997-98;;2;Jeunesse Sportive Massira;Championnat;Exterieur;0-1
1997-98;;3;Renaissance Sportive de Settat;Championnat;Exterieur;1-0
1997-98;;4;Sporting Club Chabab de Mohammedia;Championnat;Domicile;1-1
1997-98;;5;Forces Armees Royales;Championnat;Exterieur;0-2
1997-98;;6;Hassania Union Sport Agadir;Championnat;Domicile;0-1
1997-98;;7;Wydad Athletic de Fes;Championnat;Exterieur;0-1
1997-98;;8;Difaa Hassani Jadidi;Championnat;Domicile;1-0
1997-98;;9;Mouloudia Club Oujda;Championnat;Exterieur;2-1
1997-98;;10;Raja Club Athletic;Championnat;Domicile;0-0
1997-98;;11;Ittihad Riadi de Tanger;Championnat;Exterieur;1-1
1997-98;;12;Sporting Athletic de Sale;Championnat;Domicile;1-1
1997-98;;13;Kawkab Athletic Club de Marrakech;Championnat;Exterieur;0-1
1997-98;;14;Maghreb Association Sportive;Championnat;Domicile;1-0
1997-98;;15;Club Omnisport de Meknes;Championnat;Exterieur;4-0
1997-98;;16;Olympique Club de Khouribga;Championnat;Exterieur;0-0
1997-98;;17;Jeunesse Sportive Massira;Championnat;Domicile;3-0
1997-98;;18;Renaissance Sportive de Settat;Championnat;Domicile;1-0
1997-98;;19;Sporting Club Chabab de Mohammedia;Championnat;Exterieur;2-1
1997-98;;20;Forces Armees Royales;Championnat;Domicile;2-1
1997-98;;21;Hassania Union Sport Agadir;Championnat;Exterieur;1-1
1997-98;;22;Wydad Athletic de Fes;Championnat;Domicile;1-0
1997-98;;23;Difaa Hassani Jadidi;Championnat;Exterieur;1-1
1997-98;;24;Mouloudia Club Oujda;Championnat;Domicile;0-0
1997-98;;25;Raja Club Athletic;Championnat;Exterieur;1-1
1997-98;;26;Ittihad Riadi de Tanger;Championnat;Domicile;3-0
1997-98;;27;Sporting Athletic de Sale;Championnat;Exterieur;0-1
1997-98;;28;Kawkab Athletic Club de Marrakech;Championnat;Domicile;1-0
1997-98;;29;Maghreb Association Sportive;Championnat;Exterieur;0-1
1997-98;;30;Club Omnisport de Meknes;Championnat;Domicile;1-0
1998-99;;1;Maghreb Association Sportive;Championnat;Exterieur;1-2
1998-99;;2;Sporting Club Chabab de Mohammedia;Championnat;Domicile;1-0
1998-99;;3;Forces Armees Royales;Championnat;Exterieur;1-2
1998-99;;4;Club Omnisport de Meknes;Championnat;Domicile;1-0
1998-99;;5;Raja Beni Mellal;Championnat;Domicile;2-0
1998-99;;6;Jeunesse Sportive Massira;Championnat;Exterieur;3-2
1998-99;;7;Difaa Hassani Jadidi;Championnat;Domicile;3-1
1998-99;;8;Wydad Athletic de Fes;Championnat;Exterieur;2-2
1998-99;;9;Kawkab Athletic Club de Marrakech;Championnat;Domicile;1-0
1998-99;;10;Mouloudia Club Oujda;Championnat;Exterieur;1-1
1998-99;;11;Fath Union Sport;Championnat;Domicile;0-0
1998-99;;12;Raja Club Athletic;Championnat;Exterieur;0-0
1998-99;;13;Olympique Club de Khouribga;Championnat;Domicile;1-2
1998-99;;14;Hassania Union Sport Agadir;Championnat;Exterieur;2-1
1998-99;;15;Sporting Athletic de Sale;Championnat;Domicile;4-1
1998-99;;16;Maghreb Association Sportive;Championnat;Domicile;5-0
1998-99;;17;Sporting Club Chabab de Mohammedia;Championnat;Exterieur;3-0
1998-99;;18;Forces Armees Royales;Championnat;Domicile;3-1
1998-99;;19;Club Omnisport de Meknes;Championnat;Exterieur;1-1
1998-99;;20;Raja Beni Mellal;Championnat;Exterieur;0-0
1998-99;;21;Jeunesse Sportive Massira;Championnat;Domicile;2-0
1998-99;;22;Difaa Hassani Jadidi;Championnat;Exterieur;2-1
1998-99;;23;Wydad Athletic de Fes;Championnat;Domicile;1-1
1998-99;;24;Kawkab Athletic Club de Marrakech;Championnat;Exterieur;0-0
1998-99;;25;Mouloudia Club Oujda;Championnat;Domicile;1-1
1998-99;;26;Fath Union Sport;Championnat;Exterieur;2-3
1998-99;;27;Raja Club Athletic;Championnat;Domicile;0-1
1998-99;;28;Olympique Club de Khouribga;Championnat;Exterieur;0-2
1998-99;;29;Hassania Union Sport Agadir;Championnat;Domicile;2-2
1998-99;;30;Sporting Athletic de Sale;Championnat;Exterieur;1-0
1999-00;;1;Maghreb Association Sportive;Championnat;Domicile;1-1
1999-00;;2;Club Omnisport de Meknes;Championnat;Exterieur;0-0
1999-00;;3;Wydad Athletic de Fes;Championnat;Exterieur;1-0
1999-00;;4;Tihad Sportif Casablanca;Championnat;Domicile;1-1
1999-00;;5;Forces Armees Royales;Championnat;Exterieur;1-1
1999-00;;6;Kawkab Athletic Club de Marrakech;Championnat;Domicile;0-0
1999-00;;7;Jeunesse Sportive Massira;Championnat;Exterieur;0-0
1999-00;;8;Renaissance Sportive de Settat;Championnat;Domicile;1-0
1999-00;;9;Raja Beni Mellal;Championnat;Exterieur;0-2
1999-00;;10;Raja Club Athletic;Championnat;Domicile;0-0
1999-00;;11;Sporting Athletic de Sale;Championnat;Exterieur;1-1
1999-00;;12;Fath Union Sport;Championnat;Domicile;1-2
1999-00;;13;Sporting Club Chabab de Mohammedia;Championnat;Exterieur;1-0
1999-00;;14;Hassania Union Sport Agadir;Championnat;Domicile;0-0
1999-00;;15;Olympique Club de Khouribga;Championnat;Exterieur;2-0
1999-00;;16;Maghreb Association Sportive;Championnat;Exterieur;0-1
1999-00;;17;Club Omnisport de Meknes;Championnat;Domicile;2-0
1999-00;;18;Wydad Athletic de Fes;Championnat;Domicile;2-0
1999-00;;19;Tihad Sportif Casablanca;Championnat;Exterieur;3-1
1999-00;;20;Forces Armees Royales;Championnat;Domicile;3-3
1999-00;;21;Kawkab Athletic Club de Marrakech;Championnat;Exterieur;2-1
1999-00;;22;Jeunesse Sportive Massira;Championnat;Domicile;3-0
1999-00;;23;Renaissance Sportive de Settat;Championnat;Exterieur;1-0
1999-00;;24;Raja Beni Mellal;Championnat;Domicile;3-0
1999-00;;25;Raja Club Athletic;Championnat;Exterieur;1-1
1999-00;;26;Sporting Athletic de Sale;Championnat;Domicile;1-1
1999-00;;27;Fath Union Sport;Championnat;Exterieur;0-1
1999-00;;28;Sporting Club Chabab de Mohammedia;Championnat;Domicile;2-0
1999-00;;29;Hassania Union Sport Agadir;Championnat;Exterieur;3-1
1999-00;;30;Olympique Club de Khouribga;Championnat;Domicile;1-0
2000-01;;1;Club Omnisport de Meknes;Championnat;Exterieur;0-0
2000-01;;2;Renaissance Sportive de Settat;Championnat;Domicile;1-3
2000-01;;3;Racing Athletic Club;Championnat;Domicile;0-0
2000-01;;4;Maghreb Association Sportive;Championnat;Exterieur;0-1
2000-01;;5;Kawkab Athletic Club de Marrakech;Championnat;Domicile;0-0
2000-01;;6;Forces Armees Royales;Championnat;Exterieur;3-0
2000-01;;7;Raja Beni Mellal;Championnat;Domicile;2-1
2000-01;;8;Sporting Club Chabab de Mohammedia;Championnat;Exterieur;0-0
2000-01;;9;Jeunesse Sportive Massira;Championnat;Domicile;1-0
2000-01;;10;Raja Club Athletic;Championnat;Exterieur;1-1
2000-01;;11;Tihad Sportif Casablanca;Championnat;Domicile;3-0
2000-01;;12;Ittihad Zemmouri de Khemisset;Championnat;Exterieur;0-0
2000-01;;13;Hassania Union Sport Agadir;Championnat;Domicile;2-2
2000-01;;14;Fath Union Sport;Championnat;Exterieur;1-1
2000-01;;15;Olympique Club de Khouribga;Championnat;Domicile;0-0
2000-01;;16;Club Omnisport de Meknes;Championnat;Domicile;4-0
2000-01;;17;Renaissance Sportive de Settat;Championnat;Exterieur;1-1
2000-01;;18;Racing Athletic Club;Championnat;Exterieur;2-1
2000-01;;19;Maghreb Association Sportive;Championnat;Domicile;1-1
2000-01;;20;Kawkab Athletic Club de Marrakech;Championnat;Exterieur;1-1
2000-01;;21;Forces Armees Royales;Championnat;Domicile;3-3
2000-01;;22;Raja Beni Mellal;Championnat;Exterieur;0-0
2000-01;;23;Sporting Club Chabab de Mohammedia;Championnat;Domicile;1-2
2000-01;;24;Jeunesse Sportive Massira;Championnat;Exterieur;2-2
2000-01;;25;Raja Club Athletic;Championnat;Domicile;0-1
2000-01;;26;Tihad Sportif Casablanca;Championnat;Exterieur;1-1
2000-01;;27;Ittihad Zemmouri de Khemisset;Championnat;Domicile;1-1
2000-01;;28;Hassania Union Sport Agadir;Championnat;Exterieur;2-0
2000-01;;29;Fath Union Sport;Championnat;Domicile;0-2
2000-01;;30;Olympique Club de Khouribga;Championnat;Exterieur;1-0
2001-02;;1;Maghreb Association Sportive;Championnat;Domicile;0-0
2001-02;;2;Renaissance Sportive de Settat;Championnat;Exterieur;1-1
2001-02;;3;Ittihad Riadi de Tanger;Championnat;Domicile;3-0
2001-02;;4;Forces Armees Royales;Championnat;Exterieur;3-0
2001-02;;5;Tihad Sportif Casablanca;Championnat;Exterieur;1-0
2001-02;;6;Club Omnisport de Meknes;Championnat;Domicile;1-0
2001-02;;7;Stade Marocain;Championnat;Exterieur;3-0
2001-02;;8;Raja Beni Mellal;Championnat;Domicile;1-1
2001-02;;9;Kawkab Athletic Club de Marrakech;Championnat;Exterieur;1-0
2001-02;;10;Jeunesse Sportive Massira;Championnat;Domicile;3-2
2001-02;;11;Fath Union Sport;Championnat;Exterieur;0-1
2001-02;;12;Raja Club Athletic;Championnat;Domicile;2-0
2001-02;;13;Ittihad Zemmouri de Khemisset;Championnat;Exterieur;1-0
2001-02;;14;Hassania Union Sport Agadir;Championnat;Domicile;1-0
2001-02;;15;Olympique Club de Khouribga;Championnat;Exterieur;1-1
2001-02;;16;Maghreb Association Sportive;Championnat;Exterieur;0-0
2001-02;;17;Renaissance Sportive de Settat;Championnat;Domicile;0-0
2001-02;;18;Ittihad Riadi de Tanger;Championnat;Exterieur;2-2
2001-02;;19;Forces Armees Royales;Championnat;Domicile;1-0
2001-02;;20;Tihad Sportif Casablanca;Championnat;Domicile;1-0
2001-02;;21;Club Omnisport de Meknes;Championnat;Exterieur;0-1
2001-02;;22;Stade Marocain;Championnat;Domicile;3-0
2001-02;;23;Raja Beni Mellal;Championnat;Exterieur;2-0
2001-02;;24;Kawkab Athletic Club de Marrakech;Championnat;Domicile;2-0
2001-02;;25;Jeunesse Sportive Massira;Championnat;Exterieur;1-1
2001-02;;26;Fath Union Sport;Championnat;Domicile;1-0
2001-02;;27;Raja Club Athletic;Championnat;Exterieur;2-0
2001-02;;28;Ittihad Zemmouri de Khemisset;Championnat;Domicile;1-0
2001-02;;29;Hassania Union Sport Agadir;Championnat;Exterieur;0-1
2001-02;;30;Olympique Club de Khouribga;Championnat;Domicile;0-1
2002-03;;1;Fath Union Sport;Championnat;Exterieur;1-1
2002-03;;2;Ittihad Riadi de Tanger;Championnat;Domicile;2-0
2002-03;;3;Kenitra Athletic Club;Championnat;Exterieur;2-1
2002-03;;4;Renaissance Sportive de Settat;Championnat;Domicile;0-1
2002-03;;5;Tihad Sportif Casablanca;Championnat;Domicile;1-0
2002-03;;6;Ittihad Zemmouri de Khemisset;Championnat;Exterieur;2-1
2002-03;;7;Kawkab Athletic Club de Marrakech;Championnat;Domicile;0-0
2002-03;;8;Forces Armees Royales;Championnat;Exterieur;0-0
2002-03;;9;Olympique Club de Khouribga;Championnat;Domicile;1-1
2002-03;;10;Jeunesse Sportive Massira;Championnat;Exterieur;0-0
2002-03;;11;Club Omnisport de Meknes;Championnat;Domicile;2-1
2002-03;;12;Raja Club Athletic;Championnat;Exterieur;0-1
2002-03;;13;Sporting Club Chabab de Mohammedia;Championnat;Domicile;1-0
2002-03;;14;Maghreb Association Sportive;Championnat;Exterieur;1-1
2002-03;;15;Hassania Union Sport Agadir;Championnat;Domicile;0-1
2002-03;;16;Fath Union Sport;Championnat;Domicile;0-0
2002-03;;17;Ittihad Riadi de Tanger;Championnat;Exterieur;2-0
2002-03;;18;Kenitra Athletic Club;Championnat;Domicile;0-0
2002-03;;19;Renaissance Sportive de Settat;Championnat;Exterieur;1-0
2002-03;;20;Tihad Sportif Casablanca;Championnat;Exterieur;0-0
2002-03;;21;Ittihad Zemmouri de Khemisset;Championnat;Domicile;1-1
2002-03;;22;Kawkab Athletic Club de Marrakech;Championnat;Exterieur;1-0
2002-03;;23;Forces Armees Royales;Championnat;Domicile;1-1
2002-03;;24;Olympique Club de Khouribga;Championnat;Exterieur;0-0
2002-03;;25;Jeunesse Sportive Massira;Championnat;Domicile;1-0
2002-03;;26;Club Omnisport de Meknes;Championnat;Exterieur;2-1
2002-03;;27;Raja Club Athletic;Championnat;Domicile;0-3
2002-03;;28;Sporting Club Chabab de Mohammedia;Championnat;Exterieur;2-0
2002-03;;29;Maghreb Association Sportive;Championnat;Domicile;1-0
2002-03;;30;Hassania Union Sport Agadir;Championnat;Exterieur;0-0
2003-04;;1;Club Omnisport de Meknes;Championnat;Domicile;0-0
2003-04;;2;Association Sportive de Sale;Championnat;Exterieur;1-0
2003-04;;3;Maghreb Association Sportive;Championnat;Exterieur;1-1
2003-04;;4;Forces Armees Royales;Championnat;Domicile;0-0
2003-04;;5;Ittihad Zemmouri de Khemisset;Championnat;Exterieur;0-0
2003-04;;6;Sporting Club Chabab de Mohammedia;Championnat;Exterieur;2-0
2003-04;;7;Jeunesse Sportive Massira;Championnat;Exterieur;1-0
2003-04;;8;Kenitra Athletic Club;Championnat;Domicile;2-0
2003-04;;9;Mouloudia Club Oujda;Championnat;Exterieur;0-0
2003-04;;10;Raja Club Athletic;Championnat;Domicile;0-1
2003-04;;11;Ittihad Riadi de Tanger;Championnat;Exterieur;0-1
2003-04;;12;Hassania Union Sport Agadir;Championnat;Domicile;1-0
2003-04;;13;Olympique Club de Khouribga;Championnat;Exterieur;0-0
2003-04;;14;Kawkab Athletic Club de Marrakech;Championnat;Domicile;1-0
2003-04;;15;Renaissance Sportive de Settat;Championnat;Exterieur;3-0
2003-04;;16;Club Omnisport de Meknes;Championnat;Exterieur;2-0
2003-04;;17;Association Sportive de Sale;Championnat;Domicile;0-0
2003-04;;18;Maghreb Association Sportive;Championnat;Domicile;1-0
2003-04;;19;Forces Armees Royales;Championnat;Exterieur;0-0
2003-04;;20;Ittihad Zemmouri de Khemisset;Championnat;Domicile;0-0
2003-04;;21;Sporting Club Chabab de Mohammedia;Championnat;Exterieur;1-1
2003-04;;22;Jeunesse Sportive Massira;Championnat;Domicile;0-0
2003-04;;23;Kenitra Athletic Club;Championnat;Exterieur;1-0
2003-04;;24;Mouloudia Club Oujda;Championnat;Domicile;0-0
2003-04;;25;Raja Club Athletic;Championnat;Exterieur;0-2
2003-04;;26;Ittihad Riadi de Tanger;Championnat;Domicile;0-0
2003-04;;27;Hassania Union Sport Agadir;Championnat;Exterieur;1-0
2003-04;;28;Olympique Club de Khouribga;Championnat;Domicile;0-1
2003-04;;29;Kawkab Athletic Club de Marrakech;Championnat;Exterieur;0-1
2003-04;;30;Renaissance Sportive de Settat;Championnat;Domicile;1-0
2004-05;;1;Ittihad Riadi de Tanger;Championnat;Exterieur;3-0
2004-05;;2;Olympique Club de Khouribga;Championnat;Domicile;3-1
2004-05;;3;Jeunesse Sportive Massira;Championnat;Domicile;1-1
2004-05;;4;Club Omnisport de Meknes;Championnat;Exterieur;0-1
2004-05;;5;Kawkab Athletic Club de Marrakech;Championnat;Domicile;2-0
2004-05;;6;Olympique Safi;Championnat;Exterieur;0-0
2004-05;;7;Forces Armees Royales;Championnat;Domicile;1-0
2004-05;;8;Association Sportive de Sale;Championnat;Exterieur;2-0
2004-05;;9;Mouloudia Club Oujda;Championnat;Domicile;1-0
2004-05;;10;Raja Club Athletic;Championnat;Exterieur;1-1
2004-05;;11;Maghreb Association Sportive;Championnat;Domicile;0-0
2004-05;;12;Sporting Club Chabab de Mohammedia;Championnat;Exterieur;3-0
2004-05;;13;Hassania Union Sport Agadir;Championnat;Domicile;2-0
2004-05;;14;Ittihad Zemmouri de Khemisset;Championnat;Exterieur;0-0
2004-05;;15;Union Touarga Sport;Championnat;Domicile;2-0
2004-05;;16;Ittihad Riadi de Tanger;Championnat;Domicile;4-1
2004-05;;17;Olympique Club de Khouribga;Championnat;Exterieur;1-1
2004-05;;18;Jeunesse Sportive Massira;Championnat;Exterieur;0-2
2004-05;;19;Club Omnisport de Meknes;Championnat;Domicile;1-0
2004-05;;20;Kawkab Athletic Club de Marrakech;Championnat;Exterieur;0-1
2004-05;;21;Olympique Safi;Championnat;Domicile;0-0
2004-05;;22;Forces Armees Royales;Championnat;Exterieur;0-0
2004-05;;23;Association Sportive de Sale;Championnat;Domicile;1-1
2004-05;;24;Mouloudia Club Oujda;Championnat;Exterieur;1-1
2004-05;;25;Raja Club Athletic;Championnat;Domicile;0-1
2004-05;;26;Maghreb Association Sportive;Championnat;Exterieur;1-0
2004-05;;27;Sporting Club Chabab de Mohammedia;Championnat;Domicile;0-0
2004-05;;28;Hassania Union Sport Agadir;Championnat;Exterieur;0-0
2004-05;;29;Ittihad Zemmouri de Khemisset;Championnat;Domicile;1-1
2004-05;;30;Union Touarga Sport;Championnat;Exterieur;1-1
2005-06;;1;Sporting Club Chabab de Mohammedia;Championnat;Domicile;1-0
2005-06;;2;Difaa Hassani Jadidi;Championnat;Exterieur;2-1
2005-06;;3;Mouloudia Club Oujda;Championnat;Exterieur;1-0
2005-06;;4;Moghreb Athletic de Tetouan;Championnat;Domicile;2-0
2005-06;;5;Forces Armees Royales;Championnat;Exterieur;0-0
2005-06;;6;Olympique Safi;Championnat;Domicile;1-0
2005-06;;7;Ittihad Zemmouri de Khemisset;Championnat;Exterieur;1-1
2005-06;;8;Association Sportive de Sale;Championnat;Domicile;1-0
2005-06;;9;Jeunesse Sportive Massira;Championnat;Exterieur;0-0
2005-06;;10;Raja Club Athletic;Championnat;Domicile;1-2
2005-06;;11;Ittihad Riadi de Tanger;Championnat;Exterieur;1-1
2005-06;;12;Union Touarga Sport;Championnat;Domicile;3-0
2005-06;;13;Hassania Union Sport Agadir;Championnat;Exterieur;1-2
2005-06;;14;Olympique Club de Khouribga;Championnat;Domicile;2-1
2005-06;;15;Club Omnisport de Meknes;Championnat;Exterieur;1-0
2005-06;;16;Sporting Club Chabab de Mohammedia;Championnat;Exterieur;1-0
2005-06;;17;Difaa Hassani Jadidi;Championnat;Domicile;0-0
2005-06;;18;Mouloudia Club Oujda;Championnat;Domicile;2-1
2005-06;;19;Moghreb Athletic de Tetouan;Championnat;Exterieur;2-1
2005-06;;20;Forces Armees Royales;Championnat;Domicile;1-0
2005-06;;21;Olympique Safi;Championnat;Exterieur;1-1
2005-06;;22;Ittihad Zemmouri de Khemisset;Championnat;Domicile;0-0
2005-06;;23;Association Sportive de Sale;Championnat;Exterieur;1-0
2005-06;;24;Jeunesse Sportive Massira;Championnat;Domicile;1-0
2005-06;;25;Raja Club Athletic;Championnat;Exterieur;1-1
2005-06;;26;Ittihad Riadi de Tanger;Championnat;Domicile;2-0
2005-06;;27;Union Touarga Sport;Championnat;Exterieur;1-0
2005-06;;28;Hassania Union Sport Agadir;Championnat;Domicile;1-1
2005-06;;29;Olympique Club de Khouribga;Championnat;Exterieur;0-2
2005-06;;30;Club Omnisport de Meknes;Championnat;Domicile;1-1
2006-07;;1;Hassania Union Sport Agadir;Championnat;Exterieur;2-1
2006-07;;2;Association Sportive de Sale;Championnat;Domicile;1-1
2006-07;;3;Difaa Hassani Jadidi;Championnat;Exterieur;0-0
2006-07;;4;Ittihad Zemmouri de Khemisset;Championnat;Domicile;3-1
2006-07;;5;Raja Club Athletic;Championnat;Exterieur;1-0
2006-07;;6;Moghreb Athletic de Tetouan;Championnat;Domicile;3-0
2006-07;;7;Maghreb Association Sportive;Championnat;Exterieur;0-0
2006-07;;8;Jeunesse Sportive Massira;Championnat;Domicile;2-1
2006-07;;9;Forces Armees Royales;Championnat;Exterieur;1-0
2006-07;;10;Olympique Safi;Championnat;Domicile;0-1
2006-07;;11;Olympique Club de Khouribga;Championnat;Exterieur;0-2
2006-07;;12;Mouloudia Club Oujda;Championnat;Domicile;2-1
2006-07;;13;Kawkab Athletic Club de Marrakech;Championnat;Domicile;1-1
2006-07;;14;Ittihad Riadi de Tanger;Championnat;Exterieur;0-0
2006-07;;15;Club Omnisport de Meknes;Championnat;Domicile;1-0
2006-07;;16;Hassania Union Sport Agadir;Championnat;Domicile;1-1
2006-07;;17;Association Sportive de Sale;Championnat;Exterieur;3-0
2006-07;;18;Difaa Hassani Jadidi;Championnat;Domicile;1-1
2006-07;;19;Ittihad Zemmouri de Khemisset;Championnat;Exterieur;0-0
2006-07;;20;Raja Club Athletic;Championnat;Domicile;1-1
2006-07;;21;Moghreb Athletic de Tetouan;Championnat;Exterieur;2-4
2006-07;;22;Maghreb Association Sportive;Championnat;Domicile;2-0
2006-07;;23;Jeunesse Sportive Massira;Championnat;Exterieur;0-1
2006-07;;24;Forces Armees Royales;Championnat;Domicile;1-0
2006-07;;25;Olympique Safi;Championnat;Exterieur;1-1
2006-07;;26;Olympique Club de Khouribga;Championnat;Domicile;0-0
2006-07;;27;Mouloudia Club Oujda;Championnat;Exterieur;0-0
2006-07;;28;Kawkab Athletic Club de Marrakech;Championnat;Exterieur;0-0
2006-07;;29;Ittihad Riadi de Tanger;Championnat;Domicile;1-2
2006-07;;30;Club Omnisport de Meknes;Championnat;Exterieur;0-0
2007-08;;1;Kenitra Athletic Club;Championnat;Domicile;3-0
2007-08;;2;Hassania Union Sport Agadir;Championnat;Exterieur;0-0
2007-08;;3;Fath Union Sport;Championnat;Domicile;2-1
2007-08;;4;Difaa Hassani Jadidi;Championnat;Exterieur;0-1
2007-08;;5;Kawkab Athletic Club de Marrakech;Championnat;Domicile;1-1
2007-08;;6;Club Omnisport de Meknes;Championnat;Exterieur;1-0
2007-08;;7;Mouloudia Club Oujda;Championnat;Domicile;4-1
2007-08;;8;Raja Club Athletic;Championnat;Exterieur;0-2
2007-08;;9;Moghreb Athletic de Tetouan;Championnat;Domicile;0-0
2007-08;;10;Jeunesse Sportive Massira;Championnat;Exterieur;1-1
2007-08;;11;Ittihad Zemmouri de Khemisset;Championnat;Domicile;0-2
2007-08;;12;Olympique Safi;Championnat;Exterieur;1-2
2007-08;;13;Forces Armees Royales;Championnat;Domicile;0-0
2007-08;;14;Maghreb Association Sportive;Championnat;Exterieur;3-0
2007-08;;15;Olympique Club de Khouribga;Championnat;Domicile;0-0
2007-08;;16;Kenitra Athletic Club;Championnat;Exterieur;1-0
2007-08;;17;Hassania Union Sport Agadir;Championnat;Domicile;1-1
2007-08;;18;Fath Union Sport;Championnat;Exterieur;0-0
2007-08;;19;Difaa Hassani Jadidi;Championnat;Domicile;2-1
2007-08;;20;Kawkab Athletic Club de Marrakech;Championnat;Exterieur;0-1
2007-08;;21;Club Omnisport de Meknes;Championnat;Domicile;1-1
2007-08;;22;Mouloudia Club Oujda;Championnat;Exterieur;0-2
2007-08;;23;Raja Club Athletic;Championnat;Domicile;0-1
2007-08;;24;Moghreb Athletic de Tetouan;Championnat;Exterieur;1-0
2007-08;;25;Jeunesse Sportive Massira;Championnat;Domicile;1-1
2007-08;;26;Ittihad Zemmouri de Khemisset;Championnat;Exterieur;0-1
2007-08;;27;Olympique Safi;Championnat;Domicile;1-1
2007-08;;28;Forces Armees Royales;Championnat;Exterieur;2-1
2007-08;;29;Maghreb Association Sportive;Championnat;Domicile;1-0
2007-08;;30;Olympique Club de Khouribga;Championnat;Exterieur;1-1
2008-09;;1;Maghreb Association Sportive;Championnat;Exterieur;0-0
2008-09;;2;Kenitra Athletic Club;Championnat;Domicile;1-0
2008-09;;3;Olympique Club de Khouribga;Championnat;Domicile;0-1
2008-09;;4;Kawkab Athletic Club de Marrakech;Championnat;Exterieur;1-1
2008-09;;5;Sporting Club Chabab de Mohammedia;Championnat;Domicile;2-0
2008-09;;6;Hassania Union Sport Agadir;Championnat;Exterieur;0-0
2008-09;;7;Olympique Safi;Championnat;Domicile;3-0
2008-09;;8;Forces Armees Royales;Championnat;Exterieur;0-2
2008-09;;9;Moghreb Athletic de Tetouan;Championnat;Domicile;0-0
2008-09;;10;Association Sportive de Sale;Championnat;Exterieur;0-0
2008-09;;11;Raja Club Athletic;Championnat;Domicile;0-0
2008-09;;12;Jeunesse Sportive Massira;Championnat;Exterieur;1-0
2008-09;;13;Ittihad Zemmouri de Khemisset;Championnat;Domicile;0-0
2008-09;;14;Mouloudia Club Oujda;Championnat;Exterieur;1-0
2008-09;;15;Difaa Hassani Jadidi;Championnat;Domicile;0-1
2008-09;;16;Maghreb Association Sportive;Championnat;Domicile;0-0
2008-09;;17;Kenitra Athletic Club;Championnat;Exterieur;1-0
2008-09;;18;Olympique Club de Khouribga;Championnat;Exterieur;1-0
2008-09;;19;Kawkab Athletic Club de Marrakech;Championnat;Domicile;3-0
2008-09;;20;Sporting Club Chabab de Mohammedia;Championnat;Exterieur;2-1
2008-09;;21;Hassania Union Sport Agadir;Championnat;Domicile;2-1
2008-09;;22;Olympique Safi;Championnat;Exterieur;1-1
2008-09;;23;Forces Armees Royales;Championnat;Domicile;0-0
2008-09;;24;Moghreb Athletic de Tetouan;Championnat;Exterieur;0-2
2008-09;;25;Association Sportive de Sale;Championnat;Domicile;1-0
2008-09;;26;Raja Club Athletic;Championnat;Exterieur;1-0
2008-09;;27;Jeunesse Sportive Massira;Championnat;Domicile;3-3
2008-09;;28;Ittihad Zemmouri de Khemisset;Championnat;Exterieur;0-1
2008-09;;29;Mouloudia Club Oujda;Championnat;Domicile;2-1
2008-09;;30;Difaa Hassani Jadidi;Championnat;Exterieur;0-2
2009-10;;1;Fath Union Sport;Championnat;Exterieur;3-2
2009-10;;2;Jeunesse Sportive Massira;Championnat;Domicile;3-1
2009-10;;3;Maghreb Association Sportive;Championnat;Exterieur;2-2
2009-10;;4;Association Sportive de Sale;Championnat;Domicile;0-1
2009-10;;5;Ittihad Zemmouri de Khemisset;Championnat;Domicile;2-1
2009-10;;6;Olympique Club de Khouribga;Championnat;Exterieur;0-0
2009-10;;7;Olympique Safi;Championnat;Domicile;1-0
2009-10;;8;Forces Armees Royales;Championnat;Exterieur;0-1
2009-10;;9;Hassania Union Sport Agadir;Championnat;Domicile;1-0
2009-10;;10;Kenitra Athletic Club;Championnat;Exterieur;1-0
2009-10;;11;Wydad Athletic de Fes;Championnat;Domicile;3-1
2009-10;;12;Raja Club Athletic;Championnat;Exterieur;1-1
2009-10;;13;Moghreb Athletic de Tetouan;Championnat;Domicile;2-1
2009-10;;14;Kawkab Athletic Club de Marrakech;Championnat;Exterieur;2-0
2009-10;;15;Difaa Hassani Jadidi;Championnat;Domicile;1-2
2009-10;;16;Jeunesse Sportive Massira;Championnat;Exterieur;3-1
2009-10;;17;Maghreb Association Sportive;Championnat;Domicile;1-0
2009-10;;18;Association Sportive de Sale;Championnat;Exterieur;1-1
2009-10;;19;Ittihad Zemmouri de Khemisset;Championnat;Exterieur;0-1
2009-10;;20;Olympique Club de Khouribga;Championnat;Domicile;1-0
2009-10;;21;Olympique Safi;Championnat;Exterieur;1-1
2009-10;;22;Forces Armees Royales;Championnat;Domicile;1-0
2009-10;;23;Hassania Union Sport Agadir;Championnat;Exterieur;1-1
2009-10;;24;Kenitra Athletic Club;Championnat;Domicile;2-2
2009-10;;25;Wydad Athletic de Fes;Championnat;Exterieur;0-0
2009-10;;26;Raja Club Athletic;Championnat;Domicile;0-1
2009-10;;27;Moghreb Athletic de Tetouan;Championnat;Exterieur;0-1
2009-10;;28;Kawkab Athletic Club de Marrakech;Championnat;Domicile;2-0
2009-10;;29;Difaa Hassani Jadidi;Championnat;Exterieur;0-0
2009-10;;30;Fath Union Sport;Championnat;Domicile;1-0
2010-11;;;Chabab Rif Al Hoceima;Championnat;Exterieur;0-0
2010-11;;;Difaa Hassani Jadidi;Championnat;Exterieur;1-0
2010-11;;;Forces Armees Royales;Championnat;Exterieur;1-1
2010-11;;;Fath Union Sport;Championnat;Exterieur;1-0
2010-11;;;Hassania Union Sport Agadir;Championnat;Exterieur;0-0
2010-11;;;Chabab Kasba Tadla;Championnat;Exterieur;3-0
2010-11;;;Jeunesse Sportive Massira;Championnat;Exterieur;1-0
2010-11;;;Kenitra Athletic Club;Championnat;Exterieur;0-0
2010-11;;;Kawkab Athletic Club de Marrakech;Championnat;Exterieur;0-0
2010-11;;;Maghreb Association Sportive;Championnat;Exterieur;1-2
2010-11;;;Moghreb Athletic de Tetouan;Championnat;Exterieur;1-0
2010-11;;;Olympique Club de Khouribga;Championnat;Exterieur;0-1
2010-11;;;Olympique Safi;Championnat;Exterieur;1-0
2010-11;;;Raja Club Athletic;Championnat;Exterieur;2-1
2010-11;;;Chabab Rif Al Hoceima;Championnat;Domicile;2-2
2010-11;;;Difaa Hassani Jadidi;Championnat;Domicile;1-1
2010-11;;;Forces Armees Royales;Championnat;Domicile;1-1
2010-11;;;Fath Union Sport;Championnat;Domicile;0-2
2010-11;;;Hassania Union Sport Agadir;Championnat;Domicile;1-1
2010-11;;;Chabab Kasba Tadla;Championnat;Domicile;0-0
2010-11;;;Jeunesse Sportive Massira;Championnat;Domicile;2-0
2010-11;;;Kenitra Athletic Club;Championnat;Domicile;0-0
2010-11;;;Kawkab Athletic Club de Marrakech;Championnat;Domicile;2-0
2010-11;;;Maghreb Association Sportive;Championnat;Domicile;3-1
2010-11;;;Moghreb Athletic de Tetouan;Championnat;Domicile;1-2
2010-11;;;Olympique Club de Khouribga;Championnat;Domicile;1-2
2010-11;;;Olympique Safi;Championnat;Domicile;1-0
2010-11;;;Raja Club Athletic;Championnat;Domicile;1-1
2010-11;;;Wydad Athletic de Fes;Championnat;Domicile;2-0
2010-11;;;Wydad Athletic de Fes;Championnat;Exterieur;1-0
2011-12;;;Maghreb Association Sportive;Championnat;Exterieur;1-1
2011-12;;;Wydad Athletic de Fes;Championnat;Exterieur;1-0
2011-12;;;Forces Armees Royales;Championnat;Exterieur;2-2
2011-12;;;Fath Union Sport;Championnat;Exterieur;0-0
2011-12;;;Maghreb Association Sportive;Championnat;Domicile;1-1
2011-12;;;Wydad Athletic de Fes;Championnat;Domicile;2-2
2011-12;;;Forces Armees Royales;Championnat;Domicile;2-0
2011-12;;;Fath Union Sport;Championnat;Domicile;2-0
2011-12;;;Raja Club Athletic;Championnat;Domicile;0-0
2011-12;;;Kenitra Athletic Club;Championnat;Domicile;1-1
2011-12;;;Olympique Club de Khouribga;Championnat;Domicile;3-0
2011-12;;;Olympique Safi;Championnat;Domicile;2-1
2011-12;;;Difaa Hassani Jadidi;Championnat;Domicile;0-1
2011-12;;;Moghreb Athletic de Tetouan;Championnat;Domicile;1-0
2011-12;;;Jeunesse Sportive Massira;Championnat;Domicile;2-0
2011-12;;;Hassania Union Sport Agadir;Championnat;Domicile;3-1
2011-12;;;Chabab Rif Al Hoceima;Championnat;Domicile;1-0
2011-12;;;Club Omnisport de Meknes;Championnat;Domicile;1-0
2011-12;;;Ittihad Zemmouri de Khemisset;Championnat;Domicile;2-0
2011-12;;;Raja Club Athletic;Championnat;Exterieur;1-0
2011-12;;;Kenitra Athletic Club;Championnat;Exterieur;1-1
2011-12;;;Olympique Club de Khouribga;Championnat;Exterieur;1-1
2011-12;;;Olympique Safi;Championnat;Exterieur;1-2
2011-12;;;Difaa Hassani Jadidi;Championnat;Exterieur;0-1
2011-12;;;Moghreb Athletic de Tetouan;Championnat;Exterieur;0-2
2011-12;;;Jeunesse Sportive Massira;Championnat;Exterieur;0-0
2011-12;;;Hassania Union Sport Agadir;Championnat;Exterieur;0-1
2011-12;;;Chabab Rif Al Hoceima;Championnat;Exterieur;0-0
2011-12;;;Club Omnisport de Meknes;Championnat;Exterieur;0-0
2011-12;;;Ittihad Zemmouri de Khemisset;Championnat;Exterieur;1-0
