saison;dateMatch;Journee;adversaire;lieu;Joueur;Titulaire;Minutes;Buts;CartonJaune;CartonRouge;TAB_Marque;TAB_Rate
2012/13;2012-09-19;1;FAR;Extérieur;N. El Myaghri;Tit.;90;;;;0;0
2012/13;2012-09-19;1;FAR;Extérieur;M. Lamssen;Tit.;90;;;;0;0
2012/13;2012-09-19;1;FAR;Extérieur;Y. Rabeh;Tit.;90;;1.0;;0;0
2012/13;2012-09-19;1;FAR;Extérieur;S. Fettah;Tit.;90;;1.0;;0;0
2012/13;2012-09-19;1;FAR;Extérieur;Y. El Mankari;Tit.;90;;1.0;;0;0
2012/13;2012-09-19;1;FAR;Extérieur;P. Andersson;Tit.;90;;;;0;0
2012/13;2012-09-19;1;FAR;Extérieur;B. El Hilali;Tit.;90;;;;0;0
2012/13;2012-09-19;1;FAR;Extérieur;M. Berrabah;Tit.;90;;;;0;0
2012/13;2012-09-19;1;FAR;Extérieur;A. Lamnasfi;Tit.;67;;;;0;0
2012/13;2012-09-19;1;FAR;Extérieur;L. Mouithys;Tit.;56;;;;0;0
2012/13;2012-09-19;1;FAR;Extérieur;F. Ondama;Tit.;75;;;;0;0
2012/13;2012-09-19;1;FAR;Extérieur;O. Ghareb;Remp.;23;;;;0;0
2012/13;2012-09-19;1;FAR;Extérieur;O. Najdi;Remp.;15;;;;0;0
2012/13;2012-09-19;1;FAR;Extérieur;Y. El Houassi;Remp.;34;;;;0;0
2012/13;2012-09-23;2;OCK;Domicile;N. El Myaghri;Tit.;90;;;;0;0
2012/13;2012-09-23;2;OCK;Domicile;M. Lamssen;Tit.;73;;;;0;0
2012/13;2012-09-23;2;OCK;Domicile;Y. Rabeh;Tit.;90;;;;0;0
2012/13;2012-09-23;2;OCK;Domicile;O. Ghareb;Tit.;90;;;;0;0
2012/13;2012-09-23;2;OCK;Domicile;S. Fettah;Tit.;90;;;;0;0
2012/13;2012-09-23;2;OCK;Domicile;Y. El Mankari;Tit.;90;;;;0;0
2012/13;2012-09-23;2;OCK;Domicile;P. Andersson;Tit.;66;;;;0;0
2012/13;2012-09-23;2;OCK;Domicile;M. Berrabah;Tit.;90;;;;0;0
2012/13;2012-09-23;2;OCK;Domicile;A. Lamnasfi;Tit.;90;;1.0;;0;0
2012/13;2012-09-23;2;OCK;Domicile;O. Najdi;Tit.;90;1.0;;;0;0
2012/13;2012-09-23;2;OCK;Domicile;F. Ondama;Tit.;90;1.0;;;0;0
2012/13;2012-09-23;2;OCK;Domicile;B. Koné;Remp.;24;;1.0;;0;0
2012/13;2012-09-23;2;OCK;Domicile;A. Kacimi;Remp.;17;;;;0;0
2012/13;2012-09-30;3;MAS;Extérieur;N. El Myaghri;Tit.;90;;;;0;0
2012/13;2012-09-30;3;MAS;Extérieur;M. Lamssen;Tit.;81;;;;0;0
2012/13;2012-09-30;3;MAS;Extérieur;Y. Rabeh;Tit.;90;;;;0;0
2012/13;2012-09-30;3;MAS;Extérieur;O. Ghareb;Tit.;90;;;;0;0
2012/13;2012-09-30;3;MAS;Extérieur;S. Fettah;Tit.;76;;;;0;0
2012/13;2012-09-30;3;MAS;Extérieur;Y. El Mankari;Tit.;34;;1.0;1.0;0;0
2012/13;2012-09-30;3;MAS;Extérieur;B. Koné;Tit.;90;;;;0;0
2012/13;2012-09-30;3;MAS;Extérieur;H. El Amrani;Tit.;90;;1.0;;0;0
2012/13;2012-09-30;3;MAS;Extérieur;B. El Hilali;Tit.;90;;;;0;0
2012/13;2012-09-30;3;MAS;Extérieur;O. Najdi;Tit.;90;;;;0;0
2012/13;2012-09-30;3;MAS;Extérieur;F. Ondama;Tit.;90;;;;0;0
2012/13;2012-09-30;3;MAS;Extérieur;A. Skouma;Remp.;14;;;;0;0
2012/13;2012-09-30;3;MAS;Extérieur;O. Attayat Lah;Remp.;9;;;;0;0
2012/13;2012-10-25;4;CODM;Domicile;N. El Myaghri;Tit.;90;;;;0;0
2012/13;2012-10-25;4;CODM;Domicile;M. Lamssen;Tit.;90;;;;0;0
2012/13;2012-10-25;4;CODM;Domicile;H. El Amrani;Tit.;90;;;;0;0
2012/13;2012-10-25;4;CODM;Domicile;O. Ghareb;Tit.;90;;1.0;;0;0
2012/13;2012-10-25;4;CODM;Domicile;L. Mouithys;Tit.;75;1.0;;;0;0
2012/13;2012-10-25;4;CODM;Domicile;B. Koné;Tit.;90;1.0;;;0;0
2012/13;2012-10-25;4;CODM;Domicile;J. Issen;Tit.;83;;;;0;0
2012/13;2012-10-25;4;CODM;Domicile;B. El Hilali;Tit.;88;;;;0;0
2012/13;2012-10-25;4;CODM;Domicile;Y. El Mankari;Tit.;90;;;;0;0
2012/13;2012-10-25;4;CODM;Domicile;M. Berrabah;Tit.;90;;;;0;0
2012/13;2012-10-25;4;CODM;Domicile;F. Ondama;Tit.;90;1.0;1.0;;0;0
2012/13;2012-10-25;4;CODM;Domicile;O. Najdi;Remp.;15;;;;0;0
2012/13;2012-10-25;4;CODM;Domicile;A. Asbahi;Remp.;7;;;;0;0
2012/13;2012-10-25;4;CODM;Domicile;S. Fettah;Remp.;2;;;;0;0
2012/13;2012-11-01;6;RSB;Extérieur;N. El Myaghri;Tit.;90;;;;0;0
2012/13;2012-11-01;6;RSB;Extérieur;M. Lamssen;Tit.;90;;;;0;0
2012/13;2012-11-01;6;RSB;Extérieur;H. El Amrani;Tit.;90;;1.0;;0;0
2012/13;2012-11-01;6;RSB;Extérieur;S. Fettah;Tit.;90;;;;0;0
2012/13;2012-11-01;6;RSB;Extérieur;B. El Hilali;Tit.;90;;;;0;0
2012/13;2012-11-01;6;RSB;Extérieur;B. Koné;Tit.;89;;;;0;0
2012/13;2012-11-01;6;RSB;Extérieur;M. Berrabah;Tit.;90;;;;0;0
2012/13;2012-11-01;6;RSB;Extérieur;Y. El Mankari;Tit.;90;;;;0;0
2012/13;2012-11-01;6;RSB;Extérieur;J. Issen;Tit.;53;;;;0;0
2012/13;2012-11-01;6;RSB;Extérieur;L. Mouithys;Tit.;90;1.0;;;0;0
2012/13;2012-11-01;6;RSB;Extérieur;F. Ondama;Tit.;82;;1.0;;0;0
2012/13;2012-11-01;6;RSB;Extérieur;O. Najdi;Remp.;8;;;;0;0
2012/13;2012-11-01;6;RSB;Extérieur;Z. El Hilali;Remp.;1;;;;0;0
2012/13;2012-11-01;6;RSB;Extérieur;Y. Lakhal;Remp.;37;;;;0;0
2012/13;2012-11-10;7;DHJ;Domicile;N. El Myaghri;Tit.;90;;;;0;0
2012/13;2012-11-10;7;DHJ;Domicile;M. Lamssen;Tit.;90;;;;0;0
2012/13;2012-11-10;7;DHJ;Domicile;H. El Amrani;Tit.;90;;;;0;0
2012/13;2012-11-10;7;DHJ;Domicile;Y. Rabeh;Tit.;90;;;;0;0
2012/13;2012-11-10;7;DHJ;Domicile;B. El Hilali;Tit.;90;;;;0;0
2012/13;2012-11-10;7;DHJ;Domicile;B. Koné;Tit.;79;;;;0;0
2012/13;2012-11-10;7;DHJ;Domicile;M. Berrabah;Tit.;90;;;;0;0
2012/13;2012-11-10;7;DHJ;Domicile;Y. Lakhal;Tit.;89;1.0;;;0;0
2012/13;2012-11-10;7;DHJ;Domicile;A. Benkejjane;Tit.;90;;;;0;0
2012/13;2012-11-10;7;DHJ;Domicile;F. Ondama;Tit.;58;;;;0;0
2012/13;2012-11-10;7;DHJ;Domicile;L. Mouithys;Tit.;90;;1.0;;0;0
2012/13;2012-11-10;7;DHJ;Domicile;O. Najdi;Remp.;32;;;;0;0
2012/13;2012-11-10;7;DHJ;Domicile;S. Fettah;Remp.;11;;;;0;0
2012/13;2012-11-10;7;DHJ;Domicile;A. Lamnasfi;Remp.;1;;;;0;0
2012/13;2012-11-17;5;CRA;Domicile;N. El Myaghri;Tit.;90;;;;0;0
2012/13;2012-11-17;5;CRA;Domicile;H. El Amrani;Tit.;90;;;;0;0
2012/13;2012-11-17;5;CRA;Domicile;A. Benkejjane;Tit.;90;;;;0;0
2012/13;2012-11-17;5;CRA;Domicile;Y. Rabeh;Tit.;90;;;;0;0
2012/13;2012-11-17;5;CRA;Domicile;M. Lamssen;Tit.;90;;;;0;0
2012/13;2012-11-17;5;CRA;Domicile;B. Koné;Tit.;67;;;;0;0
2012/13;2012-11-17;5;CRA;Domicile;Y. El Mankari;Tit.;90;;;;0;0
2012/13;2012-11-17;5;CRA;Domicile;M. Berrabah;Tit.;90;;;;0;0
2012/13;2012-11-17;5;CRA;Domicile;B. El Hilali;Tit.;88;;1.0;;0;0
2012/13;2012-11-17;5;CRA;Domicile;F. Ondama;Tit.;90;;;;0;0
2012/13;2012-11-17;5;CRA;Domicile;L. Mouithys;Tit.;61;1.0;;;0;0
2012/13;2012-11-17;5;CRA;Domicile;Y. El Houassi;Remp.;29;;;;0;0
2012/13;2012-11-17;5;CRA;Domicile;Y. Lakhal;Remp.;23;;;;0;0
2012/13;2012-11-17;5;CRA;Domicile;S. Fettah;Remp.;2;;;;0;0
2012/13;2012-11-21;8;FUS;Extérieur;N. El Myaghri;Tit.;90;;;;0;0
2012/13;2012-11-21;8;FUS;Extérieur;H. El Amrani;Tit.;90;;;;0;0
2012/13;2012-11-21;8;FUS;Extérieur;A. Benkejjane;Tit.;90;;;;0;0
2012/13;2012-11-21;8;FUS;Extérieur;Y. Rabeh;Tit.;90;;1.0;;0;0
2012/13;2012-11-21;8;FUS;Extérieur;M. Lamssen;Tit.;90;;;;0;0
2012/13;2012-11-21;8;FUS;Extérieur;P. Andersson;Tit.;70;;;;0;0
2012/13;2012-11-21;8;FUS;Extérieur;Y. El Mankari;Tit.;90;;1.0;;0;0
2012/13;2012-11-21;8;FUS;Extérieur;S. Fettah;Tit.;90;;;;0;0
2012/13;2012-11-21;8;FUS;Extérieur;Y. Lakhal;Tit.;47;;;;0;0
2012/13;2012-11-21;8;FUS;Extérieur;F. Ondama;Tit.;90;;;;0;0
2012/13;2012-11-21;8;FUS;Extérieur;L. Mouithys;Tit.;90;;;;0;0
2012/13;2012-11-21;8;FUS;Extérieur;A. Zaoui;Remp.;43;;;;0;0
2012/13;2012-11-21;8;FUS;Extérieur;O. Najdi;Remp.;20;1.0;;;0;0
2012/13;2012-11-25;9;RBM;Domicile;N. El Myaghri;Tit.;90;;;;0;0
2012/13;2012-11-25;9;RBM;Domicile;H. El Amrani;Tit.;90;;;;0;0
2012/13;2012-11-25;9;RBM;Domicile;A. Rachdi;Tit.;90;;;;0;0
2012/13;2012-11-25;9;RBM;Domicile;Y. Rabeh;Tit.;90;;;;0;0
2012/13;2012-11-25;9;RBM;Domicile;M. Lamssen;Tit.;90;1.0;1.0;;0;0
2012/13;2012-11-25;9;RBM;Domicile;B. Koné;Tit.;90;;1.0;;0;0
2012/13;2012-11-25;9;RBM;Domicile;Y. El Mankari;Tit.;77;;1.0;;0;0
2012/13;2012-11-25;9;RBM;Domicile;A. Zaoui;Tit.;68;;;;0;0
2012/13;2012-11-25;9;RBM;Domicile;P. Andersson;Tit.;90;;;;0;0
2012/13;2012-11-25;9;RBM;Domicile;O. Najdi;Tit.;83;;;;0;0
2012/13;2012-11-25;9;RBM;Domicile;L. Mouithys;Tit.;90;;;;0;0
2012/13;2012-11-25;9;RBM;Domicile;Y. El Houassi;Remp.;7;;;;0;0
2012/13;2012-11-25;9;RBM;Domicile;J. Issen;Remp.;22;;;;0;0
2012/13;2012-11-25;9;RBM;Domicile;A. Kacimi;Remp.;11;;;;0;0
2012/13;2012-12-02;10;KAC;Extérieur;N. El Myaghri;Tit.;90;;;;0;0
2012/13;2012-12-02;10;KAC;Extérieur;H. El Amrani;Tit.;90;;1.0;;0;0
2012/13;2012-12-02;10;KAC;Extérieur;A. Rachdi;Tit.;90;;;;0;0
2012/13;2012-12-02;10;KAC;Extérieur;Y. Rabeh;Tit.;90;;;;0;0
2012/13;2012-12-02;10;KAC;Extérieur;M. Lamssen;Tit.;90;;1.0;;0;0
2012/13;2012-12-02;10;KAC;Extérieur;B. Koné;Tit.;76;1.0;;;0;0
2012/13;2012-12-02;10;KAC;Extérieur;A. Asbahi;Tit.;90;;;;0;0
2012/13;2012-12-02;10;KAC;Extérieur;S. Fettah;Tit.;88;;1.0;;0;0
2012/13;2012-12-02;10;KAC;Extérieur;Y. El Mankari;Tit.;90;;1.0;;0;0
2012/13;2012-12-02;10;KAC;Extérieur;A. Mouaoui;Tit.;72;;;;0;0
2012/13;2012-12-02;10;KAC;Extérieur;L. Mouithys;Tit.;90;;;;0;0
2012/13;2012-12-02;10;KAC;Extérieur;A. Zaoui;Remp.;2;;;;0;0
2012/13;2012-12-02;10;KAC;Extérieur;P. Andersson;Remp.;14;;;;0;0
2012/13;2012-12-02;10;KAC;Extérieur;Y. El Houassi;Remp.;18;;;;0;0
2012/13;2012-12-09;11;WAF;Domicile;N. El Myaghri;Tit.;90;;;;0;0
2012/13;2012-12-09;11;WAF;Domicile;H. El Amrani;Tit.;90;1.0;;;0;0
2012/13;2012-12-09;11;WAF;Domicile;A. Benkejjane;Tit.;51;;;;0;0
2012/13;2012-12-09;11;WAF;Domicile;Y. Rabeh;Tit.;90;;;;0;0
2012/13;2012-12-09;11;WAF;Domicile;M. Lamssen;Tit.;90;;;;0;0
2012/13;2012-12-09;11;WAF;Domicile;O. Najdi;Tit.;90;;;;0;0
2012/13;2012-12-09;11;WAF;Domicile;S. Fettah;Tit.;90;;;;0;0
2012/13;2012-12-09;11;WAF;Domicile;P. Andersson;Tit.;90;;;;0;0
2012/13;2012-12-09;11;WAF;Domicile;M. Berrabah;Tit.;90;;;;0;0
2012/13;2012-12-09;11;WAF;Domicile;F. Ondama;Tit.;90;;;;0;0
2012/13;2012-12-09;11;WAF;Domicile;L. Mouithys;Tit.;72;;;;0;0
2012/13;2012-12-09;11;WAF;Domicile;A. Asbahi;Remp.;39;;;;0;0
2012/13;2012-12-09;11;WAF;Domicile;Y. El Houassi;Remp.;18;;;;0;0
2012/13;2012-12-16;12;RCA;Extérieur;N. El Myaghri;Tit.;90;;;;0;0
2012/13;2012-12-16;12;RCA;Extérieur;S. Fettah;Tit.;90;;;;0;0
2012/13;2012-12-16;12;RCA;Extérieur;Y. Rabeh;Tit.;90;;;;0;0
2012/13;2012-12-16;12;RCA;Extérieur;H. El Amrani;Tit.;90;;;;0;0
2012/13;2012-12-16;12;RCA;Extérieur;M. Lamssen;Tit.;90;;;;0;0
2012/13;2012-12-16;12;RCA;Extérieur;Y. El Mankari;Tit.;90;;;;0;0
2012/13;2012-12-16;12;RCA;Extérieur;P. Andersson;Tit.;90;;;;0;0
2012/13;2012-12-16;12;RCA;Extérieur;Y. Lakhal;Tit.;62;;;;0;0
2012/13;2012-12-16;12;RCA;Extérieur;M. Berrabah;Tit.;90;;;;0;0
2012/13;2012-12-16;12;RCA;Extérieur;F. Ondama;Tit.;83;1.0;;;0;0
2012/13;2012-12-16;12;RCA;Extérieur;L. Mouithys;Tit.;89;;1.0;;0;0
2012/13;2012-12-16;12;RCA;Extérieur;O. Najdi;Remp.;1;;;;0;0
2012/13;2012-12-16;12;RCA;Extérieur;A. Lamnasfi;Remp.;28;;;;0;0
2012/13;2012-12-16;12;RCA;Extérieur;A. Asbahi;Remp.;7;;;;0;0
2012/13;2012-12-22;13;OCS;Domicile;N. El Myaghri;Tit.;90;;;;0;0
2012/13;2012-12-22;13;OCS;Domicile;M. Lamssen;Tit.;73;;;;0;0
2012/13;2012-12-22;13;OCS;Domicile;Y. Rabeh;Tit.;90;;1.0;;0;0
2012/13;2012-12-22;13;OCS;Domicile;H. El Amrani;Tit.;90;1.0;1.0;;0;0
2012/13;2012-12-22;13;OCS;Domicile;S. Fettah;Tit.;90;;;;0;0
2012/13;2012-12-22;13;OCS;Domicile;Y. El Mankari;Tit.;90;1.0;1.0;;0;0
2012/13;2012-12-22;13;OCS;Domicile;P. Andersson;Tit.;90;;;;0;0
2012/13;2012-12-22;13;OCS;Domicile;Y. Lakhal;Tit.;68;1.0;;;0;0
2012/13;2012-12-22;13;OCS;Domicile;M. Berrabah;Tit.;85;;1.0;;0;0
2012/13;2012-12-22;13;OCS;Domicile;L. Mouithys;Tit.;90;;1.0;;0;0
2012/13;2012-12-22;13;OCS;Domicile;F. Ondama;Tit.;90;1.0;;;0;0
2012/13;2012-12-22;13;OCS;Domicile;O. Najdi;Remp.;22;;;;0;0
2012/13;2012-12-22;13;OCS;Domicile;A. Asbahi;Remp.;5;;1.0;;0;0
2012/13;2012-12-22;13;OCS;Domicile;A. El Khaliqi;Remp.;17;;;;0;0
2012/13;2012-12-29;14;HUSA;Extérieur;N. El Myaghri;Tit.;90;-1.0;;;0;0
2012/13;2012-12-29;14;HUSA;Extérieur;M. Lamssen;Tit.;90;;;;0;0
2012/13;2012-12-29;14;HUSA;Extérieur;Y. Rabeh;Tit.;90;;1.0;;0;0
2012/13;2012-12-29;14;HUSA;Extérieur;Y. El Mankari;Tit.;90;;;;0;0
2012/13;2012-12-29;14;HUSA;Extérieur;S. Fettah;Tit.;90;;;;0;0
2012/13;2012-12-29;14;HUSA;Extérieur;Y. Lakhal;Tit.;75;;;1.0;0;0
2012/13;2012-12-29;14;HUSA;Extérieur;P. Andersson;Tit.;90;;;;0;0
2012/13;2012-12-29;14;HUSA;Extérieur;A. Asbahi;Tit.;90;;;;0;0
2012/13;2012-12-29;14;HUSA;Extérieur;M. Berrabah;Tit.;70;;;;0;0
2012/13;2012-12-29;14;HUSA;Extérieur;O. Najdi;Tit.;78;;;;0;0
2012/13;2012-12-29;14;HUSA;Extérieur;F. Ondama;Tit.;89;;;;0;0
2012/13;2012-12-29;14;HUSA;Extérieur;B. El Hilali;Remp.;20;;;;0;0
2012/13;2012-12-29;14;HUSA;Extérieur;A. Lamnasfi;Remp.;1;;;;0;0
2012/13;2012-12-29;14;HUSA;Extérieur;Y. El Houassi;Remp.;12;;;;0;0
2012/13;2013-01-06;15;MAT;Domicile;Y. El Houassli;Tit.;90;;;;0;0
2012/13;2013-01-06;15;MAT;Domicile;M. Lamssen;Tit.;90;;;;0;0
2012/13;2013-01-06;15;MAT;Domicile;A. Atouchi;Tit.;90;;;;0;0
2012/13;2013-01-06;15;MAT;Domicile;J. Allioui;Tit.;90;;;;0;0
2012/13;2013-01-06;15;MAT;Domicile;S. Fettah;Tit.;90;;;;0;0
2012/13;2013-01-06;15;MAT;Domicile;B. El Hilali;Tit.;70;;;;0;0
2012/13;2013-01-06;15;MAT;Domicile;P. Andersson;Tit.;90;1.0;;;0;0
2012/13;2013-01-06;15;MAT;Domicile;Y. El Mankari;Tit.;90;;1.0;;0;0
2012/13;2013-01-06;15;MAT;Domicile;A. Asbahi;Tit.;89;;1.0;;0;0
2012/13;2013-01-06;15;MAT;Domicile;L. Mouithys;Tit.;90;1.0;1.0;;0;0
2012/13;2013-01-06;15;MAT;Domicile;F. Ondama;Tit.;90;;1.0;;0;0
2012/13;2013-01-06;15;MAT;Domicile;A. Lamnasfi;Remp.;1;;;;0;0
2012/13;2013-01-06;15;MAT;Domicile;O. Najdi;Remp.;20;;;;0;0
2012/13;2013-02-11;16;OCK;Extérieur;N. El Myaghri;Tit.;66;;;1.0;0;0
2012/13;2013-02-11;16;OCK;Extérieur;M. Lamssen;Tit.;90;;;;0;0
2012/13;2013-02-11;16;OCK;Extérieur;Y. Rabeh;Tit.;90;;;;0;0
2012/13;2013-02-11;16;OCK;Extérieur;Y. Rami;Tit.;90;;;;0;0
2012/13;2013-02-11;16;OCK;Extérieur;K. Sekkat;Tit.;90;;;;0;0
2012/13;2013-02-11;16;OCK;Extérieur;B. El Hilali;Tit.;90;;;;0;0
2012/13;2013-02-11;16;OCK;Extérieur;P. Andersson;Tit.;88;;;;0;0
2012/13;2013-02-11;16;OCK;Extérieur;Y. El Mankari;Tit.;90;;;;0;0
2012/13;2013-02-11;16;OCK;Extérieur;A. Asbahi;Tit.;88;;;;0;0
2012/13;2013-02-11;16;OCK;Extérieur;L. Mouithys;Tit.;90;;;;0;0
2012/13;2013-02-11;16;OCK;Extérieur;F. Ondama;Tit.;70;;;;0;0
2012/13;2013-02-11;16;OCK;Extérieur;Y. El Houassli;Remp.;20;;;;0;0
2012/13;2013-02-11;16;OCK;Extérieur;S. Fettah;Remp.;2;;;;0;0
2012/13;2013-02-11;16;OCK;Extérieur;Y. El Houassi;Remp.;2;;;;0;0
2012/13;2013-02-17;17;MAS;Domicile;Y. El Houassli;Tit.;90;;;;0;0
2012/13;2013-02-17;17;MAS;Domicile;M. Lamssen;Tit.;90;;;;0;0
2012/13;2013-02-17;17;MAS;Domicile;Y. Rabeh;Tit.;90;;;;0;0
2012/13;2013-02-17;17;MAS;Domicile;Y. Rami;Tit.;90;;;;0;0
2012/13;2013-02-17;17;MAS;Domicile;K. Sekkat;Tit.;90;;;;0;0
2012/13;2013-02-17;17;MAS;Domicile;B. El Hilali;Tit.;59;;;;0;0
2012/13;2013-02-17;17;MAS;Domicile;P. Andersson;Tit.;75;;1.0;;0;0
2012/13;2013-02-17;17;MAS;Domicile;Y. El Mankari;Tit.;90;;1.0;;0;0
2012/13;2013-02-17;17;MAS;Domicile;A. Asbahi;Tit.;77;;;;0;0
2012/13;2013-02-17;17;MAS;Domicile;L. Mouithys;Tit.;90;;;;0;0
2012/13;2013-02-17;17;MAS;Domicile;F. Ondama;Tit.;90;;;;0;0
2012/13;2013-02-17;17;MAS;Domicile;B. Koné;Remp.;15;;;;0;0
2012/13;2013-02-17;17;MAS;Domicile;O. Attayat Lah;Remp.;31;;;;0;0
2012/13;2013-02-17;17;MAS;Domicile;M. Berrabah;Remp.;13;;;;0;0
2012/13;2013-02-23;18;CODM;Extérieur;Y. El Houassli;Tit.;90;;;;0;0
2012/13;2013-02-23;18;CODM;Extérieur;M. Lamssen;Tit.;90;;;;0;0
2012/13;2013-02-23;18;CODM;Extérieur;Y. Rabeh;Tit.;90;;;;0;0
2012/13;2013-02-23;18;CODM;Extérieur;Y. Rami;Tit.;90;;;;0;0
2012/13;2013-02-23;18;CODM;Extérieur;K. Sekkat;Tit.;89;;;;0;0
2012/13;2013-02-23;18;CODM;Extérieur;Y. El Mankari;Tit.;90;;;;0;0
2012/13;2013-02-23;18;CODM;Extérieur;B. El Hilali;Tit.;72;;1.0;;0;0
2012/13;2013-02-23;18;CODM;Extérieur;P. Andersson;Tit.;90;;1.0;;0;0
2012/13;2013-02-23;18;CODM;Extérieur;M. Berrabah;Tit.;90;;;;0;0
2012/13;2013-02-23;18;CODM;Extérieur;L. Mouithys;Tit.;90;1.0;;;0;0
2012/13;2013-02-23;18;CODM;Extérieur;Y. El Houassi;Tit.;77;;;;0;0
2012/13;2013-02-23;18;CODM;Extérieur;B. Koné;Remp.;18;;;;0;0
2012/13;2013-02-23;18;CODM;Extérieur;S. Fettah;Remp.;1;;;;0;0
2012/13;2013-02-23;18;CODM;Extérieur;A. Lamnasfi;Remp.;13;;1.0;;0;0
2012/13;2013-03-03;19;CRA;Extérieur;N. El Myaghri;Tit.;90;;;;0;0
2012/13;2013-03-03;19;CRA;Extérieur;M. Lamssen;Tit.;90;;1.0;;0;0
2012/13;2013-03-03;19;CRA;Extérieur;Y. Rabeh;Tit.;90;;;;0;0
2012/13;2013-03-03;19;CRA;Extérieur;Y. Rami;Tit.;90;;;;0;0
2012/13;2013-03-03;19;CRA;Extérieur;S. Fettah;Tit.;90;;1.0;;0;0
2012/13;2013-03-03;19;CRA;Extérieur;Y. El Mankari;Tit.;90;;;;0;0
2012/13;2013-03-03;19;CRA;Extérieur;B. El Hilali;Tit.;87;;;;0;0
2012/13;2013-03-03;19;CRA;Extérieur;P. Andersson;Tit.;89;1.0;;;0;0
2012/13;2013-03-03;19;CRA;Extérieur;M. Berrabah;Tit.;90;;;;0;0
2012/13;2013-03-03;19;CRA;Extérieur;A. Lamnasfi;Tit.;59;;;;0;0
2012/13;2013-03-03;19;CRA;Extérieur;L. Mouithys;Tit.;90;;;;0;0
2012/13;2013-03-03;19;CRA;Extérieur;A. Asbahi;Remp.;3;;;;0;0
2012/13;2013-03-03;19;CRA;Extérieur;F. Ondama;Remp.;31;;;;0;0
2012/13;2013-03-03;19;CRA;Extérieur;B. Koné;Remp.;1;;;;0;0
2012/13;2013-03-03;19;CRA;Extérieur;Y. El Houassi;Banc.;0;;1.0;;0;0
2012/13;2013-03-10;20;RSB;Domicile;N. El Myaghri;Tit.;90;;;;0;0
2012/13;2013-03-10;20;RSB;Domicile;A. Rachdi;Tit.;78;;1.0;;0;0
2012/13;2013-03-10;20;RSB;Domicile;Y. Rabeh;Tit.;34;;;1.0;0;0
2012/13;2013-03-10;20;RSB;Domicile;Y. Rami;Tit.;90;;1.0;;0;0
2012/13;2013-03-10;20;RSB;Domicile;S. Fettah;Tit.;90;;1.0;;0;0
2012/13;2013-03-10;20;RSB;Domicile;M. Berrabah;Tit.;90;;;;0;0
2012/13;2013-03-10;20;RSB;Domicile;Y. Lakhal;Tit.;46;;;;0;0
2012/13;2013-03-10;20;RSB;Domicile;P. Andersson;Tit.;90;;;;0;0
2012/13;2013-03-10;20;RSB;Domicile;A. Asbahi;Tit.;61;;;;0;0
2012/13;2013-03-10;20;RSB;Domicile;F. Ondama;Tit.;90;;;;0;0
2012/13;2013-03-10;20;RSB;Domicile;L. Mouithys;Tit.;90;;;;0;0
2012/13;2013-03-10;20;RSB;Domicile;Y. El Mankari;Remp.;44;;;;0;0
2012/13;2013-03-10;20;RSB;Domicile;B. El Hilali;Remp.;29;;;;0;0
2012/13;2013-03-10;20;RSB;Domicile;O. Najdi;Remp.;12;;1.0;;0;0
2012/13;2013-03-28;21;DHJ;Extérieur;N. El Myaghri;Tit.;90;;;;0;0
2012/13;2013-03-28;21;DHJ;Extérieur;M. Lamssen;Tit.;90;;;;0;0
2012/13;2013-03-28;21;DHJ;Extérieur;A. Atouchi;Tit.;90;;;;0;0
2012/13;2013-03-28;21;DHJ;Extérieur;J. Allioui;Tit.;90;;1.0;;0;0
2012/13;2013-03-28;21;DHJ;Extérieur;S. Fettah;Tit.;90;;;;0;0
2012/13;2013-03-28;21;DHJ;Extérieur;Y. El Mankari;Tit.;90;;;;0;0
2012/13;2013-03-28;21;DHJ;Extérieur;P. Andersson;Tit.;81;;;;0;0
2012/13;2013-03-28;21;DHJ;Extérieur;M. Berrabah;Tit.;74;;1.0;;0;0
2012/13;2013-03-28;21;DHJ;Extérieur;B. El Hilali;Tit.;90;;;;0;0
2012/13;2013-03-28;21;DHJ;Extérieur;Y. El Houassi;Tit.;90;;1.0;;0;0
2012/13;2013-03-28;21;DHJ;Extérieur;O. Najdi;Tit.;73;1.0;;;0;0
2012/13;2013-03-28;21;DHJ;Extérieur;B. Koné;Remp.;16;;;;0;0
2012/13;2013-03-28;21;DHJ;Extérieur;A. Asbahi;Remp.;8;;;;0;0
2012/13;2013-03-28;21;DHJ;Extérieur;L. Mouithys;Remp.;17;;;;0;0
2012/13;2013-04-01;22;FUS;Domicile;N. El Myaghri;Tit.;90;;;;0;0
2012/13;2013-04-01;22;FUS;Domicile;M. Lamssen;Tit.;90;;;;0;0
2012/13;2013-04-01;22;FUS;Domicile;J. Allioui;Tit.;90;;;;0;0
2012/13;2013-04-01;22;FUS;Domicile;Y. Rami;Tit.;90;;;;0;0
2012/13;2013-04-01;22;FUS;Domicile;S. Fettah;Tit.;90;;;;0;0
2012/13;2013-04-01;22;FUS;Domicile;Y. El Mankari;Tit.;90;;1.0;;0;0
2012/13;2013-04-01;22;FUS;Domicile;M. Berrabah;Tit.;90;;1.0;;0;0
2012/13;2013-04-01;22;FUS;Domicile;P. Andersson;Tit.;90;1.0;1.0;;0;0
2012/13;2013-04-01;22;FUS;Domicile;B. El Hilali;Tit.;77;;;;0;0
2012/13;2013-04-01;22;FUS;Domicile;O. Najdi;Tit.;63;;;;0;0
2012/13;2013-04-01;22;FUS;Domicile;Y. El Houassi;Tit.;89;;;;0;0
2012/13;2013-04-01;22;FUS;Domicile;Y. Lakhal;Remp.;1;;;;0;0
2012/13;2013-04-01;22;FUS;Domicile;L. Mouithys;Remp.;27;;;;0;0
2012/13;2013-04-01;22;FUS;Domicile;A. Asbahi;Remp.;13;;1.0;;0;0
2012/13;2013-04-12;24;KAC;Domicile;N. El Myaghri;Tit.;90;;;;0;0
2012/13;2013-04-12;24;KAC;Domicile;M. Lamssen;Tit.;90;;;;0;0
2012/13;2013-04-12;24;KAC;Domicile;Y. Rami;Tit.;90;;1.0;;0;0
2012/13;2013-04-12;24;KAC;Domicile;J. Allioui;Tit.;90;;1.0;;0;0
2012/13;2013-04-12;24;KAC;Domicile;K. Sekkat;Tit.;90;;;;0;0
2012/13;2013-04-12;24;KAC;Domicile;S. Fettah;Tit.;65;;;;0;0
2012/13;2013-04-12;24;KAC;Domicile;P. Andersson;Tit.;90;;;;0;0
2012/13;2013-04-12;24;KAC;Domicile;A. Asbahi;Tit.;90;;;;0;0
2012/13;2013-04-12;24;KAC;Domicile;F. Ondama;Tit.;46;;;;0;0
2012/13;2013-04-12;24;KAC;Domicile;O. Najdi;Tit.;56;;;;0;0
2012/13;2013-04-12;24;KAC;Domicile;Y. El Houassi;Tit.;90;1.0;;;0;0
2012/13;2013-04-12;24;KAC;Domicile;B. El Hilali;Remp.;44;;;;0;0
2012/13;2013-04-12;24;KAC;Domicile;B. Koné;Remp.;25;;;;0;0
2012/13;2013-04-12;24;KAC;Domicile;L. Mouithys;Remp.;34;;;;0;0
2012/13;2013-04-15;23;RBM;Extérieur;N. El Myaghri;Tit.;90;;;;0;0
2012/13;2013-04-15;23;RBM;Extérieur;M. Lamssen;Tit.;90;;;;0;0
2012/13;2013-04-15;23;RBM;Extérieur;Y. Rabeh;Tit.;90;;;;0;0
2012/13;2013-04-15;23;RBM;Extérieur;J. Allioui;Tit.;90;;;;0;0
2012/13;2013-04-15;23;RBM;Extérieur;K. Sekkat;Tit.;90;;;;0;0
2012/13;2013-04-15;23;RBM;Extérieur;S. Fettah;Tit.;90;;;;0;0
2012/13;2013-04-15;23;RBM;Extérieur;M. Berrabah;Tit.;90;;;;0;0
2012/13;2013-04-15;23;RBM;Extérieur;A. Zaoui;Tit.;70;;;;0;0
2012/13;2013-04-15;23;RBM;Extérieur;F. Ondama;Tit.;90;1.0;;;0;0
2012/13;2013-04-15;23;RBM;Extérieur;O. Najdi;Tit.;64;;;;0;0
2012/13;2013-04-15;23;RBM;Extérieur;Y. El Houassi;Tit.;57;;;;0;0
2012/13;2013-04-15;23;RBM;Extérieur;P. Andersson;Remp.;26;;;;0;0
2012/13;2013-04-15;23;RBM;Extérieur;B. Koné;Remp.;20;;;;0;0
2012/13;2013-04-15;23;RBM;Extérieur;A. Lamnasfi;Remp.;33;;;;0;0
2012/13;2013-04-28;26;RCA;Domicile;N. El Myaghri;Tit.;90;;1.0;;0;0
2012/13;2013-04-28;26;RCA;Domicile;M. Lamssen;Tit.;90;;1.0;;0;0
2012/13;2013-04-28;26;RCA;Domicile;J. Allioui;Tit.;90;;1.0;;0;0
2012/13;2013-04-28;26;RCA;Domicile;Y. Rami;Tit.;90;;;;0;0
2012/13;2013-04-28;26;RCA;Domicile;K. Sekkat;Tit.;90;1.0;;;0;0
2012/13;2013-04-28;26;RCA;Domicile;S. Fettah;Tit.;90;;1.0;;0;0
2012/13;2013-04-28;26;RCA;Domicile;Y. El Mankari;Tit.;90;;1.0;;0;0
2012/13;2013-04-28;26;RCA;Domicile;M. Berrabah;Tit.;90;;;;0;0
2012/13;2013-04-28;26;RCA;Domicile;P. Andersson;Tit.;89;;;;0;0
2012/13;2013-04-28;26;RCA;Domicile;F. Ondama;Tit.;64;;1.0;;0;0
2012/13;2013-04-28;26;RCA;Domicile;L. Mouithys;Tit.;84;;;;0;0
2012/13;2013-04-28;26;RCA;Domicile;B. El Hilali;Remp.;26;;;;0;0
2012/13;2013-04-28;26;RCA;Domicile;Y. El Houassi;Remp.;6;;;;0;0
2012/13;2013-04-28;26;RCA;Domicile;A. Zaoui;Remp.;1;;;;0;0
2012/13;2013-05-08;25;WAF;Extérieur;N. El Myaghri;Tit.;90;;;;0;0
2012/13;2013-05-08;25;WAF;Extérieur;M. Lamssen;Tit.;90;;;;0;0
2012/13;2013-05-08;25;WAF;Extérieur;J. Allioui;Tit.;33;;;;0;0
2012/13;2013-05-08;25;WAF;Extérieur;Y. Rabeh;Tit.;90;;1.0;;0;0
2012/13;2013-05-08;25;WAF;Extérieur;K. Sekkat;Tit.;90;;;;0;0
2012/13;2013-05-08;25;WAF;Extérieur;B. El Hilali;Tit.;70;;;;0;0
2012/13;2013-05-08;25;WAF;Extérieur;Y. El Mankari;Tit.;90;;;;0;0
2012/13;2013-05-08;25;WAF;Extérieur;M. Berrabah;Tit.;90;;;;0;0
2012/13;2013-05-08;25;WAF;Extérieur;P. Andersson;Tit.;90;;;;0;0
2012/13;2013-05-08;25;WAF;Extérieur;Y. El Houassi;Tit.;55;;;;0;0
2012/13;2013-05-08;25;WAF;Extérieur;O. Najdi;Tit.;90;;;;0;0
2012/13;2013-05-08;25;WAF;Extérieur;Y. Rami;Remp.;57;;1.0;;0;0
2012/13;2013-05-08;25;WAF;Extérieur;A. Zaoui;Remp.;35;;;;0;0
2012/13;2013-05-08;25;WAF;Extérieur;O. Attayat Lah;Remp.;20;;;;0;0
2012/13;2013-05-13;27;OCS;Extérieur;N. El Myaghri;Tit.;90;;;;0;0
2012/13;2013-05-13;27;OCS;Extérieur;M. Lamssen;Tit.;90;;;;0;0
2012/13;2013-05-13;27;OCS;Extérieur;M. Hibbane;Tit.;90;;;;0;0
2012/13;2013-05-13;27;OCS;Extérieur;A. Atouchi;Tit.;90;;;;0;0
2012/13;2013-05-13;27;OCS;Extérieur;K. Sekkat;Tit.;90;;;;0;0
2012/13;2013-05-13;27;OCS;Extérieur;S. Fettah;Tit.;75;;;;0;0
2012/13;2013-05-13;27;OCS;Extérieur;Y. El Mankari;Tit.;60;;;;0;0
2012/13;2013-05-13;27;OCS;Extérieur;M. Berrabah;Tit.;90;1.0;;;0;0
2012/13;2013-05-13;27;OCS;Extérieur;P. Andersson;Tit.;86;;;;0;0
2012/13;2013-05-13;27;OCS;Extérieur;B. Koné;Tit.;90;;1.0;;0;0
2012/13;2013-05-13;27;OCS;Extérieur;Y. El Houassi;Tit.;90;1.0;;;0;0
2012/13;2013-05-13;27;OCS;Extérieur;A. Asbahi;Remp.;30;;;;0;0
2012/13;2013-05-13;27;OCS;Extérieur;A. Lamnasfi;Remp.;15;;;;0;0
2012/13;2013-05-13;27;OCS;Extérieur;O. Najdi;Remp.;4;;;;0;0
2012/13;2013-05-18;28;HUSA;Domicile;N. El Myaghri;Tit.;90;;;;0;0
2012/13;2013-05-18;28;HUSA;Domicile;M. Lamssen;Tit.;90;;;;0;0
2012/13;2013-05-18;28;HUSA;Domicile;M. Hibbane;Tit.;90;;;;0;0
2012/13;2013-05-18;28;HUSA;Domicile;A. Atouchi;Tit.;90;;;;0;0
2012/13;2013-05-18;28;HUSA;Domicile;K. Sekkat;Tit.;90;;;;0;0
2012/13;2013-05-18;28;HUSA;Domicile;S. Fettah;Tit.;90;;;;0;0
2012/13;2013-05-18;28;HUSA;Domicile;Y. El Mankari;Tit.;51;;;1.0;0;0
2012/13;2013-05-18;28;HUSA;Domicile;M. Berrabah;Tit.;90;;;;0;0
2012/13;2013-05-18;28;HUSA;Domicile;P. Andersson;Tit.;90;1.0;;;0;0
2012/13;2013-05-18;28;HUSA;Domicile;A. Lamnasfi;Tit.;46;;;;0;0
2012/13;2013-05-18;28;HUSA;Domicile;Y. El Houassi;Tit.;80;;;;0;0
2012/13;2013-05-18;28;HUSA;Domicile;F. Ondama;Remp.;44;;;;0;0
2012/13;2013-05-18;28;HUSA;Domicile;L. Mouithys;Remp.;10;;;;0;0
2012/13;2013-05-24;29;MAT;Extérieur;N. El Myaghri;Tit.;90;;;;0;0
2012/13;2013-05-24;29;MAT;Extérieur;M. Lamssen;Tit.;90;;;;0;0
2012/13;2013-05-24;29;MAT;Extérieur;Y. Rabeh;Tit.;90;;;;0;0
2012/13;2013-05-24;29;MAT;Extérieur;A. Atouchi;Tit.;90;;;;0;0
2012/13;2013-05-24;29;MAT;Extérieur;K. Sekkat;Tit.;90;;;;0;0
2012/13;2013-05-24;29;MAT;Extérieur;S. Fettah;Tit.;90;;;;0;0
2012/13;2013-05-24;29;MAT;Extérieur;M. Berrabah;Tit.;90;;;;0;0
2012/13;2013-05-24;29;MAT;Extérieur;A. Asbahi;Tit.;89;;1.0;;0;0
2012/13;2013-05-24;29;MAT;Extérieur;P. Andersson;Tit.;89;1.0;1.0;;0;0
2012/13;2013-05-24;29;MAT;Extérieur;B. Koné;Tit.;90;;;;0;0
2012/13;2013-05-24;29;MAT;Extérieur;Y. El Houassi;Tit.;90;;1.0;;0;0
2012/13;2013-05-24;29;MAT;Extérieur;A. Dghoghi;Remp.;1;;;;0;0
2012/13;2013-05-24;29;MAT;Extérieur;R. Houbri;Remp.;1;;;;0;0
2012/13;2013-05-29;30;FAR;Domicile;Y. El Houassli;Tit.;90;;;;0;0
2012/13;2013-05-29;30;FAR;Domicile;M. Lamssen;Tit.;90;;;;0;0
2012/13;2013-05-29;30;FAR;Domicile;M. Hibbane;Tit.;90;;;;0;0
2012/13;2013-05-29;30;FAR;Domicile;A. Atouchi;Tit.;90;;;;0;0
2012/13;2013-05-29;30;FAR;Domicile;A. Kacimi;Tit.;90;;;;0;0
2012/13;2013-05-29;30;FAR;Domicile;S. Fettah;Tit.;90;;;;0;0
2012/13;2013-05-29;30;FAR;Domicile;M. Berrabah;Tit.;90;;;;0;0
2012/13;2013-05-29;30;FAR;Domicile;R. Houbri;Tit.;62;;;;0;0
2012/13;2013-05-29;30;FAR;Domicile;A. Dghoghi;Tit.;46;;;;0;0
2012/13;2013-05-29;30;FAR;Domicile;B. Koné;Tit.;90;;;;0;0
2012/13;2013-05-29;30;FAR;Domicile;O. Najdi;Tit.;52;;1.0;;0;0
2012/13;2013-05-29;30;FAR;Domicile;A. Zaoui;Remp.;44;;;;0;0
2012/13;2013-05-29;30;FAR;Domicile;F. Ondama;Remp.;38;;;;0;0
2012/13;2013-05-29;30;FAR;Domicile;Y. Lakhal;Remp.;28;;;;0;0
2013/14;2013-08-26;1;DHJ;Extérieur;N. El Myaghri;Tit.;90;;;;0;0
2013/14;2013-08-26;1;DHJ;Extérieur;A. El Khaliqi;Tit.;90;;;;0;0
2013/14;2013-08-26;1;DHJ;Extérieur;Y. Rami;Tit.;90;;1.0;;0;0
2013/14;2013-08-26;1;DHJ;Extérieur;H. El Amrani;Tit.;90;;1.0;;0;0
2013/14;2013-08-26;1;DHJ;Extérieur;M. Lamssen;Tit.;90;;;;0;0
2013/14;2013-08-26;1;DHJ;Extérieur;S. Fettah;Tit.;90;;;;0;0
2013/14;2013-08-26;1;DHJ;Extérieur;M. Berrabah;Tit.;90;;;;0;0
2013/14;2013-08-26;1;DHJ;Extérieur;A. Asbahi;Tit.;90;;;;0;0
2013/14;2013-08-26;1;DHJ;Extérieur;A. Lamnasfi;Tit.;68;;;;0;0
2013/14;2013-08-26;1;DHJ;Extérieur;M. S. Vierra;Tit.;68;;;;0;0
2013/14;2013-08-26;1;DHJ;Extérieur;F. Ondama;Tit.;83;;;;0;0
2013/14;2013-08-26;1;DHJ;Extérieur;B. Koné;Remp.;22;;;;0;0
2013/14;2013-08-26;1;DHJ;Extérieur;Y. Lakhal;Remp.;7;;;;0;0
2013/14;2013-08-26;1;DHJ;Extérieur;T. Ijroutten;Remp.;22;;;;0;0
2013/14;2013-09-01;2;KAC;Domicile;N. El Myaghri;Tit.;90;;;;0;0
2013/14;2013-09-01;2;KAC;Domicile;A. El Khaliqi;Tit.;90;1.0;1.0;;0;0
2013/14;2013-09-01;2;KAC;Domicile;Y. Rami;Tit.;90;;1.0;;0;0
2013/14;2013-09-01;2;KAC;Domicile;H. El Amrani;Tit.;90;;;;0;0
2013/14;2013-09-01;2;KAC;Domicile;M. Lamssen;Tit.;90;;;;0;0
2013/14;2013-09-01;2;KAC;Domicile;S. Fettah;Tit.;90;;;;0;0
2013/14;2013-09-01;2;KAC;Domicile;M. Berrabah;Tit.;90;;1.0;;0;0
2013/14;2013-09-01;2;KAC;Domicile;B. Koné;Tit.;85;;;;0;0
2013/14;2013-09-01;2;KAC;Domicile;T. Ijroutten;Tit.;79;;;;0;0
2013/14;2013-09-01;2;KAC;Domicile;M. S. Vierra;Tit.;90;1.0;;;0;0
2013/14;2013-09-01;2;KAC;Domicile;F. Ondama;Tit.;73;;;;0;0
2013/14;2013-09-01;2;KAC;Domicile;Y. El Mankari;Remp.;5;;;;0;0
2013/14;2013-09-01;2;KAC;Domicile;Y. Lakhal;Remp.;17;;;;0;0
2013/14;2013-09-01;2;KAC;Domicile;O. Najdi;Remp.;11;1.0;;;0;0
2013/14;2013-09-21;3;HUSA;Domicile;N. El Myaghri;Tit.;90;;1.0;;0;0
2013/14;2013-09-21;3;HUSA;Domicile;A. El Khaliqi;Tit.;90;;;;0;0
2013/14;2013-09-21;3;HUSA;Domicile;H. El Amrani;Tit.;90;;1.0;;0;0
2013/14;2013-09-21;3;HUSA;Domicile;Y. Rami;Tit.;90;;1.0;;0;0
2013/14;2013-09-21;3;HUSA;Domicile;N. Oulji;Tit.;90;;1.0;;0;0
2013/14;2013-09-21;3;HUSA;Domicile;S. Fettah;Tit.;90;;;1.0;0;0
2013/14;2013-09-21;3;HUSA;Domicile;M. Berrabah;Tit.;90;;;;0;0
2013/14;2013-09-21;3;HUSA;Domicile;B. Koné;Tit.;75;;1.0;;0;0
2013/14;2013-09-21;3;HUSA;Domicile;T. Ijroutten;Tit.;64;;;;0;0
2013/14;2013-09-21;3;HUSA;Domicile;O. Najdi;Tit.;75;;;;0;0
2013/14;2013-09-21;3;HUSA;Domicile;F. Ondama;Tit.;90;1.0;1.0;;0;0
2013/14;2013-09-21;3;HUSA;Domicile;M. Lamssen;Tit.;90;;;;0;0
2013/14;2013-09-21;3;HUSA;Domicile;A. Lamnasfi;Remp.;15;;;;0;0
2013/14;2013-09-21;3;HUSA;Domicile;M. S. Vierra;Remp.;15;;;;0;0
2013/14;2013-09-21;3;HUSA;Domicile;M. Ivona;Remp.;26;;;;0;0
2013/14;2013-09-29;4;KACM;Extérieur;N. El Myaghri;Tit.;90;;;;0;0
2013/14;2013-09-29;4;KACM;Extérieur;A. El Khaliqi;Tit.;90;;;;0;0
2013/14;2013-09-29;4;KACM;Extérieur;H. El Amrani;Tit.;84;;1.0;;0;0
2013/14;2013-09-29;4;KACM;Extérieur;Y. Rami;Tit.;90;;;;0;0
2013/14;2013-09-29;4;KACM;Extérieur;N. Oulji;Tit.;90;;;;0;0
2013/14;2013-09-29;4;KACM;Extérieur;M. Lamssen;Tit.;90;;1.0;;0;0
2013/14;2013-09-29;4;KACM;Extérieur;M. Berrabah;Tit.;90;;;;0;0
2013/14;2013-09-29;4;KACM;Extérieur;B. Koné;Tit.;72;;;;0;0
2013/14;2013-09-29;4;KACM;Extérieur;Y. Lakhal;Tit.;72;;1.0;;0;0
2013/14;2013-09-29;4;KACM;Extérieur;M. Ivona;Tit.;90;;;;0;0
2013/14;2013-09-29;4;KACM;Extérieur;F. Ondama;Tit.;90;;;;0;0
2013/14;2013-09-29;4;KACM;Extérieur;T. Ijroutten;Remp.;18;;;;0;0
2013/14;2013-09-29;4;KACM;Extérieur;O. Najdi;Remp.;6;;;;0;0
2013/14;2013-09-29;4;KACM;Extérieur;Y. El Houassi;Remp.;18;;;;0;0
2013/14;2013-10-23;5;FUS;Domicile;N. El Myaghri;Tit.;90;;;;0;0
2013/14;2013-10-23;5;FUS;Domicile;A. El Khaliqi;Tit.;90;;;;0;0
2013/14;2013-10-23;5;FUS;Domicile;Z. Zahid;Tit.;90;;1.0;;0;0
2013/14;2013-10-23;5;FUS;Domicile;A. Atouchi;Tit.;90;;;;0;0
2013/14;2013-10-23;5;FUS;Domicile;N. Oulji;Tit.;90;;;;0;0
2013/14;2013-10-23;5;FUS;Domicile;M. Lamssen;Tit.;90;;;;0;0
2013/14;2013-10-23;5;FUS;Domicile;W. El Karti;Tit.;85;;;;0;0
2013/14;2013-10-23;5;FUS;Domicile;A. Asbahi;Tit.;90;;;;0;0
2013/14;2013-10-23;5;FUS;Domicile;S. Fettah;Tit.;90;;;;0;0
2013/14;2013-10-23;5;FUS;Domicile;M. S. Vierra;Tit.;67;;;;0;0
2013/14;2013-10-23;5;FUS;Domicile;Y. El Houassi;Tit.;85;;;;0;0
2013/14;2013-10-23;5;FUS;Domicile;A. Lamnasfi;Remp.;5;;;;0;0
2013/14;2013-10-23;5;FUS;Domicile;M. Ivona;Remp.;23;2.0;;;0;0
2013/14;2013-10-23;5;FUS;Domicile;R. El Hajhouj;Remp.;5;;;;0;0
2013/14;2013-10-27;6;MAS;Extérieur;N. El Myaghri;Tit.;90;;;;0;0
2013/14;2013-10-27;6;MAS;Extérieur;A. El Khaliqi;Tit.;90;;1.0;;0;0
2013/14;2013-10-27;6;MAS;Extérieur;Z. Zahid;Tit.;90;;;;0;0
2013/14;2013-10-27;6;MAS;Extérieur;A. Atouchi;Tit.;90;;;;0;0
2013/14;2013-10-27;6;MAS;Extérieur;N. Oulji;Tit.;90;1.0;;;0;0
2013/14;2013-10-27;6;MAS;Extérieur;M. Lamssen;Tit.;90;;1.0;;0;0
2013/14;2013-10-27;6;MAS;Extérieur;W. El Karti;Tit.;70;;1.0;;0;0
2013/14;2013-10-27;6;MAS;Extérieur;A. Asbahi;Tit.;90;;;;0;0
2013/14;2013-10-27;6;MAS;Extérieur;S. Fettah;Tit.;90;;;;0;0
2013/14;2013-10-27;6;MAS;Extérieur;Y. El Houassi;Tit.;89;;;;0;0
2013/14;2013-10-27;6;MAS;Extérieur;M. Ivona;Tit.;84;;;;0;0
2013/14;2013-10-27;6;MAS;Extérieur;M. Saidi;Remp.;1;;;;0;0
2013/14;2013-10-27;6;MAS;Extérieur;T. Ijroutten;Remp.;6;;;;0;0
2013/14;2013-10-27;6;MAS;Extérieur;A. Lamnasfi;Remp.;20;;;;0;0
2013/14;2013-11-02;7;MAT;Domicile;N. El Myaghri;Tit.;90;;;;0;0
2013/14;2013-11-02;7;MAT;Domicile;A. El Khaliqi;Tit.;90;;;;0;0
2013/14;2013-11-02;7;MAT;Domicile;Z. Zahid;Tit.;90;;1.0;;0;0
2013/14;2013-11-02;7;MAT;Domicile;A. Atouchi;Tit.;90;;;;0;0
2013/14;2013-11-02;7;MAT;Domicile;N. Oulji;Tit.;90;;;;0;0
2013/14;2013-11-02;7;MAT;Domicile;M. Lamssen;Tit.;90;;;;0;0
2013/14;2013-11-02;7;MAT;Domicile;W. El Karti;Tit.;87;;;;0;0
2013/14;2013-11-02;7;MAT;Domicile;A. Asbahi;Tit.;90;;;;0;0
2013/14;2013-11-02;7;MAT;Domicile;S. Fettah;Tit.;90;;;;0;0
2013/14;2013-11-02;7;MAT;Domicile;Y. El Houassi;Tit.;83;1.0;;;0;0
2013/14;2013-11-02;7;MAT;Domicile;M. Ivona;Tit.;78;1.0;;;0;0
2013/14;2013-11-02;7;MAT;Domicile;M. Saidi;Remp.;3;;;;0;0
2013/14;2013-11-02;7;MAT;Domicile;T. Ijroutten;Remp.;12;;1.0;;0;0
2013/14;2013-11-02;7;MAT;Domicile;F. Ondama;Remp.;7;;;;0;0
2013/14;2013-11-09;8;OCS;Extérieur;Y. El Houassli;Tit.;90;;1.0;;0;0
2013/14;2013-11-09;8;OCS;Extérieur;A. El Khaliqi;Tit.;90;;;;0;0
2013/14;2013-11-09;8;OCS;Extérieur;Z. Zahid;Tit.;90;;;;0;0
2013/14;2013-11-09;8;OCS;Extérieur;A. Atouchi;Tit.;90;;;;0;0
2013/14;2013-11-09;8;OCS;Extérieur;N. Oulji;Tit.;90;;;;0;0
2013/14;2013-11-09;8;OCS;Extérieur;M. Lamssen;Tit.;60;;;;0;0
2013/14;2013-11-09;8;OCS;Extérieur;W. El Karti;Tit.;84;;;;0;0
2013/14;2013-11-09;8;OCS;Extérieur;A. Asbahi;Tit.;62;;;;0;0
2013/14;2013-11-09;8;OCS;Extérieur;S. Fettah;Tit.;90;;;;0;0
2013/14;2013-11-09;8;OCS;Extérieur;Y. El Houassi;Tit.;90;1.0;;;0;0
2013/14;2013-11-09;8;OCS;Extérieur;M. Ivona;Tit.;90;;;;0;0
2013/14;2013-11-09;8;OCS;Extérieur;B. Koné;Remp.;28;1.0;;;0;0
2013/14;2013-11-09;8;OCS;Extérieur;M. Berrabah;Remp.;30;;;;0;0
2013/14;2013-11-09;8;OCS;Extérieur;F. Ondama;Remp.;6;;;;0;0
2013/14;2013-11-17;9;OCK;Domicile;N. El Myaghri;Tit.;90;;;;0;0
2013/14;2013-11-17;9;OCK;Domicile;A. El Khaliqi;Tit.;12;;;;0;0
2013/14;2013-11-17;9;OCK;Domicile;Z. Zahid;Tit.;90;;;;0;0
2013/14;2013-11-17;9;OCK;Domicile;A. Atouchi;Tit.;90;;;;0;0
2013/14;2013-11-17;9;OCK;Domicile;N. Oulji;Tit.;90;;;;0;0
2013/14;2013-11-17;9;OCK;Domicile;B. Koné;Tit.;90;;;;0;0
2013/14;2013-11-17;9;OCK;Domicile;W. El Karti;Tit.;87;;;;0;0
2013/14;2013-11-17;9;OCK;Domicile;M. Berrabah;Tit.;90;;;;0;0
2013/14;2013-11-17;9;OCK;Domicile;S. Fettah;Tit.;90;1.0;;;0;0
2013/14;2013-11-17;9;OCK;Domicile;F. Ondama;Tit.;90;2.0;1.0;;0;0
2013/14;2013-11-17;9;OCK;Domicile;M. Ivona;Tit.;75;;;;0;0
2013/14;2013-11-17;9;OCK;Domicile;M. Lamssen;Remp.;12;;;;0;0
2013/14;2013-11-17;9;OCK;Domicile;A. Asbahi;Remp.;3;;;;0;0
2013/14;2013-11-17;9;OCK;Domicile;Y. El Houassi;Remp.;15;;;;0;0
2013/14;2013-11-24;10;RCA;Extérieur;N. El Myaghri;Tit.;90;;;;0;0
2013/14;2013-11-24;10;RCA;Extérieur;A. El Khaliqi;Tit.;90;;;;0;0
2013/14;2013-11-24;10;RCA;Extérieur;Z. Zahid;Tit.;45;;;;0;0
2013/14;2013-11-24;10;RCA;Extérieur;A. Atouchi;Tit.;90;;;;0;0
2013/14;2013-11-24;10;RCA;Extérieur;N. Oulji;Tit.;90;;;;0;0
2013/14;2013-11-24;10;RCA;Extérieur;B. Koné;Tit.;90;1.0;1.0;;0;0
2013/14;2013-11-24;10;RCA;Extérieur;A. Asbahi;Tit.;90;;;;0;0
2013/14;2013-11-24;10;RCA;Extérieur;M. Berrabah;Tit.;90;;;;0;0
2013/14;2013-11-24;10;RCA;Extérieur;S. Fettah;Tit.;90;;1.0;;0;0
2013/14;2013-11-24;10;RCA;Extérieur;F. Ondama;Tit.;84;;;;0;0
2013/14;2013-11-24;10;RCA;Extérieur;M. Ivona;Tit.;90;;;;0;0
2013/14;2013-11-24;10;RCA;Extérieur;Y. Rami;Remp.;45;;;;0;0
2013/14;2013-11-24;10;RCA;Extérieur;Y. Lakhal;Remp.;6;;;;0;0
2013/14;2013-11-29;11;RSB;Domicile;N. El Myaghri;Tit.;90;;;;0;0
2013/14;2013-11-29;11;RSB;Domicile;A. El Khaliqi;Tit.;90;;;;0;0
2013/14;2013-11-29;11;RSB;Domicile;A. Atouchi;Tit.;90;;;;0;0
2013/14;2013-11-29;11;RSB;Domicile;Y. Rami;Tit.;90;;1.0;;0;0
2013/14;2013-11-29;11;RSB;Domicile;N. Oulji;Tit.;90;1.0;1.0;;0;0
2013/14;2013-11-29;11;RSB;Domicile;W. El Karti;Tit.;83;;;;0;0
2013/14;2013-11-29;11;RSB;Domicile;M. Berrabah;Tit.;22;;;;0;0
2013/14;2013-11-29;11;RSB;Domicile;S. Fettah;Tit.;90;;;;0;0
2013/14;2013-11-29;11;RSB;Domicile;B. Koné;Tit.;89;;;;0;0
2013/14;2013-11-29;11;RSB;Domicile;M. Ivona;Tit.;90;2.0;;;0;0
2013/14;2013-11-29;11;RSB;Domicile;F. Ondama;Tit.;90;;;;0;0
2013/14;2013-11-29;11;RSB;Domicile;M. Lamssen;Remp.;68;;;;0;0
2013/14;2013-11-29;11;RSB;Domicile;A. Asbahi;Remp.;1;;;;0;0
2013/14;2013-11-29;11;RSB;Domicile;O. Najdi;Remp.;7;;;;0;0
2013/14;2013-12-08;12;CRA;Extérieur;N. El Myaghri;Tit.;90;;;;0;0
2013/14;2013-12-08;12;CRA;Extérieur;A. El Khaliqi;Tit.;90;;1.0;;0;0
2013/14;2013-12-08;12;CRA;Extérieur;A. Atouchi;Tit.;90;;;;0;0
2013/14;2013-12-08;12;CRA;Extérieur;Y. Rabeh;Tit.;90;;;;0;0
2013/14;2013-12-08;12;CRA;Extérieur;N. Oulji;Tit.;90;;;;0;0
2013/14;2013-12-08;12;CRA;Extérieur;B. Koné;Tit.;64;;;;0;0
2013/14;2013-12-08;12;CRA;Extérieur;A. Asbahi;Tit.;64;;;;0;0
2013/14;2013-12-08;12;CRA;Extérieur;M. Lamssen;Tit.;90;;1.0;;0;0
2013/14;2013-12-08;12;CRA;Extérieur;S. Fettah;Tit.;90;;;;0;0
2013/14;2013-12-08;12;CRA;Extérieur;F. Ondama;Tit.;90;;;;0;0
2013/14;2013-12-08;12;CRA;Extérieur;M. Ivona;Tit.;90;;;;0;0
2013/14;2013-12-08;12;CRA;Extérieur;W. El Karti;Remp.;26;;;;0;0
2013/14;2013-12-08;12;CRA;Extérieur;M. S. Vierra;Remp.;26;;;;0;0
2013/14;2013-12-15;13;FAR;Domicile;N. El Myaghri;Tit.;90;;;;0;0
2013/14;2013-12-15;13;FAR;Domicile;A. El Khaliqi;Tit.;90;;;;0;0
2013/14;2013-12-15;13;FAR;Domicile;A. Atouchi;Tit.;90;;;;0;0
2013/14;2013-12-15;13;FAR;Domicile;Y. Rabeh;Tit.;90;;;;0;0
2013/14;2013-12-15;13;FAR;Domicile;N. Oulji;Tit.;90;;;;0;0
2013/14;2013-12-15;13;FAR;Domicile;B. Koné;Tit.;85;;;;0;0
2013/14;2013-12-15;13;FAR;Domicile;A. Asbahi;Tit.;65;;1.0;1.0;0;0
2013/14;2013-12-15;13;FAR;Domicile;W. El Karti;Tit.;67;;;;0;0
2013/14;2013-12-15;13;FAR;Domicile;S. Fettah;Tit.;89;;1.0;1.0;0;0
2013/14;2013-12-15;13;FAR;Domicile;F. Ondama;Tit.;78;1.0;;;0;0
2013/14;2013-12-15;13;FAR;Domicile;M. Ivona;Tit.;90;1.0;1.0;;0;0
2013/14;2013-12-15;13;FAR;Domicile;Z. Zahid;Remp.;5;;;;0;0
2013/14;2013-12-15;13;FAR;Domicile;Y. El Mankari;Remp.;23;;;;0;0
2013/14;2013-12-15;13;FAR;Domicile;Y. El Houassi;Remp.;12;;;;0;0
2013/14;2013-12-23;14;WAF;Extérieur;N. El Myaghri;Tit.;90;;;;0;0
2013/14;2013-12-23;14;WAF;Extérieur;A. El Khaliqi;Tit.;90;1.0;;;0;0
2013/14;2013-12-23;14;WAF;Extérieur;A. Atouchi;Tit.;90;;;;0;0
2013/14;2013-12-23;14;WAF;Extérieur;Y. Rabeh;Tit.;90;;;;0;0
2013/14;2013-12-23;14;WAF;Extérieur;N. Oulji;Tit.;90;;;;0;0
2013/14;2013-12-23;14;WAF;Extérieur;M. Lamssen;Tit.;90;;1.0;;0;0
2013/14;2013-12-23;14;WAF;Extérieur;W. El Karti;Tit.;89;;;;0;0
2013/14;2013-12-23;14;WAF;Extérieur;B. Koné;Tit.;90;;1.0;;0;0
2013/14;2013-12-23;14;WAF;Extérieur;F. Ondama;Tit.;90;1.0;;;0;0
2013/14;2013-12-23;14;WAF;Extérieur;M. Ivona;Tit.;84;;;;0;0
2013/14;2013-12-23;14;WAF;Extérieur;Y. El Houassi;Tit.;74;;;;0;0
2013/14;2013-12-23;14;WAF;Extérieur;Y. El Mankari;Remp.;6;;;;0;0
2013/14;2013-12-23;14;WAF;Extérieur;Y. Lakhal;Remp.;16;;;;0;0
2013/14;2013-12-23;14;WAF;Extérieur;O. Najdi;Remp.;1;;;;0;0
2013/14;2013-12-29;15;ASS;Domicile;N. El Myaghri;Tit.;90;;;;0;0
2013/14;2013-12-29;15;ASS;Domicile;A. El Khaliqi;Tit.;90;;1.0;;0;0
2013/14;2013-12-29;15;ASS;Domicile;A. Atouchi;Tit.;90;;;;0;0
2013/14;2013-12-29;15;ASS;Domicile;Y. Rabeh;Tit.;90;;;;0;0
2013/14;2013-12-29;15;ASS;Domicile;N. Oulji;Tit.;90;1.0;;;0;0
2013/14;2013-12-29;15;ASS;Domicile;B. Koné;Tit.;90;;;;0;0
2013/14;2013-12-29;15;ASS;Domicile;W. El Karti;Tit.;77;;;;0;0
2013/14;2013-12-29;15;ASS;Domicile;A. Asbahi;Tit.;90;;1.0;;0;0
2013/14;2013-12-29;15;ASS;Domicile;S. Fettah;Tit.;90;;;;0;0
2013/14;2013-12-29;15;ASS;Domicile;F. Ondama;Tit.;90;;;;0;0
2013/14;2013-12-29;15;ASS;Domicile;M. Ivona;Tit.;90;;;;0;0
2013/14;2013-12-29;15;ASS;Domicile;Y. El Houassi;Remp.;13;;;;0;0
2013/14;2014-02-09;16;KAC;Extérieur;N. El Myaghri;Tit.;90;;;;0;0
2013/14;2014-02-09;16;KAC;Extérieur;M. Lamssen;Tit.;90;;1.0;;0;0
2013/14;2014-02-09;16;KAC;Extérieur;Y. Rabeh;Tit.;90;;;;0;0
2013/14;2014-02-09;16;KAC;Extérieur;A. Atouchi;Tit.;90;;;;0;0
2013/14;2014-02-09;16;KAC;Extérieur;N. Oulji;Tit.;90;;;;0;0
2013/14;2014-02-09;16;KAC;Extérieur;A. Asbahi;Tit.;89;;;;0;0
2013/14;2014-02-09;16;KAC;Extérieur;M. Berrabah;Tit.;90;;;;0;0
2013/14;2014-02-09;16;KAC;Extérieur;S. Fettah;Tit.;90;;;;0;0
2013/14;2014-02-09;16;KAC;Extérieur;Y. El Houassi;Tit.;90;1.0;;;0;0
2013/14;2014-02-09;16;KAC;Extérieur;M. Ivona;Tit.;80;;;;0;0
2013/14;2014-02-09;16;KAC;Extérieur;F. Ondama;Tit.;75;;;;0;0
2013/14;2014-02-09;16;KAC;Extérieur;W. El Karti;Remp.;10;;;;0;0
2013/14;2014-02-09;16;KAC;Extérieur;O. Attayat Lah;Remp.;1;;;;0;0
2013/14;2014-02-09;16;KAC;Extérieur;M. S. Vierra;Remp.;15;;;;0;0
2013/14;2014-02-15;17;HUSA;Extérieur;N. El Myaghri;Tit.;90;;;;0;0
2013/14;2014-02-15;17;HUSA;Extérieur;M. Lamssen;Tit.;90;;;;0;0
2013/14;2014-02-15;17;HUSA;Extérieur;Y. Rabeh;Tit.;90;;;;0;0
2013/14;2014-02-15;17;HUSA;Extérieur;A. Atouchi;Tit.;90;;1.0;;0;0
2013/14;2014-02-15;17;HUSA;Extérieur;N. Oulji;Tit.;90;;;;0;0
2013/14;2014-02-15;17;HUSA;Extérieur;B. Koné;Tit.;89;;;;0;0
2013/14;2014-02-15;17;HUSA;Extérieur;M. Berrabah;Tit.;90;;;;0;0
2013/14;2014-02-15;17;HUSA;Extérieur;S. Fettah;Tit.;70;;1.0;1.0;0;0
2013/14;2014-02-15;17;HUSA;Extérieur;Y. El Houassi;Tit.;40;;;;0;0
2013/14;2014-02-15;17;HUSA;Extérieur;M. Ivona;Tit.;79;;;;0;0
2013/14;2014-02-15;17;HUSA;Extérieur;F. Ondama;Tit.;90;;;;0;0
2013/14;2014-02-15;17;HUSA;Extérieur;W. El Karti;Remp.;50;;;;0;0
2013/14;2014-02-15;17;HUSA;Extérieur;Y. Lakhal;Remp.;1;;;;0;0
2013/14;2014-02-15;17;HUSA;Extérieur;T. Ijroutten;Remp.;11;;;;0;0
2013/14;2014-02-22;18;KACM;Domicile;N. El Myaghri;Tit.;90;;;;0;0
2013/14;2014-02-22;18;KACM;Domicile;M. Lamssen;Tit.;90;;;;0;0
2013/14;2014-02-22;18;KACM;Domicile;Y. Rabeh;Tit.;90;;;;0;0
2013/14;2014-02-22;18;KACM;Domicile;M. Saidi;Tit.;90;;;;0;0
2013/14;2014-02-22;18;KACM;Domicile;N. Oulji;Tit.;90;;;;0;0
2013/14;2014-02-22;18;KACM;Domicile;W. El Karti;Tit.;66;;;;0;0
2013/14;2014-02-22;18;KACM;Domicile;A. Asbahi;Tit.;90;;;;0;0
2013/14;2014-02-22;18;KACM;Domicile;T. Ijroutten;Tit.;60;;;;0;0
2013/14;2014-02-22;18;KACM;Domicile;B. Koné;Tit.;90;;1.0;;0;0
2013/14;2014-02-22;18;KACM;Domicile;Y. Lakhal;Tit.;85;;;;0;0
2013/14;2014-02-22;18;KACM;Domicile;F. Ondama;Tit.;90;;;;0;0
2013/14;2014-02-22;18;KACM;Domicile;M. Berrabah;Remp.;24;;1.0;;0;0
2013/14;2014-02-22;18;KACM;Domicile;M. Ivona;Remp.;30;;;;0;0
2013/14;2014-02-22;18;KACM;Domicile;R. El Hajhouj;Remp.;5;;;;0;0
2013/14;2014-03-02;19;FUS;Extérieur;M. Akid;Tit.;90;;;;0;0
2013/14;2014-03-02;19;FUS;Extérieur;M. Lamssen;Tit.;90;;;;0;0
2013/14;2014-03-02;19;FUS;Extérieur;Y. Rabeh;Tit.;90;;;;0;0
2013/14;2014-03-02;19;FUS;Extérieur;A. Atouchi;Tit.;90;;1.0;;0;0
2013/14;2014-03-02;19;FUS;Extérieur;N. Oulji;Tit.;78;;;;0;0
2013/14;2014-03-02;19;FUS;Extérieur;Y. Lakhal;Tit.;90;;;;0;0
2013/14;2014-03-02;19;FUS;Extérieur;A. Asbahi;Tit.;90;;;;0;0
2013/14;2014-03-02;19;FUS;Extérieur;M. Berrabah;Tit.;90;;1.0;;0;0
2013/14;2014-03-02;19;FUS;Extérieur;S. Fettah;Tit.;90;;;;0;0
2013/14;2014-03-02;19;FUS;Extérieur;M. Ivona;Tit.;90;;;;0;0
2013/14;2014-03-02;19;FUS;Extérieur;F. Ondama;Tit.;90;;;;0;0
2013/14;2014-03-02;19;FUS;Extérieur;Z. Zahid;Remp.;12;;;;0;0
2013/14;2014-03-14;21;MAT;Extérieur;M. Akid;Tit.;90;;;;0;0
2013/14;2014-03-14;21;MAT;Extérieur;A. El Khaliqi;Tit.;90;;;;0;0
2013/14;2014-03-14;21;MAT;Extérieur;Y. Rabeh;Tit.;90;;;;0;0
2013/14;2014-03-14;21;MAT;Extérieur;A. Atouchi;Tit.;90;;;;0;0
2013/14;2014-03-14;21;MAT;Extérieur;N. Oulji;Tit.;90;;1.0;;0;0
2013/14;2014-03-14;21;MAT;Extérieur;M. Berrabah;Tit.;90;;1.0;;0;0
2013/14;2014-03-14;21;MAT;Extérieur;S. Fettah;Tit.;73;;;;0;0
2013/14;2014-03-14;21;MAT;Extérieur;F. Ondama;Tit.;57;;;;0;0
2013/14;2014-03-14;21;MAT;Extérieur;B. Koné;Tit.;86;;1.0;;0;0
2013/14;2014-03-14;21;MAT;Extérieur;Y. Lakhal;Tit.;90;;1.0;;0;0
2013/14;2014-03-14;21;MAT;Extérieur;M. Ivona;Tit.;90;;;;0;0
2013/14;2014-03-14;21;MAT;Extérieur;W. El Karti;Remp.;17;;;;0;0
2013/14;2014-03-14;21;MAT;Extérieur;T. Ijroutten;Remp.;4;;;;0;0
2013/14;2014-03-14;21;MAT;Extérieur;R. El Hajhouj;Remp.;33;;;;0;0
2013/14;2014-03-22;22;OCS;Domicile;M. Akid;Tit.;90;-1.0;1.0;;0;0
2013/14;2014-03-22;22;OCS;Domicile;M. Lamssen;Tit.;90;;1.0;;0;0
2013/14;2014-03-22;22;OCS;Domicile;A. Atouchi;Tit.;90;;;;0;0
2013/14;2014-03-22;22;OCS;Domicile;Y. Rabeh;Tit.;90;;1.0;;0;0
2013/14;2014-03-22;22;OCS;Domicile;N. Oulji;Tit.;90;;;;0;0
2013/14;2014-03-22;22;OCS;Domicile;T. Ijroutten;Tit.;83;;;;0;0
2013/14;2014-03-22;22;OCS;Domicile;W. El Karti;Tit.;63;;;;0;0
2013/14;2014-03-22;22;OCS;Domicile;B. Koné;Tit.;90;;;;0;0
2013/14;2014-03-22;22;OCS;Domicile;S. Fettah;Tit.;90;;1.0;;0;0
2013/14;2014-03-22;22;OCS;Domicile;M. Ivona;Tit.;90;;;;0;0
2013/14;2014-03-22;22;OCS;Domicile;F. Ondama;Tit.;78;;;;0;0
2013/14;2014-03-22;22;OCS;Domicile;Z. Zahid;Remp.;3;;;;0;0
2013/14;2014-03-22;22;OCS;Domicile;A. Asbahi;Remp.;27;;;;0;0
2013/14;2014-03-22;22;OCS;Domicile;Y. El Houassi;Remp.;12;;;;0;0
2013/14;2014-03-30;23;OCK;Extérieur;M. Akid;Tit.;90;;;;0;0
2013/14;2014-03-30;23;OCK;Extérieur;A. El Khaliqi;Tit.;90;;;;0;0
2013/14;2014-03-30;23;OCK;Extérieur;Y. Rabeh;Tit.;90;;;;0;0
2013/14;2014-03-30;23;OCK;Extérieur;A. Atouchi;Tit.;90;;;;0;0
2013/14;2014-03-30;23;OCK;Extérieur;M. Lamssen;Tit.;90;;;;0;0
2013/14;2014-03-30;23;OCK;Extérieur;W. El Karti;Tit.;90;1.0;;;0;0
2013/14;2014-03-30;23;OCK;Extérieur;M. Berrabah;Tit.;90;;;;0;0
2013/14;2014-03-30;23;OCK;Extérieur;S. Fettah;Tit.;88;;;;0;0
2013/14;2014-03-30;23;OCK;Extérieur;B. Koné;Tit.;90;1.0;;;0;0
2013/14;2014-03-30;23;OCK;Extérieur;M. Ivona;Tit.;85;;;;0;0
2013/14;2014-03-30;23;OCK;Extérieur;F. Ondama;Tit.;67;;1.0;;0;0
2013/14;2014-03-30;23;OCK;Extérieur;N. Oulji;Remp.;2;;;;0;0
2013/14;2014-03-30;23;OCK;Extérieur;A. Asbahi;Remp.;5;;;;0;0
2013/14;2014-03-30;23;OCK;Extérieur;Y. El Houassi;Remp.;23;;;;0;0
2013/14;2014-04-06;24;RCA;Domicile;M. Akid;Tit.;90;;;;0;0
2013/14;2014-04-06;24;RCA;Domicile;A. El Khaliqi;Tit.;90;;1.0;;0;0
2013/14;2014-04-06;24;RCA;Domicile;A. Atouchi;Tit.;45;;1.0;;0;0
2013/14;2014-04-06;24;RCA;Domicile;Y. Rabeh;Tit.;90;;;;0;0
2013/14;2014-04-06;24;RCA;Domicile;M. Lamssen;Tit.;90;;;;0;0
2013/14;2014-04-06;24;RCA;Domicile;B. Koné;Tit.;90;;1.0;;0;0
2013/14;2014-04-06;24;RCA;Domicile;W. El Karti;Tit.;90;;;;0;0
2013/14;2014-04-06;24;RCA;Domicile;M. Berrabah;Tit.;90;;;;0;0
2013/14;2014-04-06;24;RCA;Domicile;S. Fettah;Tit.;57;;;;0;0
2013/14;2014-04-06;24;RCA;Domicile;F. Ondama;Tit.;90;;;;0;0
2013/14;2014-04-06;24;RCA;Domicile;M. Ivona;Tit.;77;;;;0;0
2013/14;2014-04-06;24;RCA;Domicile;Z. Zahid;Remp.;42;;;;0;0
2013/14;2014-04-06;24;RCA;Domicile;Y. Lakhal;Remp.;33;;;;0;0
2013/14;2014-04-06;24;RCA;Domicile;Y. El Houassi;Remp.;13;;;;0;0
2013/14;2014-04-12;25;RSB;Extérieur;M. Akid;Tit.;90;;;;0;0
2013/14;2014-04-12;25;RSB;Extérieur;A. El Khaliqi;Tit.;90;;;;0;0
2013/14;2014-04-12;25;RSB;Extérieur;H. El Amrani;Tit.;90;;1.0;;0;0
2013/14;2014-04-12;25;RSB;Extérieur;M. Saidi;Tit.;90;;;;0;0
2013/14;2014-04-12;25;RSB;Extérieur;N. Oulji;Tit.;90;;;;0;0
2013/14;2014-04-12;25;RSB;Extérieur;M. Lamssen;Tit.;58;;;1.0;0;0
2013/14;2014-04-12;25;RSB;Extérieur;W. El Karti;Tit.;69;;;;0;0
2013/14;2014-04-12;25;RSB;Extérieur;M. Berrabah;Tit.;64;;;;0;0
2013/14;2014-04-12;25;RSB;Extérieur;A. Asbahi;Tit.;90;;;;0;0
2013/14;2014-04-12;25;RSB;Extérieur;B. Koné;Tit.;90;;;;0;0
2013/14;2014-04-12;25;RSB;Extérieur;M. Ivona;Tit.;71;;;;0;0
2013/14;2014-04-12;25;RSB;Extérieur;Y. Lakhal;Remp.;26;;;;0;0
2013/14;2014-04-12;25;RSB;Extérieur;K. Zine eddine;Remp.;19;;;;0;0
2013/14;2014-04-12;25;RSB;Extérieur;O. Attayat Lah;Remp.;21;;;;0;0
2013/14;2014-04-19;26;CRA;Domicile;M. Akid;Tit.;90;;;;0;0
2013/14;2014-04-19;26;CRA;Domicile;A. El Khaliqi;Tit.;90;;;;0;0
2013/14;2014-04-19;26;CRA;Domicile;M. Saidi;Tit.;90;;;;0;0
2013/14;2014-04-19;26;CRA;Domicile;A. Atouchi;Tit.;90;;;;0;0
2013/14;2014-04-19;26;CRA;Domicile;N. Oulji;Tit.;90;;1.0;;0;0
2013/14;2014-04-19;26;CRA;Domicile;B. Koné;Tit.;90;;1.0;;0;0
2013/14;2014-04-19;26;CRA;Domicile;W. El Karti;Tit.;77;;;;0;0
2013/14;2014-04-19;26;CRA;Domicile;A. Asbahi;Tit.;90;;;;0;0
2013/14;2014-04-19;26;CRA;Domicile;S. Fettah;Tit.;90;;;;0;0
2013/14;2014-04-19;26;CRA;Domicile;F. Ondama;Tit.;90;2.0;1.0;;0;0
2013/14;2014-04-19;26;CRA;Domicile;M. Ivona;Tit.;68;;;;0;0
2013/14;2014-04-19;26;CRA;Domicile;Y. Lakhal;Remp.;13;;;;0;0
2013/14;2014-04-19;26;CRA;Domicile;Y. El Houassi;Remp.;22;;;;0;0
2013/14;2014-04-23;20;MAS;Domicile;M. Akid;Tit.;90;;;;0;0
2013/14;2014-04-23;20;MAS;Domicile;A. El Khaliqi;Tit.;90;;;;0;0
2013/14;2014-04-23;20;MAS;Domicile;M. Saidi;Tit.;90;;;;0;0
2013/14;2014-04-23;20;MAS;Domicile;A. Atouchi;Tit.;90;;;;0;0
2013/14;2014-04-23;20;MAS;Domicile;S. Fettah;Tit.;90;;;;0;0
2013/14;2014-04-23;20;MAS;Domicile;A. Asbahi;Tit.;90;;1.0;;0;0
2013/14;2014-04-23;20;MAS;Domicile;M. Berrabah;Tit.;90;;;;0;0
2013/14;2014-04-23;20;MAS;Domicile;B. Koné;Tit.;90;;;;0;0
2013/14;2014-04-23;20;MAS;Domicile;F. Ondama;Tit.;90;;;;0;0
2013/14;2014-04-23;20;MAS;Domicile;W. El Karti;Tit.;83;;;;0;0
2013/14;2014-04-23;20;MAS;Domicile;M. Ivona;Tit.;70;;;;0;0
2013/14;2014-04-23;20;MAS;Domicile;Y. Lakhal;Remp.;7;;;;0;0
2013/14;2014-04-23;20;MAS;Domicile;Y. El Houassi;Remp.;20;;;;0;0
2013/14;2014-04-27;27;FAR;Extérieur;M. Akid;Tit.;90;;;;0;0
2013/14;2014-04-27;27;FAR;Extérieur;A. El Khaliqi;Tit.;90;;;;0;0
2013/14;2014-04-27;27;FAR;Extérieur;M. Saidi;Tit.;90;;;;0;0
2013/14;2014-04-27;27;FAR;Extérieur;A. Atouchi;Tit.;90;;1.0;;0;0
2013/14;2014-04-27;27;FAR;Extérieur;M. Lamssen;Tit.;90;;1.0;;0;0
2013/14;2014-04-27;27;FAR;Extérieur;A. Asbahi;Tit.;90;;1.0;;0;0
2013/14;2014-04-27;27;FAR;Extérieur;M. Berrabah;Tit.;90;;;;0;0
2013/14;2014-04-27;27;FAR;Extérieur;B. Koné;Tit.;78;;;;0;0
2013/14;2014-04-27;27;FAR;Extérieur;F. Ondama;Tit.;90;;;;0;0
2013/14;2014-04-27;27;FAR;Extérieur;W. El Karti;Tit.;57;;;;0;0
2013/14;2014-04-27;27;FAR;Extérieur;Y. El Houassi;Tit.;90;;;;0;0
2013/14;2014-04-27;27;FAR;Extérieur;Y. Lakhal;Remp.;12;;;;0;0
2013/14;2014-04-27;27;FAR;Extérieur;M. Ivona;Remp.;33;1.0;;;0;0
2013/14;2014-05-03;28;WAF;Domicile;M. Akid;Tit.;90;;;;0;0
2013/14;2014-05-03;28;WAF;Domicile;A. El Khaliqi;Tit.;90;1.0;;;0;0
2013/14;2014-05-03;28;WAF;Domicile;A. Atouchi;Tit.;90;;;;0;0
2013/14;2014-05-03;28;WAF;Domicile;M. Saidi;Tit.;90;;;;0;0
2013/14;2014-05-03;28;WAF;Domicile;M. Lamssen;Tit.;90;;;;0;0
2013/14;2014-05-03;28;WAF;Domicile;A. Asbahi;Tit.;78;;1.0;;0;0
2013/14;2014-05-03;28;WAF;Domicile;M. Berrabah;Tit.;76;;;;0;0
2013/14;2014-05-03;28;WAF;Domicile;B. Koné;Tit.;90;;1.0;;0;0
2013/14;2014-05-03;28;WAF;Domicile;F. Ondama;Tit.;90;;;;0;0
2013/14;2014-05-03;28;WAF;Domicile;Y. Lakhal;Tit.;90;;;;0;0
2013/14;2014-05-03;28;WAF;Domicile;M. Ivona;Tit.;65;;;;0;0
2013/14;2014-05-03;28;WAF;Domicile;S. Fettah;Remp.;14;;;;0;0
2013/14;2014-05-03;28;WAF;Domicile;W. El Karti;Remp.;12;;;;0;0
2013/14;2014-05-03;28;WAF;Domicile;Y. El Houassi;Remp.;25;;;;0;0
2013/14;2014-05-18;29;ASS;Extérieur;M. Akid;Tit.;90;;;;0;0
2013/14;2014-05-18;29;ASS;Extérieur;M. Saidi;Tit.;90;;1.0;;0;0
2013/14;2014-05-18;29;ASS;Extérieur;A. Atouchi;Tit.;90;;;;0;0
2013/14;2014-05-18;29;ASS;Extérieur;Y. Rabeh;Tit.;90;;;;0;0
2013/14;2014-05-18;29;ASS;Extérieur;Y. Lakhal;Tit.;79;1.0;;;0;0
2013/14;2014-05-18;29;ASS;Extérieur;K. Zine eddine;Tit.;68;;;;0;0
2013/14;2014-05-18;29;ASS;Extérieur;M. Lamssen;Tit.;90;;;;0;0
2013/14;2014-05-18;29;ASS;Extérieur;S. Fettah;Tit.;90;;;;0;0
2013/14;2014-05-18;29;ASS;Extérieur;N. Oulji;Tit.;90;;;;0;0
2013/14;2014-05-18;29;ASS;Extérieur;Y. El Houassi;Tit.;90;;;;0;0
2013/14;2014-05-18;29;ASS;Extérieur;M. Ivona;Tit.;90;1.0;;;0;0
2013/14;2014-05-18;29;ASS;Extérieur;W. El Karti;Remp.;22;;;;0;0
2013/14;2014-05-18;29;ASS;Extérieur;O. Attayat Lah;Remp.;11;;;;0;0
2013/14;2014-05-26;30;DHJ;Domicile;M. Akid;Tit.;90;;;;0;0
2013/14;2014-05-26;30;DHJ;Domicile;M. Lamssen;Tit.;90;;;;0;0
2013/14;2014-05-26;30;DHJ;Domicile;A. Atouchi;Tit.;90;;;;0;0
2013/14;2014-05-26;30;DHJ;Domicile;M. Saidi;Tit.;90;;;;0;0
2013/14;2014-05-26;30;DHJ;Domicile;A. Kacimi;Tit.;90;;;;0;0
2013/14;2014-05-26;30;DHJ;Domicile;S. Fettah;Tit.;90;;;;0;0
2013/14;2014-05-26;30;DHJ;Domicile;A. Asbahi;Tit.;90;;;;0;0
2013/14;2014-05-26;30;DHJ;Domicile;Y. Lakhal;Tit.;90;;1.0;;0;0
2013/14;2014-05-26;30;DHJ;Domicile;F. Ondama;Tit.;90;;;;0;0
2013/14;2014-05-26;30;DHJ;Domicile;M. Ivona;Tit.;73;;;;0;0
2013/14;2014-05-26;30;DHJ;Domicile;Y. El Houassi;Tit.;90;1.0;;;0;0
2013/14;2014-05-26;30;DHJ;Domicile;W. El Karti;Remp.;17;;;;0;0
2014/15;2014-08-22;1;KAC;Domicile;B. Benachour;Tit.;90;;;;0;0
2014/15;2014-08-22;1;KAC;Domicile;A. Atouchi;Tit.;90;;;;0;0
2014/15;2014-08-22;1;KAC;Domicile;M. Saidi;Tit.;45;;;;0;0
2014/15;2014-08-22;1;KAC;Domicile;H. El Amrani;Tit.;90;1.0;;;0;0
2014/15;2014-08-22;1;KAC;Domicile;A. Noussair;Tit.;90;;;;0;0
2014/15;2014-08-22;1;KAC;Domicile;A. Asbahi;Tit.;45;;;;0;0
2014/15;2014-08-22;1;KAC;Domicile;M. Berrabah;Tit.;90;;1.0;;0;0
2014/15;2014-08-22;1;KAC;Domicile;Y. El Kordi;Tit.;90;;;;0;0
2014/15;2014-08-22;1;KAC;Domicile;W. El Karti;Tit.;90;;;;0;0
2014/15;2014-08-22;1;KAC;Domicile;R. El Hajhouj;Tit.;64;1.0;;;0;0
2014/15;2014-08-22;1;KAC;Domicile;M. Ivona;Tit.;90;;;;0;0
2014/15;2014-08-22;1;KAC;Domicile;B. Nekkach;Remp.;45;;;;0;0
2014/15;2014-08-22;1;KAC;Domicile;Y. Lakhal;Remp.;26;1.0;1.0;;0;0
2014/15;2014-08-22;1;KAC;Domicile;B. Koné;Remp.;45;;;;0;0
2014/15;2014-09-14;2;MAS;Extérieur;B. Benachour;Tit.;90;;;;0;0
2014/15;2014-09-14;2;MAS;Extérieur;A. Atouchi;Tit.;90;;;;0;0
2014/15;2014-09-14;2;MAS;Extérieur;Y. Rabeh;Tit.;90;;;;0;0
2014/15;2014-09-14;2;MAS;Extérieur;H. El Amrani;Tit.;90;;;;0;0
2014/15;2014-09-14;2;MAS;Extérieur;A. Noussair;Tit.;90;;;1.0;0;0
2014/15;2014-09-14;2;MAS;Extérieur;A. Asbahi;Tit.;45;;;;0;0
2014/15;2014-09-14;2;MAS;Extérieur;B. Nekkach;Tit.;90;;;;0;0
2014/15;2014-09-14;2;MAS;Extérieur;A. Kacimi;Tit.;90;;;;0;0
2014/15;2014-09-14;2;MAS;Extérieur;B. Koné;Tit.;52;;;;0;0
2014/15;2014-09-14;2;MAS;Extérieur;M. Berrabah;Tit.;90;;;;0;0
2014/15;2014-09-14;2;MAS;Extérieur;R. El Hajhouj;Tit.;80;;;;0;0
2014/15;2014-09-14;2;MAS;Extérieur;W. El Karti;Remp.;45;;;;0;0
2014/15;2014-09-14;2;MAS;Extérieur;Y. Lakhal;Remp.;38;;;;0;0
2014/15;2014-09-14;2;MAS;Extérieur;B. Lechok (Blanco);Remp.;10;;;;0;0
2014/15;2014-09-21;3;IZK;Extérieur;B. Benachour;Tit.;90;;;;0;0
2014/15;2014-09-21;3;IZK;Extérieur;M. Saidi;Tit.;41;;;;0;0
2014/15;2014-09-21;3;IZK;Extérieur;A. Atouchi;Tit.;90;;1.0;;0;0
2014/15;2014-09-21;3;IZK;Extérieur;H. El Amrani;Tit.;90;1.0;;;0;0
2014/15;2014-09-21;3;IZK;Extérieur;A. Kacimi;Tit.;64;;;;0;0
2014/15;2014-09-21;3;IZK;Extérieur;B. Nekkach;Tit.;90;;;;0;0
2014/15;2014-09-21;3;IZK;Extérieur;S. Saidi;Tit.;90;;;;0;0
2014/15;2014-09-21;3;IZK;Extérieur;R. El Hajhouj;Tit.;90;;;;0;0
2014/15;2014-09-21;3;IZK;Extérieur;W. El Karti;Tit.;90;;;;0;0
2014/15;2014-09-21;3;IZK;Extérieur;M. Berrabah;Tit.;45;;;;0;0
2014/15;2014-09-21;3;IZK;Extérieur;M. Ivona;Tit.;90;;;;0;0
2014/15;2014-09-21;3;IZK;Extérieur;Y. El Kordi;Remp.;49;;;;0;0
2014/15;2014-09-21;3;IZK;Extérieur;B. Koné;Remp.;26;;1.0;;0;0
2014/15;2014-09-21;3;IZK;Extérieur;B. Lechok (Blanco);Remp.;45;;;;0;0
2014/15;2014-09-28;4;FUS;Domicile;B. Benachour;Tit.;90;;;;0;0
2014/15;2014-09-28;4;FUS;Domicile;A. Noussair;Tit.;90;;1.0;;0;0
2014/15;2014-09-28;4;FUS;Domicile;Y. Rabeh;Tit.;90;;;;0;0
2014/15;2014-09-28;4;FUS;Domicile;H. El Amrani;Tit.;90;1.0;;;0;0
2014/15;2014-09-28;4;FUS;Domicile;Y. El Kordi;Tit.;90;;;;0;0
2014/15;2014-09-28;4;FUS;Domicile;S. Saidi;Tit.;77;;;;0;0
2014/15;2014-09-28;4;FUS;Domicile;B. Nekkach;Tit.;90;;1.0;;0;0
2014/15;2014-09-28;4;FUS;Domicile;M. Berrabah;Tit.;90;;1.0;;0;0
2014/15;2014-09-28;4;FUS;Domicile;B. Koné;Tit.;62;;;;0;0
2014/15;2014-09-28;4;FUS;Domicile;Y. Lakhal;Tit.;45;;;;0;0
2014/15;2014-09-28;4;FUS;Domicile;M. Ivona;Tit.;90;2.0;;;0;0
2014/15;2014-09-28;4;FUS;Domicile;R. El Hajhouj;Remp.;45;1.0;;;0;0
2014/15;2014-09-28;4;FUS;Domicile;B. Assoufi;Remp.;28;;;;0;0
2014/15;2014-09-28;4;FUS;Domicile;A. Asbahi;Remp.;13;;;;0;0
2014/15;2014-10-18;5;KACM;Extérieur;B. Benachour;Tit.;90;;;;0;0
2014/15;2014-10-18;5;KACM;Extérieur;Y. Rabeh;Tit.;90;;1.0;;0;0
2014/15;2014-10-18;5;KACM;Extérieur;A. Atouchi;Tit.;90;;;;0;0
2014/15;2014-10-18;5;KACM;Extérieur;H. El Amrani;Tit.;90;;1.0;;0;0
2014/15;2014-10-18;5;KACM;Extérieur;A. Noussair;Tit.;90;;;;0;0
2014/15;2014-10-18;5;KACM;Extérieur;M. Berrabah;Tit.;90;;;;0;0
2014/15;2014-10-18;5;KACM;Extérieur;B. Nekkach;Tit.;90;;;;0;0
2014/15;2014-10-18;5;KACM;Extérieur;R. El Hajhouj;Tit.;68;;;;0;0
2014/15;2014-10-18;5;KACM;Extérieur;Y. El Kordi;Tit.;90;;;;0;0
2014/15;2014-10-18;5;KACM;Extérieur;W. El Karti;Tit.;90;;;;0;0
2014/15;2014-10-18;5;KACM;Extérieur;B. Lechok (Blanco);Tit.;60;;;;0;0
2014/15;2014-10-18;5;KACM;Extérieur;B. Koné;Remp.;22;;;;0;0
2014/15;2014-10-18;5;KACM;Extérieur;M. Ivona;Remp.;30;;;;0;0
2014/15;2014-10-25;6;CRA;Domicile;B. Benachour;Tit.;90;;;;0;0
2014/15;2014-10-25;6;CRA;Domicile;A. Noussair;Tit.;90;;1.0;;0;0
2014/15;2014-10-25;6;CRA;Domicile;Y. Rabeh;Tit.;90;;;;0;0
2014/15;2014-10-25;6;CRA;Domicile;H. El Amrani;Tit.;90;;;;0;0
2014/15;2014-10-25;6;CRA;Domicile;A. Kacimi;Tit.;90;;;;0;0
2014/15;2014-10-25;6;CRA;Domicile;B. Nekkach;Tit.;90;;;;0;0
2014/15;2014-10-25;6;CRA;Domicile;W. El Karti;Tit.;25;;;;0;0
2014/15;2014-10-25;6;CRA;Domicile;R. El Hajhouj;Tit.;67;2.0;;;0;0
2014/15;2014-10-25;6;CRA;Domicile;B. Koné;Tit.;90;;1.0;;0;0
2014/15;2014-10-25;6;CRA;Domicile;M. Berrabah;Tit.;90;;;;0;0
2014/15;2014-10-25;6;CRA;Domicile;B. Lechok (Blanco);Tit.;45;;;;0;0
2014/15;2014-10-25;6;CRA;Domicile;B. Assoufi;Remp.;65;;;;0;0
2014/15;2014-10-25;6;CRA;Domicile;Y. Lakhal;Remp.;23;;;;0;0
2014/15;2014-10-25;6;CRA;Domicile;A. Fall (Abdelkader);Remp.;45;1.0;;;0;0
2014/15;2014-11-02;7;RSB;Extérieur;B. Benachour;Tit.;90;;;;0;0
2014/15;2014-11-02;7;RSB;Extérieur;A. Atouchi;Tit.;54;;;;0;0
2014/15;2014-11-02;7;RSB;Extérieur;Y. Rabeh;Tit.;90;;;;0;0
2014/15;2014-11-02;7;RSB;Extérieur;H. El Amrani;Tit.;90;;1.0;;0;0
2014/15;2014-11-02;7;RSB;Extérieur;A. Noussair;Tit.;90;;;;0;0
2014/15;2014-11-02;7;RSB;Extérieur;B. Nekkach;Tit.;90;;1.0;;0;0
2014/15;2014-11-02;7;RSB;Extérieur;M. Berrabah;Tit.;90;;;;0;0
2014/15;2014-11-02;7;RSB;Extérieur;W. El Karti;Tit.;84;;;;0;0
2014/15;2014-11-02;7;RSB;Extérieur;A. Kacimi;Tit.;90;;;;0;0
2014/15;2014-11-02;7;RSB;Extérieur;R. El Hajhouj;Tit.;90;;;;0;0
2014/15;2014-11-02;7;RSB;Extérieur;M. Ivona;Tit.;72;1.0;;;0;0
2014/15;2014-11-02;7;RSB;Extérieur;B. Assoufi;Remp.;6;;;;0;0
2014/15;2014-11-02;7;RSB;Extérieur;S. Saidi;Remp.;36;;;;0;0
2014/15;2014-11-02;7;RSB;Extérieur;A. Fall (Abdelkader);Remp.;18;;;;0;0
2014/15;2014-11-07;8;CAK;Domicile;B. Benachour;Tit.;90;;;;0;0
2014/15;2014-11-07;8;CAK;Domicile;A. Noussair;Tit.;90;;;;0;0
2014/15;2014-11-07;8;CAK;Domicile;Y. Rabeh;Tit.;90;;1.0;;0;0
2014/15;2014-11-07;8;CAK;Domicile;H. El Amrani;Tit.;90;;;;0;0
2014/15;2014-11-07;8;CAK;Domicile;Y. El Kordi;Tit.;90;;;;0;0
2014/15;2014-11-07;8;CAK;Domicile;B. Nekkach;Tit.;90;;;;0;0
2014/15;2014-11-07;8;CAK;Domicile;M. Berrabah;Tit.;90;;;;0;0
2014/15;2014-11-07;8;CAK;Domicile;R. El Hajhouj;Tit.;90;;;;0;0
2014/15;2014-11-07;8;CAK;Domicile;W. El Karti;Tit.;49;;1.0;;0;0
2014/15;2014-11-07;8;CAK;Domicile;B. Koné;Tit.;76;1.0;;;0;0
2014/15;2014-11-07;8;CAK;Domicile;M. Ivona;Tit.;65;1.0;;;0;0
2014/15;2014-11-07;8;CAK;Domicile;A. Atouchi;Remp.;14;;;;0;0
2014/15;2014-11-07;8;CAK;Domicile;B. Assoufi;Remp.;41;;;;0;0
2014/15;2014-11-07;8;CAK;Domicile;A. Fall (Abdelkader);Remp.;25;;;;0;0
2014/15;2014-11-22;9;MAT;Extérieur;B. Benachour;Tit.;90;;;;0;0
2014/15;2014-11-22;9;MAT;Extérieur;A. Noussair;Tit.;90;;;;0;0
2014/15;2014-11-22;9;MAT;Extérieur;A. Atouchi;Tit.;90;;;;0;0
2014/15;2014-11-22;9;MAT;Extérieur;Z. El-Moutaraji;Tit.;90;;;;0;0
2014/15;2014-11-22;9;MAT;Extérieur;Y. El Kordi;Tit.;90;;;;0;0
2014/15;2014-11-22;9;MAT;Extérieur;B. Nekkach;Tit.;90;;1.0;;0;0
2014/15;2014-11-22;9;MAT;Extérieur;S. Saidi;Tit.;90;;;;0;0
2014/15;2014-11-22;9;MAT;Extérieur;M. Berrabah;Tit.;90;;;;0;0
2014/15;2014-11-22;9;MAT;Extérieur;A. Asbahi;Tit.;54;;;;0;0
2014/15;2014-11-22;9;MAT;Extérieur;B. Koné;Tit.;73;;;;0;0
2014/15;2014-11-22;9;MAT;Extérieur;A. Fall (Abdelkader);Tit.;90;;;;0;0
2014/15;2014-11-22;9;MAT;Extérieur;R. El Hajhouj;Remp.;36;;;;0;0
2014/15;2014-11-22;9;MAT;Extérieur;B. Assoufi;Remp.;17;;;;0;0
2014/15;2014-11-30;10;RCA;Domicile;M. Akid;Tit.;90;;;;0;0
2014/15;2014-11-30;10;RCA;Domicile;A. Noussair;Tit.;90;;;;0;0
2014/15;2014-11-30;10;RCA;Domicile;Y. Rabeh;Tit.;90;;;;0;0
2014/15;2014-11-30;10;RCA;Domicile;H. El Amrani;Tit.;90;;;;0;0
2014/15;2014-11-30;10;RCA;Domicile;Y. El Kordi;Tit.;73;;;;0;0
2014/15;2014-11-30;10;RCA;Domicile;B. Nekkach;Tit.;90;;;;0;0
2014/15;2014-11-30;10;RCA;Domicile;S. Saidi;Tit.;90;;;;0;0
2014/15;2014-11-30;10;RCA;Domicile;R. El Hajhouj;Tit.;90;1.0;1.0;;0;0
2014/15;2014-11-30;10;RCA;Domicile;M. Berrabah;Tit.;90;;;;0;0
2014/15;2014-11-30;10;RCA;Domicile;B. Koné;Tit.;76;1.0;;;0;0
2014/15;2014-11-30;10;RCA;Domicile;M. Ivona;Tit.;84;;;;0;0
2014/15;2014-11-30;10;RCA;Domicile;A. Atouchi;Remp.;17;;;;0;0
2014/15;2014-11-30;10;RCA;Domicile;A. Kacimi;Remp.;14;;;;0;0
2014/15;2014-11-30;10;RCA;Domicile;A. Fall (Abdelkader);Remp.;6;;;;0;0
2014/15;2014-12-07;11;FAR;Extérieur;M. Akid;Tit.;90;;;;0;0
2014/15;2014-12-07;11;FAR;Extérieur;A. Noussair;Tit.;90;;;;0;0
2014/15;2014-12-07;11;FAR;Extérieur;Y. Rabeh;Tit.;90;;;;0;0
2014/15;2014-12-07;11;FAR;Extérieur;H. El Amrani;Tit.;90;;;;0;0
2014/15;2014-12-07;11;FAR;Extérieur;Y. El Kordi;Tit.;90;;;;0;0
2014/15;2014-12-07;11;FAR;Extérieur;B. Nekkach;Tit.;90;;;;0;0
2014/15;2014-12-07;11;FAR;Extérieur;S. Saidi;Tit.;68;;;;0;0
2014/15;2014-12-07;11;FAR;Extérieur;R. El Hajhouj;Tit.;81;;;;0;0
2014/15;2014-12-07;11;FAR;Extérieur;M. Berrabah;Tit.;90;1.0;;;0;0
2014/15;2014-12-07;11;FAR;Extérieur;B. Koné;Tit.;74;;;;0;0
2014/15;2014-12-07;11;FAR;Extérieur;M. Ivona;Tit.;90;1.0;;;0;0
2014/15;2014-12-07;11;FAR;Extérieur;A. Kacimi;Remp.;16;;;;0;0
2014/15;2014-12-07;11;FAR;Extérieur;A. Atouchi;Remp.;9;;;;0;0
2014/15;2014-12-07;11;FAR;Extérieur;A. Fall (Abdelkader);Remp.;22;;;;0;0
2014/15;2014-12-14;12;DHJ;Domicile;M. Akid;Tit.;60;;;;0;0
2014/15;2014-12-14;12;DHJ;Domicile;A. Noussair;Tit.;90;;;;0;0
2014/15;2014-12-14;12;DHJ;Domicile;Y. Rabeh;Tit.;90;;;;0;0
2014/15;2014-12-14;12;DHJ;Domicile;H. El Amrani;Tit.;90;;;;0;0
2014/15;2014-12-14;12;DHJ;Domicile;Y. El Kordi;Tit.;90;;;;0;0
2014/15;2014-12-14;12;DHJ;Domicile;B. Nekkach;Tit.;90;;;;0;0
2014/15;2014-12-14;12;DHJ;Domicile;S. Saidi;Tit.;90;;1.0;;0;0
2014/15;2014-12-14;12;DHJ;Domicile;R. El Hajhouj;Tit.;90;;;;0;0
2014/15;2014-12-14;12;DHJ;Domicile;M. Berrabah;Tit.;45;;;;0;0
2014/15;2014-12-14;12;DHJ;Domicile;B. Koné;Tit.;68;;1.0;;0;0
2014/15;2014-12-14;12;DHJ;Domicile;M. Ivona;Tit.;90;;;;0;0
2014/15;2014-12-14;12;DHJ;Domicile;H. Aouzal;Remp.;30;;;;0;0
2014/15;2014-12-14;12;DHJ;Domicile;Y. Lakhal;Remp.;22;;;;0;0
2014/15;2014-12-14;12;DHJ;Domicile;A. Fall (Abdelkader);Remp.;45;1.0;1.0;;0;0
2014/15;2014-12-21;13;OCS;Extérieur;H. Aouzal;Tit.;90;;;;0;0
2014/15;2014-12-21;13;OCS;Extérieur;A. Atouchi;Tit.;80;;1.0;;0;0
2014/15;2014-12-21;13;OCS;Extérieur;Y. Rabeh;Tit.;90;;1.0;;0;0
2014/15;2014-12-21;13;OCS;Extérieur;H. El Amrani;Tit.;90;;;;0;0
2014/15;2014-12-21;13;OCS;Extérieur;A. Noussair;Tit.;90;;;;0;0
2014/15;2014-12-21;13;OCS;Extérieur;M. Berrabah;Tit.;90;;;;0;0
2014/15;2014-12-21;13;OCS;Extérieur;B. Nekkach;Tit.;90;;1.0;;0;0
2014/15;2014-12-21;13;OCS;Extérieur;W. El Karti;Tit.;45;;;;0;0
2014/15;2014-12-21;13;OCS;Extérieur;A. Kacimi;Tit.;90;;;;0;0
2014/15;2014-12-21;13;OCS;Extérieur;A. Fall (Abdelkader);Tit.;45;;1.0;;0;0
2014/15;2014-12-21;13;OCS;Extérieur;M. Ivona;Tit.;90;;;;0;0
2014/15;2014-12-21;13;OCS;Extérieur;B. Assoufi;Tit.;45;;;;0;0
2014/15;2014-12-21;13;OCS;Extérieur;R. El Hajhouj;Tit.;45;;;;0;0
2014/15;2014-12-21;13;OCS;Extérieur;B. Koné;Tit.;10;;;;0;0
2014/15;2014-12-27;14;HUSA;Domicile;H. Aouzal;Tit.;90;;;;0;0
2014/15;2014-12-27;14;HUSA;Domicile;A. Noussair;Tit.;90;;;;0;0
2014/15;2014-12-27;14;HUSA;Domicile;A. Atouchi;Tit.;90;1.0;;;0;0
2014/15;2014-12-27;14;HUSA;Domicile;H. El Amrani;Tit.;90;;;;0;0
2014/15;2014-12-27;14;HUSA;Domicile;Y. El Kordi;Tit.;90;;;;0;0
2014/15;2014-12-27;14;HUSA;Domicile;A. Asbahi;Tit.;61;;;;0;0
2014/15;2014-12-27;14;HUSA;Domicile;S. Saidi;Tit.;90;;;;0;0
2014/15;2014-12-27;14;HUSA;Domicile;R. El Hajhouj;Tit.;90;;1.0;;0;0
2014/15;2014-12-27;14;HUSA;Domicile;M. Berrabah;Tit.;22;;;;0;0
2014/15;2014-12-27;14;HUSA;Domicile;B. Koné;Tit.;90;1.0;;;0;0
2014/15;2014-12-27;14;HUSA;Domicile;M. Ivona;Tit.;68;;;;0;0
2014/15;2014-12-27;14;HUSA;Domicile;W. El Karti;Remp.;29;;;;0;0
2014/15;2014-12-27;14;HUSA;Domicile;B. Lechok (Blanco);Remp.;22;;;;0;0
2014/15;2014-12-27;14;HUSA;Domicile;K. Chafni;Remp.;68;;;;0;0
2014/15;2015-01-04;15;OCK;Extérieur;B. Benachour;Tit.;90;;;;0;0
2014/15;2015-01-04;15;OCK;Extérieur;A. Noussair;Tit.;64;;;;0;0
2014/15;2015-01-04;15;OCK;Extérieur;Y. Rabeh;Tit.;90;;;;0;0
2014/15;2015-01-04;15;OCK;Extérieur;H. El Amrani;Tit.;90;;;;0;0
2014/15;2015-01-04;15;OCK;Extérieur;Y. El Kordi;Tit.;90;;;;0;0
2014/15;2015-01-04;15;OCK;Extérieur;B. Nekkach;Tit.;90;;;;0;0
2014/15;2015-01-04;15;OCK;Extérieur;S. Saidi;Tit.;90;;;;0;0
2014/15;2015-01-04;15;OCK;Extérieur;R. El Hajhouj;Tit.;25;;;;0;0
2014/15;2015-01-04;15;OCK;Extérieur;K. Chafni;Tit.;56;;;;0;0
2014/15;2015-01-04;15;OCK;Extérieur;B. Koné;Tit.;90;;;;0;0
2014/15;2015-01-04;15;OCK;Extérieur;M. Ivona;Tit.;90;;1.0;;0;0
2014/15;2015-01-04;15;OCK;Extérieur;O. Serbout;Remp.;26;;;;0;0
2014/15;2015-01-04;15;OCK;Extérieur;A. Fall (Abdelkader);Remp.;34;;;;0;0
2014/15;2015-01-04;15;OCK;Extérieur;Z. El-Moutaraji;Remp.;65;;;;0;0
2014/15;2015-01-04;15;OCK;Extérieur;A. Asbahi;Remp.;0;;1.0;;0;0
2014/15;2015-01-25;16;KAC;Extérieur;M. Akid;Tit.;90;;1.0;;0;0
2014/15;2015-01-25;16;KAC;Extérieur;A. Noussair;Tit.;90;;;;0;0
2014/15;2015-01-25;16;KAC;Extérieur;Y. Rabeh;Tit.;90;;;;0;0
2014/15;2015-01-25;16;KAC;Extérieur;H. El Amrani;Tit.;90;;;;0;0
2014/15;2015-01-25;16;KAC;Extérieur;Y. El Kordi;Tit.;90;;;;0;0
2014/15;2015-01-25;16;KAC;Extérieur;S. Saidi;Tit.;90;;1.0;;0;0
2014/15;2015-01-25;16;KAC;Extérieur;W. El Karti;Tit.;90;;;;0;0
2014/15;2015-01-25;16;KAC;Extérieur;B. Nekkach;Tit.;90;;1.0;;0;0
2014/15;2015-01-25;16;KAC;Extérieur;Z. El-Moutaraji;Tit.;56;;;;0;0
2014/15;2015-01-25;16;KAC;Extérieur;B. Koné;Tit.;76;;;;0;0
2014/15;2015-01-25;16;KAC;Extérieur;A. Fall (Abdelkader);Tit.;82;1.0;;;0;0
2014/15;2015-01-25;16;KAC;Extérieur;A. Kacimi;Remp.;14;;;;0;0
2014/15;2015-01-25;16;KAC;Extérieur;K. Chafni;Remp.;34;;;;0;0
2014/15;2015-01-25;16;KAC;Extérieur;A. El Hassouni;Remp.;8;;;;0;0
2014/15;2015-02-01;17;MAS;Domicile;M. Akid;Tit.;90;;;;0;0
2014/15;2015-02-01;17;MAS;Domicile;A. Noussair;Tit.;90;;1.0;;0;0
2014/15;2015-02-01;17;MAS;Domicile;Y. Rabeh;Tit.;90;;;;0;0
2014/15;2015-02-01;17;MAS;Domicile;H. El Amrani;Tit.;90;;;;0;0
2014/15;2015-02-01;17;MAS;Domicile;Y. El Kordi;Tit.;90;;;;0;0
2014/15;2015-02-01;17;MAS;Domicile;S. Saidi;Tit.;90;;;;0;0
2014/15;2015-02-01;17;MAS;Domicile;B. Nekkach;Tit.;90;;1.0;1.0;0;0
2014/15;2015-02-01;17;MAS;Domicile;Z. El-Moutaraji;Tit.;50;;;;0;0
2014/15;2015-02-01;17;MAS;Domicile;W. El Karti;Tit.;60;;1.0;;0;0
2014/15;2015-02-01;17;MAS;Domicile;B. Koné;Tit.;90;1.0;;;0;0
2014/15;2015-02-01;17;MAS;Domicile;A. Fall (Abdelkader);Tit.;71;;;;0;0
2014/15;2015-02-01;17;MAS;Domicile;A. Asbahi;Remp.;19;;;;0;0
2014/15;2015-02-01;17;MAS;Domicile;R. El Hajhouj;Remp.;40;;1.0;;0;0
2014/15;2015-02-01;17;MAS;Domicile;M. Ivona;Remp.;30;;;;0;0
2014/15;2015-02-08;18;IZK;Domicile;M. Akid;Tit.;90;;;;0;0
2014/15;2015-02-08;18;IZK;Domicile;A. Noussair;Tit.;90;;1.0;;0;0
2014/15;2015-02-08;18;IZK;Domicile;Y. Rabeh;Tit.;90;;;;0;0
2014/15;2015-02-08;18;IZK;Domicile;H. El Amrani;Tit.;90;1.0;;;0;0
2014/15;2015-02-08;18;IZK;Domicile;Y. El Kordi;Tit.;90;;;;0;0
2014/15;2015-02-08;18;IZK;Domicile;A. Asbahi;Tit.;90;;;;0;0
2014/15;2015-02-08;18;IZK;Domicile;S. Saidi;Tit.;90;;;;0;0
2014/15;2015-02-08;18;IZK;Domicile;R. El Hajhouj;Tit.;58;;;;0;0
2014/15;2015-02-08;18;IZK;Domicile;W. El Karti;Tit.;74;;1.0;;0;0
2014/15;2015-02-08;18;IZK;Domicile;B. Koné;Tit.;85;;;;0;0
2014/15;2015-02-08;18;IZK;Domicile;M. Ivona;Tit.;90;2.0;;;0;0
2014/15;2015-02-08;18;IZK;Domicile;R. Hossni;Remp.;16;;;;0;0
2014/15;2015-02-08;18;IZK;Domicile;F. Ondama;Remp.;32;;;;0;0
2014/15;2015-02-08;18;IZK;Domicile;Z. El-Moutaraji;Remp.;5;;;;0;0
2014/15;2015-02-15;19;FUS;Extérieur;M. Akid;Tit.;90;;;;0;0
2014/15;2015-02-15;19;FUS;Extérieur;A. Noussair;Tit.;90;;;;0;0
2014/15;2015-02-15;19;FUS;Extérieur;Y. Rabeh;Tit.;90;;;;0;0
2014/15;2015-02-15;19;FUS;Extérieur;H. El Amrani;Tit.;90;;;;0;0
2014/15;2015-02-15;19;FUS;Extérieur;Y. El Kordi;Tit.;90;;;;0;0
2014/15;2015-02-15;19;FUS;Extérieur;A. Asbahi;Tit.;67;;;;0;0
2014/15;2015-02-15;19;FUS;Extérieur;S. Saidi;Tit.;90;;;;0;0
2014/15;2015-02-15;19;FUS;Extérieur;R. El Hajhouj;Tit.;53;;;;0;0
2014/15;2015-02-15;19;FUS;Extérieur;W. El Karti;Tit.;45;;;;0;0
2014/15;2015-02-15;19;FUS;Extérieur;B. Koné;Tit.;90;;;;0;0
2014/15;2015-02-15;19;FUS;Extérieur;M. Ivona;Tit.;90;;;;0;0
2014/15;2015-02-15;19;FUS;Extérieur;B. Nekkach;Remp.;23;1.0;;;0;0
2014/15;2015-02-15;19;FUS;Extérieur;R. Hossni;Remp.;45;;1.0;;0;0
2014/15;2015-02-15;19;FUS;Extérieur;F. Ondama;Remp.;37;;;;0;0
2014/15;2015-02-20;20;KACM;Domicile;M. Akid;Tit.;90;;;;0;0
2014/15;2015-02-20;20;KACM;Domicile;A. Noussair;Tit.;90;;;;0;0
2014/15;2015-02-20;20;KACM;Domicile;H. El Amrani;Tit.;90;;1.0;;0;0
2014/15;2015-02-20;20;KACM;Domicile;Y. Rabeh;Tit.;90;;;;0;0
2014/15;2015-02-20;20;KACM;Domicile;Y. El Kordi;Tit.;90;;;;0;0
2014/15;2015-02-20;20;KACM;Domicile;B. Nekkach;Tit.;90;;;;0;0
2014/15;2015-02-20;20;KACM;Domicile;A. Asbahi;Tit.;90;;;;0;0
2014/15;2015-02-20;20;KACM;Domicile;F. Ondama;Tit.;62;;;;0;0
2014/15;2015-02-20;20;KACM;Domicile;W. El Karti;Tit.;79;;;;0;0
2014/15;2015-02-20;20;KACM;Domicile;B. Koné;Tit.;74;1.0;1.0;;0;0
2014/15;2015-02-20;20;KACM;Domicile;M. Ivona;Tit.;90;3.0;;;0;0
2014/15;2015-02-20;20;KACM;Domicile;R. El Hajhouj;Remp.;28;;;;0;0
2014/15;2015-02-20;20;KACM;Domicile;R. Hossni;Remp.;11;;;;0;0
2014/15;2015-02-20;20;KACM;Domicile;Z. El-Moutaraji;Remp.;16;;;;0;0
2014/15;2015-02-28;21;CRA;Extérieur;M. Akid;Tit.;90;;;;0;0
2014/15;2015-02-28;21;CRA;Extérieur;A. Noussair;Tit.;65;;;;0;0
2014/15;2015-02-28;21;CRA;Extérieur;A. Atouchi;Tit.;90;;;;0;0
2014/15;2015-02-28;21;CRA;Extérieur;Y. Rabeh;Tit.;90;;1.0;;0;0
2014/15;2015-02-28;21;CRA;Extérieur;Y. El Kordi;Tit.;90;;1.0;;0;0
2014/15;2015-02-28;21;CRA;Extérieur;B. Nekkach;Tit.;90;;;;0;0
2014/15;2015-02-28;21;CRA;Extérieur;A. Asbahi;Tit.;90;;1.0;;0;0
2014/15;2015-02-28;21;CRA;Extérieur;F. Ondama;Tit.;76;;1.0;;0;0
2014/15;2015-02-28;21;CRA;Extérieur;W. El Karti;Tit.;90;;1.0;;0;0
2014/15;2015-02-28;21;CRA;Extérieur;R. El Hajhouj;Tit.;39;;;;0;0
2014/15;2015-02-28;21;CRA;Extérieur;M. Ivona;Tit.;90;2.0;;;0;0
2014/15;2015-02-28;21;CRA;Extérieur;O. Serbout;Remp.;25;;;;0;0
2014/15;2015-02-28;21;CRA;Extérieur;K. Chafni;Remp.;21;;;;0;0
2014/15;2015-02-28;21;CRA;Extérieur;R. Hossni;Remp.;14;;;;0;0
2014/15;2015-03-07;22;RSB;Domicile;M. Akid;Tit.;90;;;;0;0
2014/15;2015-03-07;22;RSB;Domicile;A. Noussair;Tit.;90;;;;0;0
2014/15;2015-03-07;22;RSB;Domicile;H. El Amrani;Tit.;90;;;;0;0
2014/15;2015-03-07;22;RSB;Domicile;Y. Rabeh;Tit.;90;;;;0;0
2014/15;2015-03-07;22;RSB;Domicile;Y. El Kordi;Tit.;90;;;;0;0
2014/15;2015-03-07;22;RSB;Domicile;B. Nekkach;Tit.;90;;;;0;0
2014/15;2015-03-07;22;RSB;Domicile;A. Asbahi;Tit.;90;;1.0;;0;0
2014/15;2015-03-07;22;RSB;Domicile;F. Ondama;Tit.;85;;;;0;0
2014/15;2015-03-07;22;RSB;Domicile;R. Hossni;Tit.;69;1.0;;;0;0
2014/15;2015-03-07;22;RSB;Domicile;B. Koné;Tit.;76;1.0;;;0;0
2014/15;2015-03-07;22;RSB;Domicile;M. Ivona;Tit.;90;;;;0;0
2014/15;2015-03-07;22;RSB;Domicile;A. Atouchi;Remp.;5;;;;0;0
2014/15;2015-03-07;22;RSB;Domicile;K. Chafni;Remp.;21;;;;0;0
2014/15;2015-03-07;22;RSB;Domicile;R. El Hajhouj;Remp.;14;;;;0;0
2014/15;2015-03-14;23;CAK;Extérieur;M. Akid;Tit.;90;;;;0;0
2014/15;2015-03-14;23;CAK;Extérieur;A. Noussair;Tit.;90;;;;0;0
2014/15;2015-03-14;23;CAK;Extérieur;H. El Amrani;Tit.;90;;1.0;;0;0
2014/15;2015-03-14;23;CAK;Extérieur;Y. Rabeh;Tit.;90;;;;0;0
2014/15;2015-03-14;23;CAK;Extérieur;Y. El Kordi;Tit.;90;;;;0;0
2014/15;2015-03-14;23;CAK;Extérieur;B. Nekkach;Tit.;90;;;;0;0
2014/15;2015-03-14;23;CAK;Extérieur;A. Asbahi;Tit.;90;;;;0;0
2014/15;2015-03-14;23;CAK;Extérieur;R. El Hajhouj;Tit.;54;;1.0;;0;0
2014/15;2015-03-14;23;CAK;Extérieur;W. El Karti;Tit.;77;1.0;;;0;0
2014/15;2015-03-14;23;CAK;Extérieur;B. Koné;Tit.;64;;1.0;;0;0
2014/15;2015-03-14;23;CAK;Extérieur;M. Ivona;Tit.;90;;;;0;0
2014/15;2015-03-14;23;CAK;Extérieur;A. Atouchi;Remp.;13;;;;0;0
2014/15;2015-03-14;23;CAK;Extérieur;R. Hossni;Remp.;26;;;;0;0
2014/15;2015-03-14;23;CAK;Extérieur;F. Ondama;Remp.;36;;;;0;0
2014/15;2015-04-11;25;RCA;Extérieur;M. Akid;Tit.;90;;;;0;0
2014/15;2015-04-11;25;RCA;Extérieur;A. Noussair;Tit.;90;;;;0;0
2014/15;2015-04-11;25;RCA;Extérieur;H. El Amrani;Tit.;90;;;;0;0
2014/15;2015-04-11;25;RCA;Extérieur;Y. Rabeh;Tit.;90;;;;0;0
2014/15;2015-04-11;25;RCA;Extérieur;Y. El Kordi;Tit.;90;;;;0;0
2014/15;2015-04-11;25;RCA;Extérieur;B. Nekkach;Tit.;90;;;;0;0
2014/15;2015-04-11;25;RCA;Extérieur;A. Asbahi;Tit.;75;;1.0;;0;0
2014/15;2015-04-11;25;RCA;Extérieur;F. Ondama;Tit.;68;;;;0;0
2014/15;2015-04-11;25;RCA;Extérieur;W. El Karti;Tit.;90;;1.0;;0;0
2014/15;2015-04-11;25;RCA;Extérieur;B. Koné;Tit.;81;;;;0;0
2014/15;2015-04-11;25;RCA;Extérieur;M. Ivona;Tit.;90;;;;0;0
2014/15;2015-04-11;25;RCA;Extérieur;S. Saidi;Remp.;9;;;;0;0
2014/15;2015-04-11;25;RCA;Extérieur;R. Hossni;Remp.;22;;1.0;;0;0
2014/15;2015-04-11;25;RCA;Extérieur;Z. El-Moutaraji;Remp.;15;1.0;;;0;0
2014/15;2015-04-15;24;MAT;Domicile;M. Akid;Tit.;90;;;;0;0
2014/15;2015-04-15;24;MAT;Domicile;A. Noussair;Tit.;90;;;;0;0
2014/15;2015-04-15;24;MAT;Domicile;H. El Amrani;Tit.;90;;;;0;0
2014/15;2015-04-15;24;MAT;Domicile;Y. Rabeh;Tit.;90;;;;0;0
2014/15;2015-04-15;24;MAT;Domicile;Y. El Kordi;Tit.;90;;;;0;0
2014/15;2015-04-15;24;MAT;Domicile;B. Nekkach;Tit.;90;;1.0;;0;0
2014/15;2015-04-15;24;MAT;Domicile;S. Saidi;Tit.;60;;;;0;0
2014/15;2015-04-15;24;MAT;Domicile;R. El Hajhouj;Tit.;60;;;;0;0
2014/15;2015-04-15;24;MAT;Domicile;R. Hossni;Tit.;90;1.0;;;0;0
2014/15;2015-04-15;24;MAT;Domicile;B. Koné;Tit.;76;;;;0;0
2014/15;2015-04-15;24;MAT;Domicile;M. Ivona;Tit.;90;;;;0;0
2014/15;2015-04-15;24;MAT;Domicile;A. Fall (Abdelkader);Remp.;14;;;;0;0
2014/15;2015-04-15;24;MAT;Domicile;F. Ondama;Remp.;30;;;;0;0
2014/15;2015-04-15;24;MAT;Domicile;Z. El-Moutaraji;Remp.;30;;;;0;0
2014/15;2015-04-18;26;FAR;Domicile;M. Akid;Tit.;90;;;;0;0
2014/15;2015-04-18;26;FAR;Domicile;A. Noussair;Tit.;90;;;;0;0
2014/15;2015-04-18;26;FAR;Domicile;H. El Amrani;Tit.;90;;;;0;0
2014/15;2015-04-18;26;FAR;Domicile;A. Atouchi;Tit.;90;1.0;;;0;0
2014/15;2015-04-18;26;FAR;Domicile;Y. El Kordi;Tit.;90;;;;0;0
2014/15;2015-04-18;26;FAR;Domicile;A. Asbahi;Tit.;45;;;;0;0
2014/15;2015-04-18;26;FAR;Domicile;S. Saidi;Tit.;64;;;;0;0
2014/15;2015-04-18;26;FAR;Domicile;R. El Hajhouj;Tit.;90;;;;0;0
2014/15;2015-04-18;26;FAR;Domicile;W. El Karti;Tit.;45;;;;0;0
2014/15;2015-04-18;26;FAR;Domicile;B. Koné;Tit.;90;;;;0;0
2014/15;2015-04-18;26;FAR;Domicile;M. Ivona;Tit.;90;;;;0;0
2014/15;2015-04-18;26;FAR;Domicile;B. Nekkach;Remp.;45;;;;0;0
2014/15;2015-04-18;26;FAR;Domicile;R. Hossni;Remp.;45;;;;0;0
2014/15;2015-04-18;26;FAR;Domicile;F. Ondama;Remp.;26;1.0;;;0;0
2014/15;2015-04-26;27;DHJ;Extérieur;M. Akid;Tit.;90;;;;0;0
2014/15;2015-04-26;27;DHJ;Extérieur;A. Noussair;Tit.;90;;;;0;0
2014/15;2015-04-26;27;DHJ;Extérieur;H. El Amrani;Tit.;90;;;;0;0
2014/15;2015-04-26;27;DHJ;Extérieur;Y. Rabeh;Tit.;90;;;;0;0
2014/15;2015-04-26;27;DHJ;Extérieur;Y. El Kordi;Tit.;90;;;;0;0
2014/15;2015-04-26;27;DHJ;Extérieur;B. Nekkach;Tit.;90;;1.0;;0;0
2014/15;2015-04-26;27;DHJ;Extérieur;S. Saidi;Tit.;90;;;;0;0
2014/15;2015-04-26;27;DHJ;Extérieur;F. Ondama;Tit.;61;1.0;;;0;0
2014/15;2015-04-26;27;DHJ;Extérieur;W. El Karti;Tit.;71;;;;0;0
2014/15;2015-04-26;27;DHJ;Extérieur;R. Hossni;Tit.;87;;;;0;0
2014/15;2015-04-26;27;DHJ;Extérieur;M. Ivona;Tit.;90;1.0;;;0;0
2014/15;2015-04-26;27;DHJ;Extérieur;A. Atouchi;Remp.;3;;;;0;0
2014/15;2015-04-26;27;DHJ;Extérieur;R. El Hajhouj;Remp.;29;;;;0;0
2014/15;2015-04-26;27;DHJ;Extérieur;Z. El-Moutaraji;Remp.;19;;;;0;0
2014/15;2015-05-09;28;OCS;Domicile;M. Akid;Tit.;90;;;;0;0
2014/15;2015-05-09;28;OCS;Domicile;A. Noussair;Tit.;90;;;;0;0
2014/15;2015-05-09;28;OCS;Domicile;H. El Amrani;Tit.;90;;;;0;0
2014/15;2015-05-09;28;OCS;Domicile;Y. Rabeh;Tit.;90;;;;0;0
2014/15;2015-05-09;28;OCS;Domicile;Y. El Kordi;Tit.;90;;;;0;0
2014/15;2015-05-09;28;OCS;Domicile;B. Nekkach;Tit.;57;;;;0;0
2014/15;2015-05-09;28;OCS;Domicile;S. Saidi;Tit.;90;;;;0;0
2014/15;2015-05-09;28;OCS;Domicile;F. Ondama;Tit.;66;;;;0;0
2014/15;2015-05-09;28;OCS;Domicile;W. El Karti;Tit.;90;1.0;;;0;0
2014/15;2015-05-09;28;OCS;Domicile;B. Koné;Tit.;71;;;;0;0
2014/15;2015-05-09;28;OCS;Domicile;M. Ivona;Tit.;90;;;;0;0
2014/15;2015-05-09;28;OCS;Domicile;A. Asbahi;Remp.;33;;1.0;;0;0
2014/15;2015-05-09;28;OCS;Domicile;R. El Hajhouj;Remp.;24;1.0;1.0;;0;0
2014/15;2015-05-09;28;OCS;Domicile;Z. El-Moutaraji;Remp.;19;;;;0;0
2014/15;2015-05-16;29;HUSA;Extérieur;M. Akid;Tit.;90;;;;0;0
2014/15;2015-05-16;29;HUSA;Extérieur;A. Noussair;Tit.;90;;;;0;0
2014/15;2015-05-16;29;HUSA;Extérieur;H. El Amrani;Tit.;90;;;;0;0
2014/15;2015-05-16;29;HUSA;Extérieur;Y. Rabeh;Tit.;90;;1.0;;0;0
2014/15;2015-05-16;29;HUSA;Extérieur;Y. El Kordi;Tit.;90;;;;0;0
2014/15;2015-05-16;29;HUSA;Extérieur;B. Nekkach;Tit.;90;;;;0;0
2014/15;2015-05-16;29;HUSA;Extérieur;S. Saidi;Tit.;90;;;;0;0
2014/15;2015-05-16;29;HUSA;Extérieur;R. El Hajhouj;Tit.;45;;;;0;0
2014/15;2015-05-16;29;HUSA;Extérieur;W. El Karti;Tit.;90;;;;0;0
2014/15;2015-05-16;29;HUSA;Extérieur;B. Koné;Tit.;59;;;;0;0
2014/15;2015-05-16;29;HUSA;Extérieur;M. Ivona;Tit.;77;3.0;1.0;;0;0
2014/15;2015-05-16;29;HUSA;Extérieur;A. Atouchi;Remp.;13;;;;0;0
2014/15;2015-05-16;29;HUSA;Extérieur;R. Hossni;Remp.;45;;;;0;0
2014/15;2015-05-16;29;HUSA;Extérieur;F. Ondama;Remp.;31;;;;0;0
2014/15;2015-05-24;30;OCK;Domicile;M. Akid;Tit.;90;;;;0;0
2014/15;2015-05-24;30;OCK;Domicile;A. Noussair;Tit.;90;;;;0;0
2014/15;2015-05-24;30;OCK;Domicile;H. El Amrani;Tit.;90;;;;0;0
2014/15;2015-05-24;30;OCK;Domicile;Y. Rabeh;Tit.;45;;;;0;0
2014/15;2015-05-24;30;OCK;Domicile;Y. El Kordi;Tit.;90;;;;0;0
2014/15;2015-05-24;30;OCK;Domicile;B. Nekkach;Tit.;45;;1.0;;0;0
2014/15;2015-05-24;30;OCK;Domicile;S. Saidi;Tit.;90;;;;0;0
2014/15;2015-05-24;30;OCK;Domicile;R. El Hajhouj;Tit.;90;;;;0;0
2014/15;2015-05-24;30;OCK;Domicile;W. El Karti;Tit.;45;;;;0;0
2014/15;2015-05-24;30;OCK;Domicile;B. Koné;Tit.;90;;;;0;0
2014/15;2015-05-24;30;OCK;Domicile;M. Ivona;Tit.;90;;;;0;0
2014/15;2015-05-24;30;OCK;Domicile;A. Asbahi;Remp.;45;;;;0;0
2014/15;2015-05-24;30;OCK;Domicile;R. Hossni;Remp.;45;;;;0;0
2014/15;2015-05-24;30;OCK;Domicile;F. Ondama;Remp.;45;;;;0;0
2015/16;2015-09-06;1;FAR;Domicile;Z. Laaroubi;Tit.;90;;;;0;0
2015/16;2015-09-06;1;FAR;Domicile;A. Noussair;Tit.;90;;;;0;0
2015/16;2015-09-06;1;FAR;Domicile;Y. Rabeh;Tit.;90;;1.0;;0;0
2015/16;2015-09-06;1;FAR;Domicile;M. Fall;Tit.;90;;1.0;;0;0
2015/16;2015-09-06;1;FAR;Domicile;Y. El Kordi;Tit.;90;;;;0;0
2015/16;2015-09-06;1;FAR;Domicile;R. Hossni;Tit.;90;;;;0;0
2015/16;2015-09-06;1;FAR;Domicile;B. Nekkach;Tit.;90;;;;0;0
2015/16;2015-09-06;1;FAR;Domicile;R. El Hajhouj;Tit.;67;1.0;;;0;0
2015/16;2015-09-06;1;FAR;Domicile;W. El Karti;Tit.;73;1.0;;;0;0
2015/16;2015-09-06;1;FAR;Domicile;I. Haddad;Tit.;52;;;;0;0
2015/16;2015-09-06;1;FAR;Domicile;F. Ondama;Tit.;90;;;;0;0
2015/16;2015-09-06;1;FAR;Domicile;M. M. Cissé;Remp.;17;1.0;1.0;;0;0
2015/16;2015-09-06;1;FAR;Domicile;M. Ounajem;Remp.;38;1.0;;;0;0
2015/16;2015-09-06;1;FAR;Domicile;Z. El-Moutaraji;Remp.;23;;;;0;0
2015/16;2015-09-13;2;OCK;Extérieur;Z. Laaroubi;Tit.;90;;;;0;0
2015/16;2015-09-13;2;OCK;Extérieur;A. Noussair;Tit.;90;;;;0;0
2015/16;2015-09-13;2;OCK;Extérieur;Y. Rabeh;Tit.;90;;;;0;0
2015/16;2015-09-13;2;OCK;Extérieur;M. Fall;Tit.;90;;;;0;0
2015/16;2015-09-13;2;OCK;Extérieur;A. Kacimi;Tit.;90;;;;0;0
2015/16;2015-09-13;2;OCK;Extérieur;S. Saidi;Tit.;90;;;;0;0
2015/16;2015-09-13;2;OCK;Extérieur;B. Nekkach;Tit.;90;;;;0;0
2015/16;2015-09-13;2;OCK;Extérieur;R. El Hajhouj;Tit.;57;;;;0;0
2015/16;2015-09-13;2;OCK;Extérieur;W. El Karti;Tit.;90;;;;0;0
2015/16;2015-09-13;2;OCK;Extérieur;I. Haddad;Tit.;90;;;;0;0
2015/16;2015-09-13;2;OCK;Extérieur;M. M. Cissé;Tit.;43;2.0;;;0;0
2015/16;2015-09-13;2;OCK;Extérieur;F. Ondama;Remp.;34;;;;0;0
2015/16;2015-09-13;2;OCK;Extérieur;M. Ounajem;Remp.;33;1.0;;;0;0
2015/16;2015-09-13;2;OCK;Extérieur;J. Ait Ben Idder;Remp.;13;;;;0;0
2015/16;2015-10-04;3;DHJ;Domicile;Z. Laaroubi;Tit.;90;;;;0;0
2015/16;2015-10-04;3;DHJ;Domicile;A. Noussair;Tit.;90;;;;0;0
2015/16;2015-10-04;3;DHJ;Domicile;Y. Rabeh;Tit.;90;;;;0;0
2015/16;2015-10-04;3;DHJ;Domicile;M. Fall;Tit.;90;1.0;;;0;0
2015/16;2015-10-04;3;DHJ;Domicile;A. Kacimi;Tit.;90;;1.0;;0;0
2015/16;2015-10-04;3;DHJ;Domicile;S. Saidi;Tit.;90;;;;0;0
2015/16;2015-10-04;3;DHJ;Domicile;B. Nekkach;Tit.;90;;1.0;;0;0
2015/16;2015-10-04;3;DHJ;Domicile;R. El Hajhouj;Tit.;59;;;;0;0
2015/16;2015-10-04;3;DHJ;Domicile;W. El Karti;Tit.;45;;;;0;0
2015/16;2015-10-04;3;DHJ;Domicile;I. Haddad;Tit.;73;;;;0;0
2015/16;2015-10-04;3;DHJ;Domicile;M. M. Cissé;Tit.;90;;;;0;0
2015/16;2015-10-04;3;DHJ;Domicile;R. Hossni;Remp.;45;;;;0;0
2015/16;2015-10-04;3;DHJ;Domicile;M. Ounajem;Remp.;31;1.0;1.0;;0;0
2015/16;2015-10-04;3;DHJ;Domicile;Z. El-Moutaraji;Remp.;17;;;;0;0
2015/16;2015-10-11;4;RSB;Extérieur;Z. Laaroubi;Tit.;90;;;;0;0
2015/16;2015-10-11;4;RSB;Extérieur;A. Noussair;Tit.;90;;;;0;0
2015/16;2015-10-11;4;RSB;Extérieur;Y. Rabeh;Tit.;90;;;;0;0
2015/16;2015-10-11;4;RSB;Extérieur;M. Fall;Tit.;90;;;;0;0
2015/16;2015-10-11;4;RSB;Extérieur;A. Kacimi;Tit.;90;;;;0;0
2015/16;2015-10-11;4;RSB;Extérieur;S. Saidi;Tit.;90;;;;0;0
2015/16;2015-10-11;4;RSB;Extérieur;B. Nekkach;Tit.;90;;;;0;0
2015/16;2015-10-11;4;RSB;Extérieur;R. El Hajhouj;Tit.;81;;;;0;0
2015/16;2015-10-11;4;RSB;Extérieur;W. El Karti;Tit.;73;;;;0;0
2015/16;2015-10-11;4;RSB;Extérieur;I. Haddad;Tit.;76;;;;0;0
2015/16;2015-10-11;4;RSB;Extérieur;M. M. Cissé;Tit.;90;;;;0;0
2015/16;2015-10-11;4;RSB;Extérieur;J. Ait Ben Idder;Remp.;17;;;;0;0
2015/16;2015-10-11;4;RSB;Extérieur;M. Ounajem;Remp.;14;;;;0;0
2015/16;2015-10-11;4;RSB;Extérieur;Z. El-Moutaraji;Remp.;9;;;;0;0
2015/16;2015-11-01;5;KAC;Extérieur;Z. Laaroubi;Tit.;90;;1.0;;0;0
2015/16;2015-11-01;5;KAC;Extérieur;A. Noussair;Tit.;90;;1.0;;0;0
2015/16;2015-11-01;5;KAC;Extérieur;Y. Rabeh;Tit.;90;;;;0;0
2015/16;2015-11-01;5;KAC;Extérieur;M. Fall;Tit.;90;;;;0;0
2015/16;2015-11-01;5;KAC;Extérieur;A. Kacimi;Tit.;90;;;;0;0
2015/16;2015-11-01;5;KAC;Extérieur;S. Saidi;Tit.;90;;;;0;0
2015/16;2015-11-01;5;KAC;Extérieur;B. Nekkach;Tit.;25;;;;0;0
2015/16;2015-11-01;5;KAC;Extérieur;R. El Hajhouj;Tit.;59;1.0;;;0;0
2015/16;2015-11-01;5;KAC;Extérieur;W. El Karti;Tit.;90;;;;0;0
2015/16;2015-11-01;5;KAC;Extérieur;I. Haddad;Tit.;15;;;;0;0
2015/16;2015-11-01;5;KAC;Extérieur;M. M. Cissé;Tit.;90;;;1.0;0;0
2015/16;2015-11-01;5;KAC;Extérieur;A. Atouchi;Remp.;75;;;;0;0
2015/16;2015-11-01;5;KAC;Extérieur;F. Ondama;Remp.;31;;;;0;0
2015/16;2015-11-01;5;KAC;Extérieur;R. Hossni;Remp.;65;;;;0;0
2015/16;2015-11-08;6;OCS;Domicile;Z. Laaroubi;Tit.;90;;;;0;0
2015/16;2015-11-08;6;OCS;Domicile;A. Noussair;Tit.;90;;1.0;;0;0
2015/16;2015-11-08;6;OCS;Domicile;Y. Rabeh;Tit.;90;;;;0;0
2015/16;2015-11-08;6;OCS;Domicile;M. Fall;Tit.;90;;;;0;0
2015/16;2015-11-08;6;OCS;Domicile;A. Kacimi;Tit.;90;;1.0;;0;0
2015/16;2015-11-08;6;OCS;Domicile;S. Saidi;Tit.;90;1.0;;;0;0
2015/16;2015-11-08;6;OCS;Domicile;B. Nekkach;Tit.;90;;1.0;;0;0
2015/16;2015-11-08;6;OCS;Domicile;R. El Hajhouj;Tit.;90;;;;0;0
2015/16;2015-11-08;6;OCS;Domicile;W. El Karti;Tit.;45;;;;0;0
2015/16;2015-11-08;6;OCS;Domicile;I. Haddad;Tit.;58;;;;0;0
2015/16;2015-11-08;6;OCS;Domicile;F. Ondama;Tit.;67;;;;0;0
2015/16;2015-11-08;6;OCS;Domicile;M. Ounajem;Remp.;32;;;;0;0
2015/16;2015-11-08;6;OCS;Domicile;B. El Bahri;Remp.;23;;;;0;0
2015/16;2015-11-08;6;OCS;Domicile;R. Hossni;Remp.;45;1.0;1.0;;0;0
2015/16;2015-11-21;8;IRT;Domicile;Z. Laaroubi;Tit.;90;;;;0;0
2015/16;2015-11-21;8;IRT;Domicile;A. Noussair;Tit.;90;;1.0;;0;0
2015/16;2015-11-21;8;IRT;Domicile;A. Atouchi;Tit.;90;;;;0;0
2015/16;2015-11-21;8;IRT;Domicile;M. Fall;Tit.;90;1.0;;;0;0
2015/16;2015-11-21;8;IRT;Domicile;A. Kacimi;Tit.;90;;;;0;0
2015/16;2015-11-21;8;IRT;Domicile;S. Saidi;Tit.;90;;;;0;0
2015/16;2015-11-21;8;IRT;Domicile;B. Nekkach;Tit.;90;;1.0;;0;0
2015/16;2015-11-21;8;IRT;Domicile;R. El Hajhouj;Tit.;52;;;;0;0
2015/16;2015-11-21;8;IRT;Domicile;W. El Karti;Tit.;59;;;;0;0
2015/16;2015-11-21;8;IRT;Domicile;I. Haddad;Tit.;47;;;;0;0
2015/16;2015-11-21;8;IRT;Domicile;R. Hossni;Tit.;90;1.0;;;0;0
2015/16;2015-11-21;8;IRT;Domicile;M. Ounajem;Remp.;38;;;;0;0
2015/16;2015-11-21;8;IRT;Domicile;B. El Bahri;Remp.;43;;;;0;0
2015/16;2015-11-21;8;IRT;Domicile;F. Ondama;Remp.;31;;;;0;0
2015/16;2015-11-25;7;HUSA;Extérieur;Z. Laaroubi;Tit.;90;;;;0;0
2015/16;2015-11-25;7;HUSA;Extérieur;A. Noussair;Tit.;90;;;;0;0
2015/16;2015-11-25;7;HUSA;Extérieur;A. Atouchi;Tit.;90;;1.0;;0;0
2015/16;2015-11-25;7;HUSA;Extérieur;M. Fall;Tit.;90;;;;0;0
2015/16;2015-11-25;7;HUSA;Extérieur;B. N. Naveo;Tit.;90;;1.0;;0;0
2015/16;2015-11-25;7;HUSA;Extérieur;Y. El Kordi;Tit.;90;;1.0;;0;0
2015/16;2015-11-25;7;HUSA;Extérieur;F. Ondama;Tit.;76;1.0;;;0;0
2015/16;2015-11-25;7;HUSA;Extérieur;J. Ait Ben Idder;Tit.;90;;;;0;0
2015/16;2015-11-25;7;HUSA;Extérieur;W. El Karti;Tit.;64;;;;0;0
2015/16;2015-11-25;7;HUSA;Extérieur;M. M. Cissé;Tit.;73;;;;0;0
2015/16;2015-11-25;7;HUSA;Extérieur;R. Hossni;Tit.;90;;;;0;0
2015/16;2015-11-25;7;HUSA;Extérieur;I. Haddad;Remp.;17;;;;0;0
2015/16;2015-11-25;7;HUSA;Extérieur;A. Asbahi;Remp.;26;;1.0;;0;0
2015/16;2015-11-25;7;HUSA;Extérieur;R. El Hajhouj;Remp.;14;;;;0;0
2015/16;2015-11-29;9;FUS;Extérieur;Z. Laaroubi;Tit.;90;;;;0;0
2015/16;2015-11-29;9;FUS;Extérieur;A. Noussair;Tit.;90;;;;0;0
2015/16;2015-11-29;9;FUS;Extérieur;A. Atouchi;Tit.;90;;;;0;0
2015/16;2015-11-29;9;FUS;Extérieur;M. Fall;Tit.;90;;;;0;0
2015/16;2015-11-29;9;FUS;Extérieur;B. N. Naveo;Tit.;90;;;;0;0
2015/16;2015-11-29;9;FUS;Extérieur;Y. El Kordi;Tit.;90;;;;0;0
2015/16;2015-11-29;9;FUS;Extérieur;F. Ondama;Tit.;61;;;;0;0
2015/16;2015-11-29;9;FUS;Extérieur;J. Ait Ben Idder;Tit.;90;;;;0;0
2015/16;2015-11-29;9;FUS;Extérieur;S. Saidi;Tit.;90;;;;0;0
2015/16;2015-11-29;9;FUS;Extérieur;M. M. Cissé;Tit.;49;;;;0;0
2015/16;2015-11-29;9;FUS;Extérieur;R. Hossni;Tit.;33;;;;0;0
2015/16;2015-11-29;9;FUS;Extérieur;I. Haddad;Remp.;29;;;;0;0
2015/16;2015-11-29;9;FUS;Extérieur;B. Nekkach;Remp.;41;;;;0;0
2015/16;2015-11-29;9;FUS;Extérieur;M. Ounajem;Remp.;57;;;;0;0
2015/16;2015-12-05;10;KACM;Domicile;Z. Laaroubi;Tit.;90;;;;0;0
2015/16;2015-12-05;10;KACM;Domicile;A. Noussair;Tit.;90;;1.0;;0;0
2015/16;2015-12-05;10;KACM;Domicile;Y. El Kordi;Tit.;90;;;;0;0
2015/16;2015-12-05;10;KACM;Domicile;M. Fall;Tit.;90;;;;0;0
2015/16;2015-12-05;10;KACM;Domicile;B. N. Naveo;Tit.;90;;;;0;0
2015/16;2015-12-05;10;KACM;Domicile;B. Nekkach;Tit.;90;;1.0;;0;0
2015/16;2015-12-05;10;KACM;Domicile;F. Ondama;Tit.;90;;;;0;0
2015/16;2015-12-05;10;KACM;Domicile;I. Haddad;Tit.;71;;;;0;0
2015/16;2015-12-05;10;KACM;Domicile;S. Saidi;Tit.;90;;1.0;;0;0
2015/16;2015-12-05;10;KACM;Domicile;R. El Hajhouj;Tit.;74;2.0;;;0;0
2015/16;2015-12-05;10;KACM;Domicile;W. El Karti;Tit.;45;;;;0;0
2015/16;2015-12-05;10;KACM;Domicile;R. Hossni;Remp.;45;;;;0;0
2015/16;2015-12-05;10;KACM;Domicile;M. M. Cissé;Remp.;16;;;;0;0
2015/16;2015-12-05;10;KACM;Domicile;M. Ounajem;Remp.;19;;;;0;0
2015/16;2015-12-12;11;MCO;Extérieur;Z. Laaroubi;Tit.;90;;;;0;0
2015/16;2015-12-12;11;MCO;Extérieur;A. Atouchi;Tit.;90;;;;0;0
2015/16;2015-12-12;11;MCO;Extérieur;Y. El Kordi;Tit.;90;;;;0;0
2015/16;2015-12-12;11;MCO;Extérieur;M. Fall;Tit.;90;;1.0;;0;0
2015/16;2015-12-12;11;MCO;Extérieur;B. N. Naveo;Tit.;90;;;;0;0
2015/16;2015-12-12;11;MCO;Extérieur;B. Nekkach;Tit.;90;;;;0;0
2015/16;2015-12-12;11;MCO;Extérieur;M. M. Cissé;Tit.;45;;;;0;0
2015/16;2015-12-12;11;MCO;Extérieur;I. Haddad;Tit.;90;1.0;;;0;0
2015/16;2015-12-12;11;MCO;Extérieur;S. Saidi;Tit.;90;;;1.0;0;0
2015/16;2015-12-12;11;MCO;Extérieur;R. El Hajhouj;Tit.;67;;;;0;0
2015/16;2015-12-12;11;MCO;Extérieur;W. El Karti;Tit.;54;;;;0;0
2015/16;2015-12-12;11;MCO;Extérieur;J. Ait Ben Idder;Remp.;36;;;;0;0
2015/16;2015-12-12;11;MCO;Extérieur;A. El Hassouni;Remp.;45;;;;0;0
2015/16;2015-12-12;11;MCO;Extérieur;M. Ounajem;Remp.;23;;;;0;0
2015/16;2015-12-20;12;RCA;Domicile;Z. Laaroubi;Tit.;90;;;;0;0
2015/16;2015-12-20;12;RCA;Domicile;A. Noussair;Tit.;90;;;;0;0
2015/16;2015-12-20;12;RCA;Domicile;Y. El Kordi;Tit.;90;;;;0;0
2015/16;2015-12-20;12;RCA;Domicile;M. Fall;Tit.;90;;;;0;0
2015/16;2015-12-20;12;RCA;Domicile;Y. Rabeh;Tit.;90;;;;0;0
2015/16;2015-12-20;12;RCA;Domicile;B. Nekkach;Tit.;90;;;;0;0
2015/16;2015-12-20;12;RCA;Domicile;F. Ondama;Tit.;73;;;;0;0
2015/16;2015-12-20;12;RCA;Domicile;R. Hossni;Tit.;90;;;;0;0
2015/16;2015-12-20;12;RCA;Domicile;J. Ait Ben Idder;Tit.;90;;;;0;0
2015/16;2015-12-20;12;RCA;Domicile;R. El Hajhouj;Tit.;51;;;;0;0
2015/16;2015-12-20;12;RCA;Domicile;W. El Karti;Tit.;64;;;;0;0
2015/16;2015-12-20;12;RCA;Domicile;I. Haddad;Remp.;39;;;;0;0
2015/16;2015-12-20;12;RCA;Domicile;M. M. Cissé;Remp.;17;;;;0;0
2015/16;2015-12-20;12;RCA;Domicile;M. Ounajem;Remp.;26;;;;0;0
2015/16;2015-12-27;13;MAS;Extérieur;Z. Laaroubi;Tit.;90;;;;0;0
2015/16;2015-12-27;13;MAS;Extérieur;A. Noussair;Tit.;90;;;;0;0
2015/16;2015-12-27;13;MAS;Extérieur;Y. El Kordi;Tit.;90;;;;0;0
2015/16;2015-12-27;13;MAS;Extérieur;M. Fall;Tit.;90;;;;0;0
2015/16;2015-12-27;13;MAS;Extérieur;A. Atouchi;Tit.;90;;1.0;;0;0
2015/16;2015-12-27;13;MAS;Extérieur;B. Nekkach;Tit.;90;;;;0;0
2015/16;2015-12-27;13;MAS;Extérieur;M. M. Cissé;Tit.;63;;;;0;0
2015/16;2015-12-27;13;MAS;Extérieur;I. Haddad;Tit.;37;;;;0;0
2015/16;2015-12-27;13;MAS;Extérieur;J. Ait Ben Idder;Tit.;90;;;;0;0
2015/16;2015-12-27;13;MAS;Extérieur;R. El Hajhouj;Tit.;55;;;;0;0
2015/16;2015-12-27;13;MAS;Extérieur;W. El Karti;Tit.;90;;;;0;0
2015/16;2015-12-27;13;MAS;Extérieur;R. Hossni;Remp.;35;;;;0;0
2015/16;2015-12-27;13;MAS;Extérieur;A. El Hassouni;Remp.;27;;;;0;0
2015/16;2015-12-27;13;MAS;Extérieur;M. Ounajem;Remp.;53;;1.0;;0;0
2015/16;2016-01-02;14;CRA;Domicile;Z. Laaroubi;Tit.;90;;;;0;0
2015/16;2016-01-02;14;CRA;Domicile;A. Noussair;Tit.;90;;;;0;0
2015/16;2016-01-02;14;CRA;Domicile;Y. El Kordi;Tit.;90;;;;0;0
2015/16;2016-01-02;14;CRA;Domicile;M. Fall;Tit.;90;;;;0;0
2015/16;2016-01-02;14;CRA;Domicile;A. Atouchi;Tit.;90;;;;0;0
2015/16;2016-01-02;14;CRA;Domicile;S. Saidi;Tit.;90;;;;0;0
2015/16;2016-01-02;14;CRA;Domicile;A. Asbahi;Tit.;90;;;;0;0
2015/16;2016-01-02;14;CRA;Domicile;M. Ounajem;Tit.;73;;;;0;0
2015/16;2016-01-02;14;CRA;Domicile;R. Hossni;Tit.;59;;;;0;0
2015/16;2016-01-02;14;CRA;Domicile;F. Ondama;Tit.;90;;;;0;0
2015/16;2016-01-02;14;CRA;Domicile;W. El Karti;Tit.;49;;;;0;0
2015/16;2016-01-02;14;CRA;Domicile;Z. El-Moutaraji;Remp.;17;;;;0;0
2015/16;2016-01-02;14;CRA;Domicile;I. Haddad;Remp.;31;;;;0;0
2015/16;2016-01-02;14;CRA;Domicile;M. M. Cissé;Remp.;41;;;;0;0
2015/16;2016-01-06;15;MAT;Extérieur;Z. Laaroubi;Tit.;90;;;;0;0
2015/16;2016-01-06;15;MAT;Extérieur;A. Noussair;Tit.;90;;;;0;0
2015/16;2016-01-06;15;MAT;Extérieur;Y. El Kordi;Tit.;90;;1.0;;0;0
2015/16;2016-01-06;15;MAT;Extérieur;M. Fall;Tit.;90;;;;0;0
2015/16;2016-01-06;15;MAT;Extérieur;A. Atouchi;Tit.;90;;;;0;0
2015/16;2016-01-06;15;MAT;Extérieur;S. Saidi;Tit.;90;;;;0;0
2015/16;2016-01-06;15;MAT;Extérieur;A. Asbahi;Tit.;90;;;;0;0
2015/16;2016-01-06;15;MAT;Extérieur;B. Nekkach;Tit.;90;;;;0;0
2015/16;2016-01-06;15;MAT;Extérieur;M. M. Cissé;Tit.;69;;;;0;0
2015/16;2016-01-06;15;MAT;Extérieur;F. Ondama;Tit.;90;;;;0;0
2015/16;2016-01-06;15;MAT;Extérieur;I. Haddad;Tit.;73;;;;0;0
2015/16;2016-01-06;15;MAT;Extérieur;A. El Hassouni;Remp.;21;;;;0;0
2015/16;2016-01-06;15;MAT;Extérieur;H. El Wasti;Remp.;17;;;;0;0
2015/16;2016-02-17;16;FAR;Extérieur;Z. Laaroubi;Tit.;90;;;;0;0
2015/16;2016-02-17;16;FAR;Extérieur;M. Karnass;Tit.;90;;;;0;0
2015/16;2016-02-17;16;FAR;Extérieur;B. Z. Ondy;Tit.;90;;;;0;0
2015/16;2016-02-17;16;FAR;Extérieur;M. Fall;Tit.;90;;;;0;0
2015/16;2016-02-17;16;FAR;Extérieur;A. Atouchi;Tit.;90;;;;0;0
2015/16;2016-02-17;16;FAR;Extérieur;J. Ait Ben Idder;Tit.;90;;;;0;0
2015/16;2016-02-17;16;FAR;Extérieur;A. Kacimi;Tit.;67;;;;0;0
2015/16;2016-02-17;16;FAR;Extérieur;B. Nekkach;Tit.;90;;1.0;;0;0
2015/16;2016-02-17;16;FAR;Extérieur;W. El Karti;Tit.;90;1.0;;;0;0
2015/16;2016-02-17;16;FAR;Extérieur;A. El Hassouni;Tit.;55;;;;0;0
2015/16;2016-02-17;16;FAR;Extérieur;S. Sissoko;Tit.;78;;;;0;0
2015/16;2016-02-17;16;FAR;Extérieur;F. Ondama;Remp.;35;1.0;;;0;0
2015/16;2016-02-17;16;FAR;Extérieur;I. Haddad;Remp.;23;;;;0;0
2015/16;2016-02-17;16;FAR;Extérieur;M. Ounajem;Remp.;12;;;;0;0
2015/16;2016-02-21;17;OCK;Domicile;Z. Laaroubi;Tit.;90;;1.0;;0;0
2015/16;2016-02-21;17;OCK;Domicile;A. Noussair;Tit.;90;;1.0;;0;0
2015/16;2016-02-21;17;OCK;Domicile;Y. El Kordi;Tit.;90;;;;0;0
2015/16;2016-02-21;17;OCK;Domicile;M. Fall;Tit.;90;;;;0;0
2015/16;2016-02-21;17;OCK;Domicile;Y. Rabeh;Tit.;90;;;;0;0
2015/16;2016-02-21;17;OCK;Domicile;A. Asbahi;Tit.;90;;;;0;0
2015/16;2016-02-21;17;OCK;Domicile;S. Saidi;Tit.;90;;;;0;0
2015/16;2016-02-21;17;OCK;Domicile;R. El Hajhouj;Tit.;50;1.0;;;0;0
2015/16;2016-02-21;17;OCK;Domicile;W. El Karti;Tit.;45;;;;0;0
2015/16;2016-02-21;17;OCK;Domicile;I. Haddad;Tit.;90;;1.0;;0;0
2015/16;2016-02-21;17;OCK;Domicile;S. Sissoko;Tit.;64;;;;0;0
2015/16;2016-02-21;17;OCK;Domicile;F. Ondama;Remp.;26;;;;0;0
2015/16;2016-02-21;17;OCK;Domicile;M. Karnass;Remp.;40;;;;0;0
2015/16;2016-02-21;17;OCK;Domicile;R. Hossni;Remp.;45;;;;0;0
2015/16;2016-03-01;18;DHJ;Extérieur;Z. Laaroubi;Tit.;90;;;;0;0
2015/16;2016-03-01;18;DHJ;Extérieur;A. Noussair;Tit.;90;;1.0;;0;0
2015/16;2016-03-01;18;DHJ;Extérieur;B. Z. Ondy;Tit.;90;;1.0;;0;0
2015/16;2016-03-01;18;DHJ;Extérieur;M. Fall;Tit.;90;;;;0;0
2015/16;2016-03-01;18;DHJ;Extérieur;Y. Rabeh;Tit.;90;;;;0;0
2015/16;2016-03-01;18;DHJ;Extérieur;J. Ait Ben Idder;Tit.;90;;1.0;;0;0
2015/16;2016-03-01;18;DHJ;Extérieur;S. Saidi;Tit.;90;;;;0;0
2015/16;2016-03-01;18;DHJ;Extérieur;R. El Hajhouj;Tit.;74;;;;0;0
2015/16;2016-03-01;18;DHJ;Extérieur;W. El Karti;Tit.;67;;;;0;0
2015/16;2016-03-01;18;DHJ;Extérieur;I. Haddad;Tit.;45;;;;0;0
2015/16;2016-03-01;18;DHJ;Extérieur;B. Kieta;Tit.;90;;;;0;0
2015/16;2016-03-01;18;DHJ;Extérieur;F. Ondama;Remp.;16;;;;0;0
2015/16;2016-03-01;18;DHJ;Extérieur;M. Karnass;Remp.;23;;;;0;0
2015/16;2016-03-01;18;DHJ;Extérieur;A. Kacimi;Remp.;45;;;;0;0
2015/16;2016-03-26;20;KAC;Domicile;Z. Laaroubi;Tit.;90;;;;0;0
2015/16;2016-03-26;20;KAC;Domicile;M. Karnass;Tit.;90;;;;0;0
2015/16;2016-03-26;20;KAC;Domicile;Y. El Kordi;Tit.;90;;;;0;0
2015/16;2016-03-26;20;KAC;Domicile;M. Fall;Tit.;90;;;;0;0
2015/16;2016-03-26;20;KAC;Domicile;Y. Rabeh;Tit.;73;;;;0;0
2015/16;2016-03-26;20;KAC;Domicile;A. Asbahi;Tit.;90;;1.0;;0;0
2015/16;2016-03-26;20;KAC;Domicile;S. Saidi;Tit.;90;;;;0;0
2015/16;2016-03-26;20;KAC;Domicile;R. El Hajhouj;Tit.;90;2.0;;;0;0
2015/16;2016-03-26;20;KAC;Domicile;W. El Karti;Tit.;34;;;;0;0
2015/16;2016-03-26;20;KAC;Domicile;I. Haddad;Tit.;90;;;;0;0
2015/16;2016-03-26;20;KAC;Domicile;B. Kieta;Tit.;73;;;;0;0
2015/16;2016-03-26;20;KAC;Domicile;J. Ait Ben Idder;Remp.;17;;;;0;0
2015/16;2016-03-26;20;KAC;Domicile;R. Hossni;Remp.;56;;;;0;0
2015/16;2016-03-26;20;KAC;Domicile;A. El Hassouni;Remp.;32;;;;0;0
2015/16;2016-03-30;21;OCS;Extérieur;Z. Laaroubi;Tit.;90;;;;0;0
2015/16;2016-03-30;21;OCS;Extérieur;A. Noussair;Tit.;90;;;;0;0
2015/16;2016-03-30;21;OCS;Extérieur;Y. El Kordi;Tit.;90;;;;0;0
2015/16;2016-03-30;21;OCS;Extérieur;M. Fall;Tit.;90;;;;0;0
2015/16;2016-03-30;21;OCS;Extérieur;A. Atouchi;Tit.;90;;;;0;0
2015/16;2016-03-30;21;OCS;Extérieur;A. Asbahi;Tit.;90;1.0;1.0;;0;0
2015/16;2016-03-30;21;OCS;Extérieur;S. Saidi;Tit.;90;;;;0;0
2015/16;2016-03-30;21;OCS;Extérieur;M. Karnass;Tit.;78;;;;0;0
2015/16;2016-03-30;21;OCS;Extérieur;A. El Hassouni;Tit.;57;;1.0;;0;0
2015/16;2016-03-30;21;OCS;Extérieur;I. Haddad;Tit.;69;;;;0;0
2015/16;2016-03-30;21;OCS;Extérieur;B. Kieta;Tit.;90;;;;0;0
2015/16;2016-03-30;21;OCS;Extérieur;J. Ait Ben Idder;Remp.;12;;;;0;0
2015/16;2016-03-30;21;OCS;Extérieur;R. Hossni;Remp.;21;;;;0;0
2015/16;2016-03-30;21;OCS;Extérieur;M. Ounajem;Remp.;28;;;1.0;0;0
2015/16;2016-04-03;22;HUSA;Domicile;Z. Laaroubi;Tit.;90;;;;0;0
2015/16;2016-04-03;22;HUSA;Domicile;A. Noussair;Tit.;90;1.0;;;0;0
2015/16;2016-04-03;22;HUSA;Domicile;B. Z. Ondy;Tit.;90;;;;0;0
2015/16;2016-04-03;22;HUSA;Domicile;M. Fall;Tit.;90;;1.0;;0;0
2015/16;2016-04-03;22;HUSA;Domicile;A. Atouchi;Tit.;90;;;;0;0
2015/16;2016-04-03;22;HUSA;Domicile;A. Asbahi;Tit.;60;;1.0;;0;0
2015/16;2016-04-03;22;HUSA;Domicile;S. Saidi;Tit.;90;;;;0;0
2015/16;2016-04-03;22;HUSA;Domicile;W. El Karti;Tit.;65;;;;0;0
2015/16;2016-04-03;22;HUSA;Domicile;F. Ondama;Tit.;90;;;;0;0
2015/16;2016-04-03;22;HUSA;Domicile;I. Haddad;Tit.;90;;;;0;0
2015/16;2016-04-03;22;HUSA;Domicile;R. El Hajhouj;Tit.;50;;;;0;0
2015/16;2016-04-03;22;HUSA;Domicile;B. Kieta;Remp.;25;;;;0;0
2015/16;2016-04-03;22;HUSA;Domicile;M. Karnass;Remp.;40;;;;0;0
2015/16;2016-04-03;22;HUSA;Domicile;J. Ait Ben Idder;Remp.;30;;;;0;0
2015/16;2016-04-13;23;IRT;Extérieur;Z. Laaroubi;Tit.;90;;;;0;0
2015/16;2016-04-13;23;IRT;Extérieur;A. Noussair;Tit.;90;;;;0;0
2015/16;2016-04-13;23;IRT;Extérieur;B. Z. Ondy;Tit.;90;;;;0;0
2015/16;2016-04-13;23;IRT;Extérieur;M. Fall;Tit.;90;;1.0;;0;0
2015/16;2016-04-13;23;IRT;Extérieur;Y. Rabeh;Tit.;38;;;;0;0
2015/16;2016-04-13;23;IRT;Extérieur;J. Ait Ben Idder;Tit.;90;;;;0;0
2015/16;2016-04-13;23;IRT;Extérieur;S. Saidi;Tit.;90;;;;0;0
2015/16;2016-04-13;23;IRT;Extérieur;W. El Karti;Tit.;66;;;;0;0
2015/16;2016-04-13;23;IRT;Extérieur;F. Ondama;Tit.;90;;;;0;0
2015/16;2016-04-13;23;IRT;Extérieur;R. Hossni;Tit.;45;;;;0;0
2015/16;2016-04-13;23;IRT;Extérieur;B. Kieta;Tit.;90;;1.0;;0;0
2015/16;2016-04-13;23;IRT;Extérieur;B. Nekkach;Remp.;24;;;;0;0
2015/16;2016-04-13;23;IRT;Extérieur;R. El Hajhouj;Remp.;52;;;;0;0
2015/16;2016-04-13;23;IRT;Extérieur;A. Atouchi;Remp.;45;;;;0;0
2015/16;2016-04-27;25;KACM;Extérieur;Z. Laaroubi;Tit.;90;;;;0;0
2015/16;2016-04-27;25;KACM;Extérieur;A. Noussair;Tit.;90;;;;0;0
2015/16;2016-04-27;25;KACM;Extérieur;B. Z. Ondy;Tit.;90;;;;0;0
2015/16;2016-04-27;25;KACM;Extérieur;A. Atouchi;Tit.;90;;;;0;0
2015/16;2016-04-27;25;KACM;Extérieur;Y. El Kordi;Tit.;90;;;;0;0
2015/16;2016-04-27;25;KACM;Extérieur;A. Asbahi;Tit.;90;;;;0;0
2015/16;2016-04-27;25;KACM;Extérieur;S. Saidi;Tit.;90;;1.0;;0;0
2015/16;2016-04-27;25;KACM;Extérieur;W. El Karti;Tit.;45;;;;0;0
2015/16;2016-04-27;25;KACM;Extérieur;R. El Hajhouj;Tit.;90;;;;0;0
2015/16;2016-04-27;25;KACM;Extérieur;I. Haddad;Tit.;64;;;;0;0
2015/16;2016-04-27;25;KACM;Extérieur;B. Kieta;Tit.;73;;1.0;;0;0
2015/16;2016-04-27;25;KACM;Extérieur;R. Hossni;Remp.;45;;;;0;0
2015/16;2016-04-27;25;KACM;Extérieur;M. Ounajem;Remp.;26;;;;0;0
2015/16;2016-04-27;25;KACM;Extérieur;F. Ondama;Remp.;17;;;;0;0
2015/16;2016-05-01;26;MCO;Domicile;Z. Laaroubi;Tit.;90;;;;0;0
2015/16;2016-05-01;26;MCO;Domicile;A. Noussair;Tit.;90;;1.0;;0;0
2015/16;2016-05-01;26;MCO;Domicile;M. Fall;Tit.;90;;;;0;0
2015/16;2016-05-01;26;MCO;Domicile;A. Atouchi;Tit.;90;;;;0;0
2015/16;2016-05-01;26;MCO;Domicile;Y. El Kordi;Tit.;90;;;;0;0
2015/16;2016-05-01;26;MCO;Domicile;A. Asbahi;Tit.;90;;;;0;0
2015/16;2016-05-01;26;MCO;Domicile;S. Saidi;Tit.;90;;;;0;0
2015/16;2016-05-01;26;MCO;Domicile;W. El Karti;Tit.;48;;;;0;0
2015/16;2016-05-01;26;MCO;Domicile;R. El Hajhouj;Tit.;90;1.0;;;0;0
2015/16;2016-05-01;26;MCO;Domicile;I. Haddad;Tit.;67;;;;0;0
2015/16;2016-05-01;26;MCO;Domicile;B. Kieta;Tit.;48;;;;0;0
2015/16;2016-05-01;26;MCO;Domicile;A. El Hassouni;Remp.;42;;1.0;;0;0
2015/16;2016-05-01;26;MCO;Domicile;F. Ondama;Remp.;42;1.0;;;0;0
2015/16;2016-05-01;26;MCO;Domicile;M. Ounajem;Remp.;23;;;;0;0
2015/16;2016-05-04;19;RSB;Domicile;Z. Laaroubi;Tit.;90;;;;0;0
2015/16;2016-05-04;19;RSB;Domicile;A. Noussair;Tit.;90;;;;0;0
2015/16;2016-05-04;19;RSB;Domicile;M. Fall;Tit.;90;;;;0;0
2015/16;2016-05-04;19;RSB;Domicile;A. Atouchi;Tit.;90;;;;0;0
2015/16;2016-05-04;19;RSB;Domicile;Y. El Kordi;Tit.;90;;1.0;;0;0
2015/16;2016-05-04;19;RSB;Domicile;A. Asbahi;Tit.;45;;;;0;0
2015/16;2016-05-04;19;RSB;Domicile;S. Saidi;Tit.;90;;;;0;0
2015/16;2016-05-04;19;RSB;Domicile;B. Nekkach;Tit.;90;;;;0;0
2015/16;2016-05-04;19;RSB;Domicile;R. El Hajhouj;Tit.;77;;;;0;0
2015/16;2016-05-04;19;RSB;Domicile;A. El Hassouni;Tit.;58;;1.0;;0;0
2015/16;2016-05-04;19;RSB;Domicile;F. Ondama;Tit.;90;;;;0;0
2015/16;2016-05-04;19;RSB;Domicile;Z. El-Moutaraji;Remp.;13;;;;0;0
2015/16;2016-05-04;19;RSB;Domicile;B. Kieta;Remp.;32;1.0;;;0;0
2015/16;2016-05-04;19;RSB;Domicile;I. Haddad;Remp.;45;;;;0;0
2015/16;2016-05-08;27;RCA;Extérieur;Z. Laaroubi;Tit.;90;;;;0;0
2015/16;2016-05-08;27;RCA;Extérieur;A. Noussair;Tit.;90;;;;0;0
2015/16;2016-05-08;27;RCA;Extérieur;M. Fall;Tit.;90;;;;0;0
2015/16;2016-05-08;27;RCA;Extérieur;A. Atouchi;Tit.;90;;;;0;0
2015/16;2016-05-08;27;RCA;Extérieur;Y. El Kordi;Tit.;90;;;;0;0
2015/16;2016-05-08;27;RCA;Extérieur;W. El Karti;Tit.;68;;;;0;0
2015/16;2016-05-08;27;RCA;Extérieur;S. Saidi;Tit.;90;;;;0;0
2015/16;2016-05-08;27;RCA;Extérieur;B. Nekkach;Tit.;90;;1.0;;0;0
2015/16;2016-05-08;27;RCA;Extérieur;R. El Hajhouj;Tit.;52;;;;0;0
2015/16;2016-05-08;27;RCA;Extérieur;I. Haddad;Tit.;23;;;;0;0
2015/16;2016-05-08;27;RCA;Extérieur;F. Ondama;Tit.;90;;;;0;0
2015/16;2016-05-08;27;RCA;Extérieur;M. Ounajem;Remp.;67;;;;0;0
2015/16;2016-05-08;27;RCA;Extérieur;B. Kieta;Remp.;38;;;;0;0
2015/16;2016-05-08;27;RCA;Extérieur;A. El Hassouni;Remp.;22;;;;0;0
2015/16;2016-05-14;24;FUS;Domicile;Z. Laaroubi;Tit.;90;;;;0;0
2015/16;2016-05-14;24;FUS;Domicile;A. Noussair;Tit.;90;;;;0;0
2015/16;2016-05-14;24;FUS;Domicile;M. Fall;Tit.;90;;;;0;0
2015/16;2016-05-14;24;FUS;Domicile;Y. Rabeh;Tit.;90;;;;0;0
2015/16;2016-05-14;24;FUS;Domicile;Y. El Kordi;Tit.;90;;;;0;0
2015/16;2016-05-14;24;FUS;Domicile;R. Hossni;Tit.;63;;;;0;0
2015/16;2016-05-14;24;FUS;Domicile;A. Asbahi;Tit.;90;;;;0;0
2015/16;2016-05-14;24;FUS;Domicile;B. Nekkach;Tit.;90;;;;0;0
2015/16;2016-05-14;24;FUS;Domicile;J. Ait Ben Idder;Tit.;55;;;;0;0
2015/16;2016-05-14;24;FUS;Domicile;B. Kieta;Tit.;70;;;;0;0
2015/16;2016-05-14;24;FUS;Domicile;F. Ondama;Tit.;90;;;;0;0
2015/16;2016-05-14;24;FUS;Domicile;R. El Hajhouj;Remp.;35;;1.0;;0;0
2015/16;2016-05-14;24;FUS;Domicile;Z. El-Moutaraji;Remp.;20;;;;0;0
2015/16;2016-05-14;24;FUS;Domicile;A. El Hassouni;Remp.;27;;;;0;0
2015/16;2016-05-22;28;MAS;Domicile;Z. Laaroubi;Tit.;90;;;;0;0
2015/16;2016-05-22;28;MAS;Domicile;A. Noussair;Tit.;90;;;;0;0
2015/16;2016-05-22;28;MAS;Domicile;M. Fall;Tit.;90;;;;0;0
2015/16;2016-05-22;28;MAS;Domicile;Y. Rabeh;Tit.;90;;;;0;0
2015/16;2016-05-22;28;MAS;Domicile;Y. El Kordi;Tit.;90;;;;0;0
2015/16;2016-05-22;28;MAS;Domicile;W. El Karti;Tit.;90;;;;0;0
2015/16;2016-05-22;28;MAS;Domicile;A. Asbahi;Tit.;45;;;;0;0
2015/16;2016-05-22;28;MAS;Domicile;B. Nekkach;Tit.;90;;;;0;0
2015/16;2016-05-22;28;MAS;Domicile;R. El Hajhouj;Tit.;90;1.0;;;0;0
2015/16;2016-05-22;28;MAS;Domicile;I. Haddad;Tit.;70;;;;0;0
2015/16;2016-05-22;28;MAS;Domicile;F. Ondama;Tit.;80;2.0;;;0;0
2015/16;2016-05-22;28;MAS;Domicile;A. Atouchi;Remp.;45;;;;0;0
2015/16;2016-05-22;28;MAS;Domicile;M. Ounajem;Remp.;20;;;;0;0
2015/16;2016-05-22;28;MAS;Domicile;Z. El-Moutaraji;Remp.;10;;;;0;0
2015/16;2016-05-29;29;CRA;Extérieur;Z. Laaroubi;Tit.;90;;;;0;0
2015/16;2016-05-29;29;CRA;Extérieur;A. Noussair;Tit.;90;;;;0;0
2015/16;2016-05-29;29;CRA;Extérieur;M. Fall;Tit.;90;;;;0;0
2015/16;2016-05-29;29;CRA;Extérieur;Y. Rabeh;Tit.;90;;;;0;0
2015/16;2016-05-29;29;CRA;Extérieur;A. Atouchi;Tit.;90;;;;0;0
2015/16;2016-05-29;29;CRA;Extérieur;A. Kacimi;Tit.;90;;;;0;0
2015/16;2016-05-29;29;CRA;Extérieur;A. Asbahi;Tit.;90;;;;0;0
2015/16;2016-05-29;29;CRA;Extérieur;B. Nekkach;Tit.;90;;1.0;;0;0
2015/16;2016-05-29;29;CRA;Extérieur;R. El Hajhouj;Tit.;73;;;;0;0
2015/16;2016-05-29;29;CRA;Extérieur;W. El Karti;Tit.;85;;;;0;0
2015/16;2016-05-29;29;CRA;Extérieur;F. Ondama;Tit.;90;1.0;;;0;0
2015/16;2016-05-29;29;CRA;Extérieur;M. Ounajem;Remp.;17;;;;0;0
2015/16;2016-05-29;29;CRA;Extérieur;J. Ait Ben Idder;Remp.;5;;;;0;0
2015/16;2016-06-04;30;MAT;Domicile;Z. Laaroubi;Tit.;90;;;;0;0
2015/16;2016-06-04;30;MAT;Domicile;Y. El Kordi;Tit.;90;;;;0;0
2015/16;2016-06-04;30;MAT;Domicile;M. Fall;Tit.;90;;;;0;0
2015/16;2016-06-04;30;MAT;Domicile;Y. Rabeh;Tit.;90;;;;0;0
2015/16;2016-06-04;30;MAT;Domicile;A. Atouchi;Tit.;90;;;;0;0
2015/16;2016-06-04;30;MAT;Domicile;J. Ait Ben Idder;Tit.;90;;;;0;0
2015/16;2016-06-04;30;MAT;Domicile;A. Asbahi;Tit.;90;;1.0;;0;0
2015/16;2016-06-04;30;MAT;Domicile;A. Noussair;Tit.;90;1.0;;;0;0
2015/16;2016-06-04;30;MAT;Domicile;R. El Hajhouj;Tit.;65;;;;0;0
2015/16;2016-06-04;30;MAT;Domicile;W. El Karti;Tit.;45;;;;0;0
2015/16;2016-06-04;30;MAT;Domicile;B. Kieta;Tit.;74;;;;0;0
2015/16;2016-06-04;30;MAT;Domicile;M. Ounajem;Remp.;16;;;;0;0
2015/16;2016-06-04;30;MAT;Domicile;H. El Wasti;Remp.;45;1.0;;;0;0
2015/16;2016-06-04;30;MAT;Domicile;Z. El-Moutaraji;Remp.;25;;1.0;;0;0
2016/17;2016-10-01;1;OCK;Extérieur;Z. Laaroubi;Tit.;90;;;;0;0
2016/17;2016-10-01;1;OCK;Extérieur;Y. Belakhdar;Tit.;90;;;;0;0
2016/17;2016-10-01;1;OCK;Extérieur;Y. Rabeh;Tit.;90;;;;0;0
2016/17;2016-10-01;1;OCK;Extérieur;M. Fall;Tit.;90;;;;0;0
2016/17;2016-10-01;1;OCK;Extérieur;F. Aktaw;Tit.;90;;;;0;0
2016/17;2016-10-01;1;OCK;Extérieur;S. Saidi;Tit.;52;;;;0;0
2016/17;2016-10-01;1;OCK;Extérieur;B. Nekkach;Tit.;90;;;;0;0
2016/17;2016-10-01;1;OCK;Extérieur;M. Ounajem;Tit.;60;;;;0;0
2016/17;2016-10-01;1;OCK;Extérieur;F. Ondama;Tit.;90;2.0;1.0;;0;0
2016/17;2016-10-01;1;OCK;Extérieur;I. Haddad;Tit.;81;;;;0;0
2016/17;2016-10-01;1;OCK;Extérieur;W. Jibor;Tit.;90;1.0;;;0;0
2016/17;2016-10-01;1;OCK;Extérieur;J. Ait Ben Idder;Remp.;38;;;;0;0
2016/17;2016-10-01;1;OCK;Extérieur;R. El Hajhouj;Remp.;30;;;;0;0
2016/17;2016-10-01;1;OCK;Extérieur;A. Asbahi;Remp.;9;;;;0;0
2016/17;2016-10-15;5;CRA;Domicile;Z. Laaroubi;Tit.;90;;;;0;0
2016/17;2016-10-15;5;CRA;Domicile;A. Noussair;Tit.;90;;;;0;0
2016/17;2016-10-15;5;CRA;Domicile;Y. Rabeh;Tit.;90;;;;0;0
2016/17;2016-10-15;5;CRA;Domicile;M. Fall;Tit.;45;;;;0;0
2016/17;2016-10-15;5;CRA;Domicile;A. Lamrabet;Tit.;90;;;;0;0
2016/17;2016-10-15;5;CRA;Domicile;S. Saidi;Tit.;90;1.0;;;0;0
2016/17;2016-10-15;5;CRA;Domicile;B. Nekkach;Tit.;90;;;;0;0
2016/17;2016-10-15;5;CRA;Domicile;M. Ounajem;Tit.;72;1.0;;;0;0
2016/17;2016-10-15;5;CRA;Domicile;F. Ondama;Tit.;90;;;;0;0
2016/17;2016-10-15;5;CRA;Domicile;R. El Hajhouj;Tit.;60;;;;0;0
2016/17;2016-10-15;5;CRA;Domicile;W. Jibor;Tit.;90;;;;0;0
2016/17;2016-10-15;5;CRA;Domicile;A. Atouchi;Remp.;45;;;;0;0
2016/17;2016-10-15;5;CRA;Domicile;A. Bencharki;Remp.;30;;;;0;0
2016/17;2016-10-15;5;CRA;Domicile;Tchikatara C.;Remp.;18;;;;0;0
2016/17;2016-10-20;2;CAK;Domicile;Z. Laaroubi;Tit.;90;;;;0;0
2016/17;2016-10-20;2;CAK;Domicile;Y. Belakhdar;Tit.;90;;;;0;0
2016/17;2016-10-20;2;CAK;Domicile;Y. Rabeh;Tit.;90;;;;0;0
2016/17;2016-10-20;2;CAK;Domicile;A. Atouchi;Tit.;90;;;;0;0
2016/17;2016-10-20;2;CAK;Domicile;A. Lamrabet;Tit.;90;;1.0;;0;0
2016/17;2016-10-20;2;CAK;Domicile;S. Saidi;Tit.;90;1.0;;;0;0
2016/17;2016-10-20;2;CAK;Domicile;J. Ait Ben Idder;Tit.;58;;1.0;;0;0
2016/17;2016-10-20;2;CAK;Domicile;R. El Hajhouj;Tit.;45;;;;0;0
2016/17;2016-10-20;2;CAK;Domicile;F. Ondama;Tit.;90;;;;0;0
2016/17;2016-10-20;2;CAK;Domicile;A. Khadrouf;Tit.;88;1.0;;;0;0
2016/17;2016-10-20;2;CAK;Domicile;W. Jibor;Tit.;90;1.0;;;0;0
2016/17;2016-10-20;2;CAK;Domicile;W. El Karti;Remp.;45;;;;0;0
2016/17;2016-10-20;2;CAK;Domicile;B. Nekkach;Remp.;32;;;;0;0
2016/17;2016-10-20;2;CAK;Domicile;M. Ounajem;Remp.;2;;;;0;0
2016/17;2016-10-23;6;FAR;Extérieur;B. Benachour;Tit.;90;;;;0;0
2016/17;2016-10-23;6;FAR;Extérieur;A. Noussair;Tit.;90;;1.0;;0;0
2016/17;2016-10-23;6;FAR;Extérieur;Y. Rabeh;Tit.;90;1.0;;;0;0
2016/17;2016-10-23;6;FAR;Extérieur;A. Atouchi;Tit.;90;;;;0;0
2016/17;2016-10-23;6;FAR;Extérieur;A. Lamrabet;Tit.;90;;1.0;;0;0
2016/17;2016-10-23;6;FAR;Extérieur;S. Saidi;Tit.;90;1.0;;;0;0
2016/17;2016-10-23;6;FAR;Extérieur;B. Nekkach;Tit.;90;;1.0;;0;0
2016/17;2016-10-23;6;FAR;Extérieur;A. Bencharki;Tit.;58;1.0;1.0;;0;0
2016/17;2016-10-23;6;FAR;Extérieur;W. El Karti;Tit.;78;;;;0;0
2016/17;2016-10-23;6;FAR;Extérieur;I. Haddad;Tit.;70;;;;0;0
2016/17;2016-10-23;6;FAR;Extérieur;W. Jibor;Tit.;90;1.0;;;0;0
2016/17;2016-10-23;6;FAR;Extérieur;F. Ondama;Remp.;32;1.0;;;0;0
2016/17;2016-10-23;6;FAR;Extérieur;M. Ounajem;Remp.;20;;;;0;0
2016/17;2016-10-23;6;FAR;Extérieur;J. Ait Ben Idder;Remp.;12;;;;0;0
2016/17;2016-10-28;7;DHJ;Domicile;B. Benachour;Tit.;90;;;;0;0
2016/17;2016-10-28;7;DHJ;Domicile;A. Noussair;Tit.;90;;;;0;0
2016/17;2016-10-28;7;DHJ;Domicile;Y. Rabeh;Tit.;90;;;;0;0
2016/17;2016-10-28;7;DHJ;Domicile;A. Atouchi;Tit.;90;;;;0;0
2016/17;2016-10-28;7;DHJ;Domicile;A. Lamrabet;Tit.;90;;;;0;0
2016/17;2016-10-28;7;DHJ;Domicile;S. Saidi;Tit.;90;;;;0;0
2016/17;2016-10-28;7;DHJ;Domicile;B. Nekkach;Tit.;90;;1.0;;0;0
2016/17;2016-10-28;7;DHJ;Domicile;A. Bencharki;Tit.;66;;;;0;0
2016/17;2016-10-28;7;DHJ;Domicile;W. El Karti;Tit.;56;;;;0;0
2016/17;2016-10-28;7;DHJ;Domicile;I. Haddad;Tit.;57;;;;0;0
2016/17;2016-10-28;7;DHJ;Domicile;W. Jibor;Tit.;90;;;;0;0
2016/17;2016-10-28;7;DHJ;Domicile;F. Ondama;Remp.;24;1.0;;;0;0
2016/17;2016-10-28;7;DHJ;Domicile;M. Ounajem;Remp.;23;;;;0;0
2016/17;2016-10-28;7;DHJ;Domicile;Tchikatara C.;Remp.;34;;;;0;0
2016/17;2016-11-01;3;MAT;Domicile;B. Benachour;Tit.;90;;;;0;0
2016/17;2016-11-01;3;MAT;Domicile;A. Noussair;Tit.;90;;;;0;0
2016/17;2016-11-01;3;MAT;Domicile;Y. Rabeh;Tit.;90;;;;0;0
2016/17;2016-11-01;3;MAT;Domicile;A. Atouchi;Tit.;90;;1.0;;0;0
2016/17;2016-11-01;3;MAT;Domicile;A. Lamrabet;Tit.;90;;;;0;0
2016/17;2016-11-01;3;MAT;Domicile;J. Ait Ben Idder;Tit.;90;;;;0;0
2016/17;2016-11-01;3;MAT;Domicile;B. Nekkach;Tit.;90;;;;0;0
2016/17;2016-11-01;3;MAT;Domicile;A. Bencharki;Tit.;71;;;;0;0
2016/17;2016-11-01;3;MAT;Domicile;F. Ondama;Tit.;79;;;;0;0
2016/17;2016-11-01;3;MAT;Domicile;I. Haddad;Tit.;82;1.0;;;0;0
2016/17;2016-11-01;3;MAT;Domicile;W. Jibor;Tit.;90;1.0;;;0;0
2016/17;2016-11-01;3;MAT;Domicile;M. Ounajem;Remp.;19;;;;0;0
2016/17;2016-11-01;3;MAT;Domicile;A. Khadrouf;Remp.;8;;;;0;0
2016/17;2016-11-01;3;MAT;Domicile;W. El Karti;Remp.;11;;;;0;0
2016/17;2016-11-05;8;KAC;Extérieur;B. Benachour;Tit.;90;;;;0;0
2016/17;2016-11-05;8;KAC;Extérieur;A. Noussair;Tit.;90;;;;0;0
2016/17;2016-11-05;8;KAC;Extérieur;Y. Rabeh;Tit.;90;;;;0;0
2016/17;2016-11-05;8;KAC;Extérieur;A. Atouchi;Tit.;90;;;;0;0
2016/17;2016-11-05;8;KAC;Extérieur;A. Lamrabet;Tit.;90;;;;0;0
2016/17;2016-11-05;8;KAC;Extérieur;J. Ait Ben Idder;Tit.;90;;1.0;;0;0
2016/17;2016-11-05;8;KAC;Extérieur;B. Nekkach;Tit.;90;;;;0;0
2016/17;2016-11-05;8;KAC;Extérieur;A. Bencharki;Tit.;73;;;;0;0
2016/17;2016-11-05;8;KAC;Extérieur;F. Ondama;Tit.;85;;;;0;0
2016/17;2016-11-05;8;KAC;Extérieur;I. Haddad;Tit.;67;1.0;;;0;0
2016/17;2016-11-05;8;KAC;Extérieur;W. Jibor;Tit.;90;;;;0;0
2016/17;2016-11-05;8;KAC;Extérieur;A. Asbahi;Remp.;17;;1.0;;0;0
2016/17;2016-11-05;8;KAC;Extérieur;A. Khadrouf;Remp.;5;;;;0;0
2016/17;2016-11-05;8;KAC;Extérieur;R. El Hajhouj;Remp.;23;;1.0;;0;0
2016/17;2016-11-19;9;JSKT;Domicile;B. Benachour;Tit.;90;;;;0;0
2016/17;2016-11-19;9;JSKT;Domicile;A. Noussair;Tit.;90;;;;0;0
2016/17;2016-11-19;9;JSKT;Domicile;Y. Rabeh;Tit.;90;;;;0;0
2016/17;2016-11-19;9;JSKT;Domicile;A. Atouchi;Tit.;90;;;;0;0
2016/17;2016-11-19;9;JSKT;Domicile;A. Lamrabet;Tit.;90;;;;0;0
2016/17;2016-11-19;9;JSKT;Domicile;J. Ait Ben Idder;Tit.;70;;;;0;0
2016/17;2016-11-19;9;JSKT;Domicile;B. Nekkach;Tit.;90;;;;0;0
2016/17;2016-11-19;9;JSKT;Domicile;A. Bencharki;Tit.;90;;;;0;0
2016/17;2016-11-19;9;JSKT;Domicile;F. Ondama;Tit.;80;;;;0;0
2016/17;2016-11-19;9;JSKT;Domicile;I. Haddad;Tit.;45;;;;0;0
2016/17;2016-11-19;9;JSKT;Domicile;W. Jibor;Tit.;90;1.0;;;0;0
2016/17;2016-11-19;9;JSKT;Domicile;S. Saidi;Remp.;20;;;;0;0
2016/17;2016-11-19;9;JSKT;Domicile;W. El Karti;Remp.;10;;;;0;0
2016/17;2016-11-19;9;JSKT;Domicile;M. Ounajem;Remp.;45;;;;0;0
2016/17;2016-11-27;10;RCA;Extérieur;B. Benachour;Tit.;90;;;;0;0
2016/17;2016-11-27;10;RCA;Extérieur;A. Noussair;Tit.;90;;;;0;0
2016/17;2016-11-27;10;RCA;Extérieur;M. Fall;Tit.;90;;;;0;0
2016/17;2016-11-27;10;RCA;Extérieur;A. Atouchi;Tit.;90;;;;0;0
2016/17;2016-11-27;10;RCA;Extérieur;A. Lamrabet;Tit.;90;;;;0;0
2016/17;2016-11-27;10;RCA;Extérieur;J. Ait Ben Idder;Tit.;85;;;;0;0
2016/17;2016-11-27;10;RCA;Extérieur;B. Nekkach;Tit.;90;;1.0;;0;0
2016/17;2016-11-27;10;RCA;Extérieur;A. Bencharki;Tit.;68;;;;0;0
2016/17;2016-11-27;10;RCA;Extérieur;F. Ondama;Tit.;90;;;;0;0
2016/17;2016-11-27;10;RCA;Extérieur;S. Saidi;Tit.;90;;;;0;0
2016/17;2016-11-27;10;RCA;Extérieur;W. Jibor;Tit.;90;;;;0;0
2016/17;2016-11-27;10;RCA;Extérieur;I. Haddad;Remp.;31;;;;0;0
2016/17;2016-11-27;10;RCA;Extérieur;W. El Karti;Remp.;5;;;;0;0
2016/17;2016-11-27;10;RCA;Extérieur;M. Ounajem;Remp.;1;;;;0;0
2016/17;2016-12-03;11;IRT;Domicile;B. Benachour;Tit.;90;;;;0;0
2016/17;2016-12-03;11;IRT;Domicile;A. Noussair;Tit.;90;;;;0;0
2016/17;2016-12-03;11;IRT;Domicile;M. Fall;Tit.;90;;;;0;0
2016/17;2016-12-03;11;IRT;Domicile;A. Atouchi;Tit.;90;;;;0;0
2016/17;2016-12-03;11;IRT;Domicile;A. Lamrabet;Tit.;90;;;;0;0
2016/17;2016-12-03;11;IRT;Domicile;M. Ounajem;Tit.;82;;;;0;0
2016/17;2016-12-03;11;IRT;Domicile;B. Nekkach;Tit.;90;;1.0;;0;0
2016/17;2016-12-03;11;IRT;Domicile;A. Bencharki;Tit.;89;;1.0;;0;0
2016/17;2016-12-03;11;IRT;Domicile;F. Ondama;Tit.;66;;;;0;0
2016/17;2016-12-03;11;IRT;Domicile;S. Saidi;Tit.;90;;;;0;0
2016/17;2016-12-03;11;IRT;Domicile;W. Jibor;Tit.;90;2.0;;;0;0
2016/17;2016-12-03;11;IRT;Domicile;R. El Hajhouj;Remp.;8;;;;0;0
2016/17;2016-12-03;11;IRT;Domicile;A. Khadrouf;Remp.;1;;;;0;0
2016/17;2016-12-03;11;IRT;Domicile;Tchikatara C.;Remp.;24;;;;0;0
2016/17;2016-12-07;4;RSB;Extérieur;B. Benachour;Tit.;90;;1.0;;0;0
2016/17;2016-12-07;4;RSB;Extérieur;A. Noussair;Tit.;90;;;;0;0
2016/17;2016-12-07;4;RSB;Extérieur;M. Fall;Tit.;67;;;;0;0
2016/17;2016-12-07;4;RSB;Extérieur;A. Atouchi;Tit.;90;;;;0;0
2016/17;2016-12-07;4;RSB;Extérieur;A. Lamrabet;Tit.;90;;;;0;0
2016/17;2016-12-07;4;RSB;Extérieur;M. Ounajem;Tit.;90;;;;0;0
2016/17;2016-12-07;4;RSB;Extérieur;J. Ait Ben Idder;Tit.;90;;;;0;0
2016/17;2016-12-07;4;RSB;Extérieur;A. Bencharki;Tit.;82;;;;0;0
2016/17;2016-12-07;4;RSB;Extérieur;W. El Karti;Tit.;63;;;;0;0
2016/17;2016-12-07;4;RSB;Extérieur;S. Saidi;Tit.;90;;;;0;0
2016/17;2016-12-07;4;RSB;Extérieur;W. Jibor;Tit.;90;1.0;1.0;;0;0
2016/17;2016-12-07;4;RSB;Extérieur;R. El Hajhouj;Remp.;8;;;;0;0
2016/17;2016-12-07;4;RSB;Extérieur;M. Karnass;Remp.;23;;;;0;0
2016/17;2016-12-07;4;RSB;Extérieur;Tchikatara C.;Remp.;27;;;;0;0
2016/17;2016-12-11;12;HUSA;Extérieur;B. Benachour;Tit.;90;;;;0;0
2016/17;2016-12-11;12;HUSA;Extérieur;A. Noussair;Tit.;90;;;;0;0
2016/17;2016-12-11;12;HUSA;Extérieur;B. Nekkach;Tit.;90;;;;0;0
2016/17;2016-12-11;12;HUSA;Extérieur;A. Atouchi;Tit.;90;;;;0;0
2016/17;2016-12-11;12;HUSA;Extérieur;A. Lamrabet;Tit.;90;;;1.0;0;0
2016/17;2016-12-11;12;HUSA;Extérieur;M. Ounajem;Tit.;61;;;;0;0
2016/17;2016-12-11;12;HUSA;Extérieur;J. Ait Ben Idder;Tit.;90;;;;0;0
2016/17;2016-12-11;12;HUSA;Extérieur;A. Bencharki;Tit.;79;;;;0;0
2016/17;2016-12-11;12;HUSA;Extérieur;Tchikatara C.;Tit.;67;;;;0;0
2016/17;2016-12-11;12;HUSA;Extérieur;S. Saidi;Tit.;90;;;;0;0
2016/17;2016-12-11;12;HUSA;Extérieur;W. Jibor;Tit.;90;1.0;;;0;0
2016/17;2016-12-11;12;HUSA;Extérieur;F. Ondama;Remp.;29;;;;0;0
2016/17;2016-12-11;12;HUSA;Extérieur;B. Gadarine;Remp.;23;;;;0;0
2016/17;2016-12-11;12;HUSA;Extérieur;M. Karnass;Remp.;11;;;;0;0
2016/17;2016-12-18;13;OCS;Domicile;B. Benachour;Tit.;90;;;;0;0
2016/17;2016-12-18;13;OCS;Domicile;A. Noussair;Tit.;90;;;;0;0
2016/17;2016-12-18;13;OCS;Domicile;Y. El Kordi;Tit.;90;;;;0;0
2016/17;2016-12-18;13;OCS;Domicile;A. Atouchi;Tit.;90;;;;0;0
2016/17;2016-12-18;13;OCS;Domicile;B. Nekkach;Tit.;90;;;;0;0
2016/17;2016-12-18;13;OCS;Domicile;A. Asbahi;Tit.;68;;;;0;0
2016/17;2016-12-18;13;OCS;Domicile;Tchikatara C.;Tit.;48;;;;0;0
2016/17;2016-12-18;13;OCS;Domicile;A. Bencharki;Tit.;90;1.0;;;0;0
2016/17;2016-12-18;13;OCS;Domicile;F. Ondama;Tit.;78;;;;0;0
2016/17;2016-12-18;13;OCS;Domicile;S. Saidi;Tit.;90;;;;0;0
2016/17;2016-12-18;13;OCS;Domicile;W. Jibor;Tit.;90;;;;0;0
2016/17;2016-12-18;13;OCS;Domicile;M. Ounajem;Remp.;42;;1.0;;0;0
2016/17;2016-12-18;13;OCS;Domicile;A. Khadrouf;Remp.;22;;;;0;0
2016/17;2016-12-18;13;OCS;Domicile;W. El Karti;Remp.;12;;1.0;;0;0
2016/17;2016-12-24;14;FUS;Extérieur;B. Benachour;Tit.;90;;1.0;;0;0
2016/17;2016-12-24;14;FUS;Extérieur;A. Noussair;Tit.;29;;;;0;0
2016/17;2016-12-24;14;FUS;Extérieur;Y. El Kordi;Tit.;71;;1.0;;0;0
2016/17;2016-12-24;14;FUS;Extérieur;A. Atouchi;Tit.;90;;;;0;0
2016/17;2016-12-24;14;FUS;Extérieur;Y. Rabeh;Tit.;90;;;;0;0
2016/17;2016-12-24;14;FUS;Extérieur;B. Nekkach;Tit.;90;;1.0;;0;0
2016/17;2016-12-24;14;FUS;Extérieur;S. Saidi;Tit.;90;;;;0;0
2016/17;2016-12-24;14;FUS;Extérieur;W. El Karti;Tit.;86;;;;0;0
2016/17;2016-12-24;14;FUS;Extérieur;F. Ondama;Tit.;90;;;;0;0
2016/17;2016-12-24;14;FUS;Extérieur;A. Bencharki;Tit.;90;;;;0;0
2016/17;2016-12-24;14;FUS;Extérieur;W. Jibor;Tit.;90;1.0;;;0;0
2016/17;2016-12-24;14;FUS;Extérieur;B. Gadarine;Remp.;19;;;;0;0
2016/17;2016-12-24;14;FUS;Extérieur;J. Ait Ben Idder;Remp.;4;;;;0;0
2016/17;2016-12-24;14;FUS;Extérieur;M. Karnass;Remp.;61;1.0;1.0;;0;0
2016/17;2016-12-30;15;KACM;Domicile;B. Benachour;Tit.;90;;;;0;0
2016/17;2016-12-30;15;KACM;Domicile;S. Saidi;Tit.;90;;;;0;0
2016/17;2016-12-30;15;KACM;Domicile;Y. Rabeh;Tit.;90;;;;0;0
2016/17;2016-12-30;15;KACM;Domicile;A. Atouchi;Tit.;90;;;;0;0
2016/17;2016-12-30;15;KACM;Domicile;A. Lamrabet;Tit.;68;;;;0;0
2016/17;2016-12-30;15;KACM;Domicile;B. Nekkach;Tit.;45;;1.0;;0;0
2016/17;2016-12-30;15;KACM;Domicile;A. Khadrouf;Tit.;86;;;;0;0
2016/17;2016-12-30;15;KACM;Domicile;M. Karnass;Tit.;90;;1.0;;0;0
2016/17;2016-12-30;15;KACM;Domicile;F. Ondama;Tit.;90;1.0;;;0;0
2016/17;2016-12-30;15;KACM;Domicile;A. Bencharki;Tit.;90;;;;0;0
2016/17;2016-12-30;15;KACM;Domicile;W. Jibor;Tit.;90;1.0;;;0;0
2016/17;2016-12-30;15;KACM;Domicile;A. El Hassouni;Remp.;4;;;;0;0
2016/17;2016-12-30;15;KACM;Domicile;M. Ounajem;Remp.;45;;;;0;0
2016/17;2016-12-30;15;KACM;Domicile;B. Gadarine;Remp.;22;;;;0;0
2016/17;2017-02-05;16;OCK;Domicile;Z. Laaroubi;Tit.;90;;;;0;0
2016/17;2017-02-05;16;OCK;Domicile;A. Noussair;Tit.;90;;;;0;0
2016/17;2017-02-05;16;OCK;Domicile;Y. Rabeh;Tit.;90;;;;0;0
2016/17;2017-02-05;16;OCK;Domicile;A. Atouchi;Tit.;90;;;;0;0
2016/17;2017-02-05;16;OCK;Domicile;A. Lamrabet;Tit.;58;;;;0;0
2016/17;2017-02-05;16;OCK;Domicile;B. Nekkach;Tit.;90;;;;0;0
2016/17;2017-02-05;16;OCK;Domicile;A. Khadrouf;Tit.;90;1.0;;;0;0
2016/17;2017-02-05;16;OCK;Domicile;M. Ounajem;Tit.;79;1.0;;;0;0
2016/17;2017-02-05;16;OCK;Domicile;W. El Karti;Tit.;73;;;;0;0
2016/17;2017-02-05;16;OCK;Domicile;A. Bencharki;Tit.;90;1.0;;;0;0
2016/17;2017-02-05;16;OCK;Domicile;W. Jibor;Tit.;90;1.0;;;0;0
2016/17;2017-02-05;16;OCK;Domicile;H. Amaanane;Remp.;17;;;;0;0
2016/17;2017-02-05;16;OCK;Domicile;F. Ondama;Remp.;11;;;;0;0
2016/17;2017-02-05;16;OCK;Domicile;B. Gadarine;Remp.;32;;;;0;0
2016/17;2017-02-12;17;CAK;Extérieur;Z. Laaroubi;Tit.;90;;;;0;0
2016/17;2017-02-12;17;CAK;Extérieur;A. Noussair;Tit.;90;;;;0;0
2016/17;2017-02-12;17;CAK;Extérieur;Y. Rabeh;Tit.;90;;1.0;;0;0
2016/17;2017-02-12;17;CAK;Extérieur;A. Atouchi;Tit.;90;;;;0;0
2016/17;2017-02-12;17;CAK;Extérieur;A. Lamrabet;Tit.;58;;;;0;0
2016/17;2017-02-12;17;CAK;Extérieur;B. Nekkach;Tit.;90;;;;0;0
2016/17;2017-02-12;17;CAK;Extérieur;A. Khadrouf;Tit.;75;;;;0;0
2016/17;2017-02-12;17;CAK;Extérieur;M. Ounajem;Tit.;89;;;;0;0
2016/17;2017-02-12;17;CAK;Extérieur;W. El Karti;Tit.;73;;;;0;0
2016/17;2017-02-12;17;CAK;Extérieur;A. Bencharki;Tit.;90;1.0;;;0;0
2016/17;2017-02-12;17;CAK;Extérieur;W. Jibor;Tit.;90;;;;0;0
2016/17;2017-02-12;17;CAK;Extérieur;F. Ondama;Remp.;15;;;;0;0
2016/17;2017-02-12;17;CAK;Extérieur;M. Mouhtadi;Remp.;1;;;;0;0
2016/17;2017-02-18;18;MAT;Extérieur;Z. Laaroubi;Tit.;90;;;;0;0
2016/17;2017-02-18;18;MAT;Extérieur;A. Noussair;Tit.;90;;1.0;;0;0
2016/17;2017-02-18;18;MAT;Extérieur;Y. Rabeh;Tit.;90;;;;0;0
2016/17;2017-02-18;18;MAT;Extérieur;A. Atouchi;Tit.;90;;;;0;0
2016/17;2017-02-18;18;MAT;Extérieur;B. Gadarine;Tit.;90;;1.0;;0;0
2016/17;2017-02-18;18;MAT;Extérieur;B. Nekkach;Tit.;90;;;;0;0
2016/17;2017-02-18;18;MAT;Extérieur;F. Ondama;Tit.;63;;;;0;0
2016/17;2017-02-18;18;MAT;Extérieur;M. Ounajem;Tit.;90;;1.0;;0;0
2016/17;2017-02-18;18;MAT;Extérieur;W. El Karti;Tit.;90;;;;0;0
2016/17;2017-02-18;18;MAT;Extérieur;A. Bencharki;Tit.;86;;;;0;0
2016/17;2017-02-18;18;MAT;Extérieur;W. Jibor;Tit.;90;1.0;1.0;;0;0
2016/17;2017-02-18;18;MAT;Extérieur;J. Ait Ben Idder;Remp.;27;;;;0;0
2016/17;2017-02-18;18;MAT;Extérieur;W. El Karti;Remp.;4;;;;0;0
2016/17;2017-02-25;19;RSB;Domicile;Z. Laaroubi;Tit.;90;;;;0;0
2016/17;2017-02-25;19;RSB;Domicile;A. Noussair;Tit.;90;;;;0;0
2016/17;2017-02-25;19;RSB;Domicile;Y. Rabeh;Tit.;90;;;;0;0
2016/17;2017-02-25;19;RSB;Domicile;A. Atouchi;Tit.;90;1.0;;;0;0
2016/17;2017-02-25;19;RSB;Domicile;B. Gadarine;Tit.;90;;;;0;0
2016/17;2017-02-25;19;RSB;Domicile;B. Nekkach;Tit.;90;;;;0;0
2016/17;2017-02-25;19;RSB;Domicile;A. Khadrouf;Tit.;89;;;;0;0
2016/17;2017-02-25;19;RSB;Domicile;M. Ounajem;Tit.;90;;;;0;0
2016/17;2017-02-25;19;RSB;Domicile;W. El Karti;Tit.;90;;;;0;0
2016/17;2017-02-25;19;RSB;Domicile;A. Bencharki;Tit.;90;;;;0;0
2016/17;2017-02-25;19;RSB;Domicile;W. Jibor;Tit.;63;;;;0;0
2016/17;2017-02-25;19;RSB;Domicile;J. Ait Ben Idder;Remp.;1;;;;0;0
2016/17;2017-02-25;19;RSB;Domicile;A. El Hassouni;Remp.;27;;;;0;0
2016/17;2017-03-03;20;CRA;Extérieur;Z. Laaroubi;Tit.;90;;;;0;0
2016/17;2017-03-03;20;CRA;Extérieur;A. Noussair;Tit.;90;;1.0;;0;0
2016/17;2017-03-03;20;CRA;Extérieur;M. Fall;Tit.;90;;1.0;;0;0
2016/17;2017-03-03;20;CRA;Extérieur;A. Atouchi;Tit.;90;;;;0;0
2016/17;2017-03-03;20;CRA;Extérieur;B. Gadarine;Tit.;90;;;;0;0
2016/17;2017-03-03;20;CRA;Extérieur;B. Nekkach;Tit.;90;;;;0;0
2016/17;2017-03-03;20;CRA;Extérieur;A. Khadrouf;Tit.;89;;;;0;0
2016/17;2017-03-03;20;CRA;Extérieur;M. Ounajem;Tit.;90;1.0;;;0;0
2016/17;2017-03-03;20;CRA;Extérieur;W. El Karti;Tit.;90;;;;0;0
2016/17;2017-03-03;20;CRA;Extérieur;A. Bencharki;Tit.;75;;;;0;0
2016/17;2017-03-03;20;CRA;Extérieur;W. Jibor;Tit.;90;1.0;;;0;0
2016/17;2017-03-03;20;CRA;Extérieur;J. Ait Ben Idder;Remp.;15;;;;0;0
2016/17;2017-04-03;21;FAR;Domicile;Z. Laaroubi;Tit.;90;;;;0;0
2016/17;2017-04-03;21;FAR;Domicile;A. Noussair;Tit.;90;;;;0;0
2016/17;2017-04-03;21;FAR;Domicile;Y. Rabeh;Tit.;90;;1.0;;0;0
2016/17;2017-04-03;21;FAR;Domicile;A. Atouchi;Tit.;90;;;;0;0
2016/17;2017-04-03;21;FAR;Domicile;B. Gadarine;Tit.;78;;;;0;0
2016/17;2017-04-03;21;FAR;Domicile;B. Nekkach;Tit.;65;;;;0;0
2016/17;2017-04-03;21;FAR;Domicile;F. Ondama;Tit.;90;;;;0;0
2016/17;2017-04-03;21;FAR;Domicile;M. Ounajem;Tit.;90;;;;0;0
2016/17;2017-04-03;21;FAR;Domicile;W. El Karti;Tit.;90;;;;0;0
2016/17;2017-04-03;21;FAR;Domicile;A. Bencharki;Tit.;90;;1.0;;0;0
2016/17;2017-04-03;21;FAR;Domicile;W. Jibor;Tit.;90;1.0;;;0;0
2016/17;2017-04-03;21;FAR;Domicile;A. Khadrouf;Remp.;25;;;;0;0
2016/17;2017-04-03;21;FAR;Domicile;A. El Hassouni;Remp.;12;;;;0;0
2016/17;2017-04-08;23;KAC;Domicile;Z. Laaroubi;Tit.;90;;;;0;0
2016/17;2017-04-08;23;KAC;Domicile;A. Noussair;Tit.;90;;;;0;0
2016/17;2017-04-08;23;KAC;Domicile;Y. Rabeh;Tit.;90;;;;0;0
2016/17;2017-04-08;23;KAC;Domicile;A. Atouchi;Tit.;90;;;;0;0
2016/17;2017-04-08;23;KAC;Domicile;A. Lamrabet;Tit.;90;;1.0;;0;0
2016/17;2017-04-08;23;KAC;Domicile;B. Nekkach;Tit.;90;;;;0;0
2016/17;2017-04-08;23;KAC;Domicile;F. Ondama;Tit.;87;;;;0;0
2016/17;2017-04-08;23;KAC;Domicile;M. Ounajem;Tit.;89;;;;0;0
2016/17;2017-04-08;23;KAC;Domicile;W. El Karti;Tit.;90;;;;0;0
2016/17;2017-04-08;23;KAC;Domicile;A. Bencharki;Tit.;74;;;;0;0
2016/17;2017-04-08;23;KAC;Domicile;W. Jibor;Tit.;90;1.0;;;0;0
2016/17;2017-04-08;23;KAC;Domicile;A. Khadrouf;Remp.;16;;;;0;0
2016/17;2017-04-08;23;KAC;Domicile;A. El Hassouni;Remp.;3;;;;0;0
2016/17;2017-04-08;23;KAC;Domicile;J. Ait Ben Idder;Remp.;1;;;;0;0
2016/17;2017-04-12;22;DHJ;Extérieur;Z. Laaroubi;Tit.;90;;;;0;0
2016/17;2017-04-12;22;DHJ;Extérieur;A. Noussair;Tit.;90;;1.0;;0;0
2016/17;2017-04-12;22;DHJ;Extérieur;Y. Rabeh;Tit.;90;;1.0;;0;0
2016/17;2017-04-12;22;DHJ;Extérieur;A. Atouchi;Tit.;90;;;;0;0
2016/17;2017-04-12;22;DHJ;Extérieur;A. Lamrabet;Tit.;90;;1.0;;0;0
2016/17;2017-04-12;22;DHJ;Extérieur;B. Nekkach;Tit.;90;;;;0;0
2016/17;2017-04-12;22;DHJ;Extérieur;M. Fall;Tit.;90;;;;0;0
2016/17;2017-04-12;22;DHJ;Extérieur;M. Ounajem;Tit.;79;;;;0;0
2016/17;2017-04-12;22;DHJ;Extérieur;W. El Karti;Tit.;90;;;;0;0
2016/17;2017-04-12;22;DHJ;Extérieur;A. Bencharki;Tit.;80;;;;0;0
2016/17;2017-04-12;22;DHJ;Extérieur;W. Jibor;Tit.;90;;1.0;;0;0
2016/17;2017-04-12;22;DHJ;Extérieur;A. Khadrouf;Remp.;10;;;;0;0
2016/17;2017-04-12;22;DHJ;Extérieur;F. Ondama;Remp.;11;;;;0;0
2016/17;2017-04-16;24;JSKT;Extérieur;Z. Laaroubi;Tit.;90;;;;0;0
2016/17;2017-04-16;24;JSKT;Extérieur;Y. Belakhdar;Tit.;90;;;;0;0
2016/17;2017-04-16;24;JSKT;Extérieur;M. Fall;Tit.;90;;;;0;0
2016/17;2017-04-16;24;JSKT;Extérieur;A. Atouchi;Tit.;90;;;;0;0
2016/17;2017-04-16;24;JSKT;Extérieur;B. Gadarine;Tit.;90;;;;0;0
2016/17;2017-04-16;24;JSKT;Extérieur;B. Nekkach;Tit.;90;;;;0;0
2016/17;2017-04-16;24;JSKT;Extérieur;S. Saidi;Tit.;70;;;;0;0
2016/17;2017-04-16;24;JSKT;Extérieur;M. Ounajem;Tit.;79;1.0;1.0;;0;0
2016/17;2017-04-16;24;JSKT;Extérieur;W. El Karti;Tit.;90;;;;0;0
2016/17;2017-04-16;24;JSKT;Extérieur;A. Khadrouf;Tit.;90;;;;0;0
2016/17;2017-04-16;24;JSKT;Extérieur;F. Ondama;Tit.;87;1.0;1.0;;0;0
2016/17;2017-04-16;24;JSKT;Extérieur;A. Asbahi;Remp.;20;;;;0;0
2016/17;2017-04-16;24;JSKT;Extérieur;H. El Wasti;Remp.;11;;;;0;0
2016/17;2017-04-16;24;JSKT;Extérieur;Z. Amimi;Remp.;3;;;;0;0
2016/17;2017-04-23;25;RCA;Domicile;Z. Laaroubi;Tit.;90;;;;0;0
2016/17;2017-04-23;25;RCA;Domicile;A. Noussair;Tit.;90;;1.0;;0;0
2016/17;2017-04-23;25;RCA;Domicile;M. Fall;Tit.;90;;;;0;0
2016/17;2017-04-23;25;RCA;Domicile;A. Atouchi;Tit.;90;1.0;;;0;0
2016/17;2017-04-23;25;RCA;Domicile;A. Lamrabet;Tit.;90;;1.0;;0;0
2016/17;2017-04-23;25;RCA;Domicile;B. Nekkach;Tit.;90;;1.0;;0;0
2016/17;2017-04-23;25;RCA;Domicile;S. Saidi;Tit.;90;;1.0;;0;0
2016/17;2017-04-23;25;RCA;Domicile;M. Ounajem;Tit.;90;;;;0;0
2016/17;2017-04-23;25;RCA;Domicile;W. El Karti;Tit.;89;;;;0;0
2016/17;2017-04-23;25;RCA;Domicile;A. Bencharki;Tit.;89;;;;0;0
2016/17;2017-04-23;25;RCA;Domicile;W. Jibor;Tit.;77;;;;0;0
2016/17;2017-04-23;25;RCA;Domicile;Y. Rabeh;Remp.;1;;;;0;0
2016/17;2017-04-23;25;RCA;Domicile;A. Asbahi;Remp.;1;;;;0;0
2016/17;2017-04-23;25;RCA;Domicile;I. Haddad;Remp.;13;;;;0;0
2016/17;2017-04-30;26;IRT;Extérieur;Z. Laaroubi;Tit.;90;;;;0;0
2016/17;2017-04-30;26;IRT;Extérieur;A. Noussair;Tit.;90;;1.0;;0;0
2016/17;2017-04-30;26;IRT;Extérieur;M. Fall;Tit.;90;;;;0;0
2016/17;2017-04-30;26;IRT;Extérieur;A. Atouchi;Tit.;90;;;;0;0
2016/17;2017-04-30;26;IRT;Extérieur;A. Lamrabet;Tit.;90;;;;0;0
2016/17;2017-04-30;26;IRT;Extérieur;B. Nekkach;Tit.;90;;;;0;0
2016/17;2017-04-30;26;IRT;Extérieur;S. Saidi;Tit.;90;;;;0;0
2016/17;2017-04-30;26;IRT;Extérieur;M. Ounajem;Tit.;84;;;;0;0
2016/17;2017-04-30;26;IRT;Extérieur;W. El Karti;Tit.;90;;;;0;0
2016/17;2017-04-30;26;IRT;Extérieur;I. Haddad;Tit.;68;;;;0;0
2016/17;2017-04-30;26;IRT;Extérieur;W. Jibor;Tit.;90;1.0;;;0;0
2016/17;2017-04-30;26;IRT;Extérieur;A. Bencharki;Remp.;22;;;;0;0
2016/17;2017-04-30;26;IRT;Extérieur;A. Khadrouf;Remp.;6;;;;0;0
2016/17;2017-05-07;27;HUSA;Domicile;Z. Laaroubi;Tit.;90;;;;0;0
2016/17;2017-05-07;27;HUSA;Domicile;A. Noussair;Tit.;90;;;;0;0
2016/17;2017-05-07;27;HUSA;Domicile;Y. Rabeh;Tit.;90;;;;0;0
2016/17;2017-05-07;27;HUSA;Domicile;A. Atouchi;Tit.;90;;1.0;;0;0
2016/17;2017-05-07;27;HUSA;Domicile;A. Lamrabet;Tit.;90;;;;0;0
2016/17;2017-05-07;27;HUSA;Domicile;A. Khadrouf;Tit.;78;;;;0;0
2016/17;2017-05-07;27;HUSA;Domicile;S. Saidi;Tit.;90;1.0;;;0;0
2016/17;2017-05-07;27;HUSA;Domicile;M. Ounajem;Tit.;90;;;;0;0
2016/17;2017-05-07;27;HUSA;Domicile;W. El Karti;Tit.;81;;;;0;0
2016/17;2017-05-07;27;HUSA;Domicile;I. Haddad;Tit.;71;;;;0;0
2016/17;2017-05-07;27;HUSA;Domicile;W. Jibor;Tit.;90;1.0;;;0;0
2016/17;2017-05-07;27;HUSA;Domicile;B. Nekkach;Remp.;19;;;;0;0
2016/17;2017-05-07;27;HUSA;Domicile;F. Ondama;Remp.;12;;;;0;0
2016/17;2017-05-07;27;HUSA;Domicile;A. Asbahi;Remp.;9;;;;0;0
2016/17;2017-05-17;28;OCS;Extérieur;Z. Laaroubi;Tit.;90;;;;0;0
2016/17;2017-05-17;28;OCS;Extérieur;A. Noussair;Tit.;90;;;;0;0
2016/17;2017-05-17;28;OCS;Extérieur;Y. Rabeh;Tit.;90;;;;0;0
2016/17;2017-05-17;28;OCS;Extérieur;A. Atouchi;Tit.;90;;;;0;0
2016/17;2017-05-17;28;OCS;Extérieur;A. Lamrabet;Tit.;90;;1.0;;0;0
2016/17;2017-05-17;28;OCS;Extérieur;A. Khadrouf;Tit.;83;;;;0;0
2016/17;2017-05-17;28;OCS;Extérieur;S. Saidi;Tit.;90;1.0;;;0;0
2016/17;2017-05-17;28;OCS;Extérieur;M. Ounajem;Tit.;90;;;;0;0
2016/17;2017-05-17;28;OCS;Extérieur;A. Asbahi;Tit.;74;;1.0;;0;0
2016/17;2017-05-17;28;OCS;Extérieur;F. Ondama;Tit.;45;;;;0;0
2016/17;2017-05-17;28;OCS;Extérieur;W. Jibor;Tit.;90;1.0;;;0;0
2016/17;2017-05-17;28;OCS;Extérieur;B. Nekkach;Remp.;16;;;;0;0
2016/17;2017-05-17;28;OCS;Extérieur;W. El Karti;Remp.;7;;;;0;0
2016/17;2017-05-17;28;OCS;Extérieur;A. Bencharki;Remp.;45;;;;0;0
2016/17;2017-05-29;29;KACM;Extérieur;B. Benachour;Tit.;90;;;;0;0
2016/17;2017-05-29;29;KACM;Extérieur;F. Aktaw;Tit.;85;;;;0;0
2016/17;2017-05-29;29;KACM;Extérieur;N. Aarab;Tit.;90;1.0;;;0;0
2016/17;2017-05-29;29;KACM;Extérieur;B. Gadarine;Tit.;90;1.0;1.0;;0;0
2016/17;2017-05-29;29;KACM;Extérieur;J. Ait Ben Idder;Tit.;90;;;;0;0
2016/17;2017-05-29;29;KACM;Extérieur;A. Khadrouf;Tit.;90;1.0;;;0;0
2016/17;2017-05-29;29;KACM;Extérieur;A. Asbahi;Tit.;90;;;;0;0
2016/17;2017-05-29;29;KACM;Extérieur;Tchikatara C.;Tit.;45;;;;0;0
2016/17;2017-05-29;29;KACM;Extérieur;H. El Wasti;Tit.;90;;;;0;0
2016/17;2017-05-29;29;KACM;Extérieur;A. Dari;Tit.;55;;1.0;;0;0
2016/17;2017-05-29;29;KACM;Extérieur;A. El Hassouni;Tit.;90;;;;0;0
2016/17;2017-05-29;29;KACM;Extérieur;A. Atouchi;Remp.;5;;;;0;0
2016/17;2017-05-29;29;KACM;Extérieur;A. Bencharki;Remp.;45;;;;0;0
2016/17;2017-05-29;29;KACM;Extérieur;Y. Belakhdar;Remp.;35;;;;0;0
2016/17;2017-06-13;30;FUS;Domicile;A. R. Tagnaouti;Tit.;90;;;;0;0
2016/17;2017-06-13;30;FUS;Domicile;M. Fall;Tit.;90;;;;0;0
2016/17;2017-06-13;30;FUS;Domicile;N. Aarab;Tit.;90;;;;0;0
2016/17;2017-06-13;30;FUS;Domicile;B. Gadarine;Tit.;90;;;;0;0
2016/17;2017-06-13;30;FUS;Domicile;Y. Belakhdar;Tit.;90;;;;0;0
2016/17;2017-06-13;30;FUS;Domicile;J. Ait Ben Idder;Tit.;90;;;;0;0
2016/17;2017-06-13;30;FUS;Domicile;A. Asbahi;Tit.;65;;;;0;0
2016/17;2017-06-13;30;FUS;Domicile;A. Khadrouf;Tit.;90;;;;0;0
2016/17;2017-06-13;30;FUS;Domicile;H. El Wasti;Tit.;59;;;;0;0
2016/17;2017-06-13;30;FUS;Domicile;F. Ondama;Tit.;90;1.0;;;0;0
2016/17;2017-06-13;30;FUS;Domicile;A. El Hassouni;Tit.;90;;;;0;0
2016/17;2017-06-13;30;FUS;Domicile;S. Saidi;Remp.;25;;;;0;0
2016/17;2017-06-13;30;FUS;Domicile;M. Ounajem;Remp.;31;;;;0;0
2017/18;2017-09-10;1;FUS;Domicile;Z. Laaroubi;Tit.;90;;;;0;0
2017/18;2017-09-10;1;FUS;Domicile;A. Atouchi;Tit.;90;1.0;;;0;0
2017/18;2017-09-10;1;FUS;Domicile;Y. Rabeh;Tit.;90;;1.0;;0;0
2017/18;2017-09-10;1;FUS;Domicile;N. Aarab;Tit.;50;;1.0;;0;0
2017/18;2017-09-10;1;FUS;Domicile;A. Noussair;Tit.;90;;;;0;0
2017/18;2017-09-10;1;FUS;Domicile;M. Ouatara;Tit.;90;;;;0;0
2017/18;2017-09-10;1;FUS;Domicile;J. Ait Ben Idder;Tit.;90;;;;0;0
2017/18;2017-09-10;1;FUS;Domicile;S. Saidi;Tit.;90;;;;0;0
2017/18;2017-09-10;1;FUS;Domicile;I. Haddad;Tit.;67;;;;0;0
2017/18;2017-09-10;1;FUS;Domicile;M. Ounajem;Tit.;90;;;;0;0
2017/18;2017-09-10;1;FUS;Domicile;G. N. Daho;Tit.;90;;;;0;0
2017/18;2017-09-10;1;FUS;Domicile;A. Khadrouf;Remp.;40;;;;0;0
2017/18;2017-09-10;1;FUS;Domicile;A. Bencharki;Remp.;23;;;;0;0
2017/18;2017-11-10;2;RCOZ;Extérieur;Y. El Kharoubi;Tit.;90;;;;0;0
2017/18;2017-11-10;2;RCOZ;Extérieur;B. Nekkach;Tit.;90;;;;0;0
2017/18;2017-11-10;2;RCOZ;Extérieur;B. Gadarine;Tit.;90;;;;0;0
2017/18;2017-11-10;2;RCOZ;Extérieur;M. Nahiri;Tit.;83;;1.0;;0;0
2017/18;2017-11-10;2;RCOZ;Extérieur;N. Aarab;Tit.;90;;;;0;0
2017/18;2017-11-10;2;RCOZ;Extérieur;M. Ouatara;Tit.;90;;;;0;0
2017/18;2017-11-10;2;RCOZ;Extérieur;Z. El Hachimi;Tit.;90;;;;0;0
2017/18;2017-11-10;2;RCOZ;Extérieur;A. Tighazoui;Tit.;90;;;;0;0
2017/18;2017-11-10;2;RCOZ;Extérieur;M. Aoulad;Tit.;90;;;;0;0
2017/18;2017-11-10;2;RCOZ;Extérieur;R. El Hajhouj;Tit.;70;;;;0;0
2017/18;2017-11-10;2;RCOZ;Extérieur;G. N. Daho;Tit.;90;1.0;;;0;0
2017/18;2017-11-10;2;RCOZ;Extérieur;R. Hossni;Remp.;20;;;;0;0
2017/18;2017-11-10;2;RCOZ;Extérieur;W. El Karti;Remp.;7;;;;0;0
2017/18;2017-11-15;3;FAR;Extérieur;Z. Laaroubi;Tit.;90;;;;0;0
2017/18;2017-11-15;3;FAR;Extérieur;B. Nekkach;Tit.;90;;;;0;0
2017/18;2017-11-15;3;FAR;Extérieur;A. Noussair;Tit.;90;;;;0;0
2017/18;2017-11-15;3;FAR;Extérieur;M. Nahiri;Tit.;90;;;;0;0
2017/18;2017-11-15;3;FAR;Extérieur;C.I. Comara;Tit.;90;;;;0;0
2017/18;2017-11-15;3;FAR;Extérieur;S. Saidi;Tit.;90;;;;0;0
2017/18;2017-11-15;3;FAR;Extérieur;Z. El Hachimi;Tit.;90;;;;0;0
2017/18;2017-11-15;3;FAR;Extérieur;A. Bencharki;Tit.;90;;;;0;0
2017/18;2017-11-15;3;FAR;Extérieur;W. El Karti;Tit.;90;;;;0;0
2017/18;2017-11-15;3;FAR;Extérieur;M. Aoulad;Tit.;83;;;;0;0
2017/18;2017-11-15;3;FAR;Extérieur;G. N. Daho;Tit.;67;;;;0;0
2017/18;2017-11-15;3;FAR;Extérieur;R. El Hajhouj;Remp.;23;;;;0;0
2017/18;2017-11-15;3;FAR;Extérieur;A. Tighazoui;Remp.;7;;;;0;0
2017/18;2017-11-19;8;RAC;Domicile;Z. Laaroubi;Tit.;90;;;;0;0
2017/18;2017-11-19;8;RAC;Domicile;Z. El Hachimi;Tit.;90;;;;0;0
2017/18;2017-11-19;8;RAC;Domicile;Y. Rabeh;Tit.;90;;1.0;;0;0
2017/18;2017-11-19;8;RAC;Domicile;C.I. Comara;Tit.;90;;;;0;0
2017/18;2017-11-19;8;RAC;Domicile;B. Gadarine;Tit.;90;;;;0;0
2017/18;2017-11-19;8;RAC;Domicile;M. Nahiri;Tit.;62;;1.0;;0;0
2017/18;2017-11-19;8;RAC;Domicile;S. Saidi;Tit.;90;;;;0;0
2017/18;2017-11-19;8;RAC;Domicile;R. El Hajhouj;Tit.;45;;;;0;0
2017/18;2017-11-19;8;RAC;Domicile;W. El Karti;Tit.;90;;;;0;0
2017/18;2017-11-19;8;RAC;Domicile;M. Aoulad;Tit.;90;;;;0;0
2017/18;2017-11-19;8;RAC;Domicile;G. N. Daho;Tit.;80;;;;0;0
2017/18;2017-11-19;8;RAC;Domicile;R. Hossni;Remp.;28;;;;0;0
2017/18;2017-11-19;8;RAC;Domicile;A. Tighazoui;Remp.;10;;;;0;0
2017/18;2017-11-19;8;RAC;Domicile;A. Khadrouf;Remp.;45;;;;0;0
2017/18;2017-11-22;4;DHJ;Domicile;Z. Laaroubi;Tit.;90;;;;0;0
2017/18;2017-11-22;4;DHJ;Domicile;Z. El Hachimi;Tit.;90;;;;0;0
2017/18;2017-11-22;4;DHJ;Domicile;Y. Rabeh;Tit.;90;;;;0;0
2017/18;2017-11-22;4;DHJ;Domicile;C.I. Comara;Tit.;90;1.0;;;0;0
2017/18;2017-11-22;4;DHJ;Domicile;A. Noussair;Tit.;90;;;;0;0
2017/18;2017-11-22;4;DHJ;Domicile;B. Nekkach;Tit.;90;;;;0;0
2017/18;2017-11-22;4;DHJ;Domicile;S. Saidi;Tit.;90;;;;0;0
2017/18;2017-11-22;4;DHJ;Domicile;A. Khadrouf;Tit.;90;1.0;;;0;0
2017/18;2017-11-22;4;DHJ;Domicile;W. El Karti;Tit.;90;;;;0;0
2017/18;2017-11-22;4;DHJ;Domicile;G. N. Daho;Tit.;45;;;;0;0
2017/18;2017-11-22;4;DHJ;Domicile;A. Tighazoui;Tit.;77;;;;0;0
2017/18;2017-11-22;4;DHJ;Domicile;M. Aoulad;Remp.;45;;;;0;0
2017/18;2017-11-22;4;DHJ;Domicile;A. Atouchi;Remp.;13;;;;0;0
2017/18;2017-11-26;9;OCK;Extérieur;Z. Laaroubi;Tit.;90;;;;0;0
2017/18;2017-11-26;9;OCK;Extérieur;A. Noussair;Tit.;79;1.0;;;0;0
2017/18;2017-11-26;9;OCK;Extérieur;A. Atouchi;Tit.;90;;;;0;0
2017/18;2017-11-26;9;OCK;Extérieur;C.I. Comara;Tit.;90;;;;0;0
2017/18;2017-11-26;9;OCK;Extérieur;Z. El Hachimi;Tit.;90;;;;0;0
2017/18;2017-11-26;9;OCK;Extérieur;B. Nekkach;Tit.;90;;;;0;0
2017/18;2017-11-26;9;OCK;Extérieur;S. Saidi;Tit.;68;;;;0;0
2017/18;2017-11-26;9;OCK;Extérieur;W. El Karti;Tit.;89;1.0;;;0;0
2017/18;2017-11-26;9;OCK;Extérieur;A. Tighazoui;Tit.;90;1.0;;;0;0
2017/18;2017-11-26;9;OCK;Extérieur;M. Aoulad;Tit.;90;2.0;;;0;0
2017/18;2017-11-26;9;OCK;Extérieur;A. Khadrouf;Tit.;90;;;;0;0
2017/18;2017-11-26;9;OCK;Extérieur;M. Nahiri;Remp.;22;;;;0;0
2017/18;2017-11-26;9;OCK;Extérieur;G. N. Daho;Remp.;11;;;;0;0
2017/18;2017-11-26;9;OCK;Extérieur;R. Hossni;Remp.;1;;;;0;0
2017/18;2017-11-29;5;MAT;Extérieur;Z. Laaroubi;Tit.;90;;;;0;0
2017/18;2017-11-29;5;MAT;Extérieur;A. Noussair;Tit.;90;;;;0;0
2017/18;2017-11-29;5;MAT;Extérieur;A. Atouchi;Tit.;90;;;;0;0
2017/18;2017-11-29;5;MAT;Extérieur;C.I. Comara;Tit.;90;;;;0;0
2017/18;2017-11-29;5;MAT;Extérieur;Z. El Hachimi;Tit.;90;;;;0;0
2017/18;2017-11-29;5;MAT;Extérieur;B. Nekkach;Tit.;90;;;;0;0
2017/18;2017-11-29;5;MAT;Extérieur;W. El Karti;Tit.;90;;;;0;0
2017/18;2017-11-29;5;MAT;Extérieur;A. Khadrouf;Tit.;90;;;;0;0
2017/18;2017-11-29;5;MAT;Extérieur;A. Tighazoui;Tit.;70;;;;0;0
2017/18;2017-11-29;5;MAT;Extérieur;A. Bencharki;Tit.;76;;;;0;0
2017/18;2017-11-29;5;MAT;Extérieur;M. Aoulad;Tit.;90;2.0;1.0;;0;0
2017/18;2017-11-29;5;MAT;Extérieur;S. Saidi;Remp.;20;;;;0;0
2017/18;2017-11-29;5;MAT;Extérieur;G. N. Daho;Remp.;14;;;;0;0
2017/18;2017-12-18;12;IRT;Domicile;Z. Laaroubi;Tit.;90;;;;0;0
2017/18;2017-12-18;12;IRT;Domicile;A. Noussair;Tit.;79;;;;0;0
2017/18;2017-12-18;12;IRT;Domicile;B. Nekkach;Tit.;89;;1.0;;0;0
2017/18;2017-12-18;12;IRT;Domicile;S. Saidi;Tit.;90;;;;0;0
2017/18;2017-12-18;12;IRT;Domicile;M. Aoulad;Tit.;61;;;;0;0
2017/18;2017-12-18;12;IRT;Domicile;M. Nahiri;Tit.;90;;;;0;0
2017/18;2017-12-18;12;IRT;Domicile;A. Khadrouf;Tit.;90;;;;0;0
2017/18;2017-12-18;12;IRT;Domicile;C.I. Comara;Tit.;90;;;;0;0
2017/18;2017-12-18;12;IRT;Domicile;A. Atouchi;Tit.;90;;;;0;0
2017/18;2017-12-18;12;IRT;Domicile;I. Haddad;Tit.;90;;;;0;0
2017/18;2017-12-18;12;IRT;Domicile;R. El Hajhouj;Tit.;90;;;;0;0
2017/18;2017-12-18;12;IRT;Domicile;G. N. Daho;Remp.;11;;;;0;0
2017/18;2017-12-18;12;IRT;Domicile;A. Tighazoui;Remp.;29;;;;0;0
2017/18;2017-12-18;12;IRT;Domicile;J. Ait Ben Idder;Remp.;1;;;;0;0
2017/18;2017-12-21;6;CRA;Domicile;Z. Laaroubi;Tit.;90;;;;0;0
2017/18;2017-12-21;6;CRA;Domicile;A. Noussair;Tit.;90;;;;0;0
2017/18;2017-12-21;6;CRA;Domicile;Y. Rabeh;Tit.;90;;;;0;0
2017/18;2017-12-21;6;CRA;Domicile;C.I. Comara;Tit.;90;;1.0;;0;0
2017/18;2017-12-21;6;CRA;Domicile;M. Nahiri;Tit.;90;;;;0;0
2017/18;2017-12-21;6;CRA;Domicile;J. Ait Ben Idder;Tit.;90;;;;0;0
2017/18;2017-12-21;6;CRA;Domicile;S. Saidi;Tit.;90;;;;0;0
2017/18;2017-12-21;6;CRA;Domicile;A. Tighazoui;Tit.;61;;1.0;;0;0
2017/18;2017-12-21;6;CRA;Domicile;R. El Hajhouj;Tit.;77;;;;0;0
2017/18;2017-12-21;6;CRA;Domicile;I. Haddad;Tit.;90;1.0;;;0;0
2017/18;2017-12-21;6;CRA;Domicile;M. Aoulad;Tit.;85;;;;0;0
2017/18;2017-12-21;6;CRA;Domicile;G. N. Daho;Remp.;5;;;;0;0
2017/18;2017-12-21;6;CRA;Domicile;A. Khadrouf;Remp.;29;;;;0;0
2017/18;2017-12-21;6;CRA;Domicile;M. Ounajem;Remp.;13;;;;0;0
2017/18;2017-12-25;13;HUSA;Extérieur;Z. Laaroubi;Tit.;90;;;;0;0
2017/18;2017-12-25;13;HUSA;Extérieur;A. Noussair;Tit.;90;;;;0;0
2017/18;2017-12-25;13;HUSA;Extérieur;Y. Rabeh;Tit.;90;;;;0;0
2017/18;2017-12-25;13;HUSA;Extérieur;C.I. Comara;Tit.;90;;;;0;0
2017/18;2017-12-25;13;HUSA;Extérieur;M. Nahiri;Tit.;90;;1.0;;0;0
2017/18;2017-12-25;13;HUSA;Extérieur;B. Nekkach;Tit.;90;;;;0;0
2017/18;2017-12-25;13;HUSA;Extérieur;A. Khadrouf;Tit.;55;;;;0;0
2017/18;2017-12-25;13;HUSA;Extérieur;S. Saidi;Tit.;90;;;;0;0
2017/18;2017-12-25;13;HUSA;Extérieur;A. Tighazoui;Tit.;73;;;;0;0
2017/18;2017-12-25;13;HUSA;Extérieur;A. Bencharki;Tit.;90;;;;0;0
2017/18;2017-12-25;13;HUSA;Extérieur;R. El Hajhouj;Tit.;55;;;;0;0
2017/18;2017-12-25;13;HUSA;Extérieur;M. Ounajem;Tit.;35;;;;0;0
2017/18;2017-12-25;13;HUSA;Extérieur;M. Aoulad;Tit.;17;;;;0;0
2017/18;2017-12-25;13;HUSA;Extérieur;I. Haddad;Tit.;35;;;;0;0
2017/18;2017-12-28;14;OCS;Domicile;Z. Laaroubi;Tit.;90;;;;0;0
2017/18;2017-12-28;14;OCS;Domicile;B. Nekkach;Tit.;72;;1.0;;0;0
2017/18;2017-12-28;14;OCS;Domicile;Y. Rabeh;Tit.;90;;;;0;0
2017/18;2017-12-28;14;OCS;Domicile;B. Gadarine;Tit.;90;;;;0;0
2017/18;2017-12-28;14;OCS;Domicile;A. Atouchi;Tit.;90;;;;0;0
2017/18;2017-12-28;14;OCS;Domicile;W. El Karti;Tit.;90;;;;0;0
2017/18;2017-12-28;14;OCS;Domicile;A. Khadrouf;Tit.;60;;;;0;0
2017/18;2017-12-28;14;OCS;Domicile;I. Haddad;Tit.;90;;1.0;;0;0
2017/18;2017-12-28;14;OCS;Domicile;M. Ounajem;Tit.;90;;;;0;0
2017/18;2017-12-28;14;OCS;Domicile;Z. El Hachimi;Tit.;90;;;;0;0
2017/18;2017-12-28;14;OCS;Domicile;G. N. Daho;Tit.;60;;;;0;0
2017/18;2017-12-28;14;OCS;Domicile;A. Bencharki;Remp.;30;;;;0;0
2017/18;2017-12-28;14;OCS;Domicile;S. Saidi;Remp.;30;;;;0;0
2017/18;2017-12-28;14;OCS;Domicile;R. El Hajhouj;Remp.;18;;;;0;0
2017/18;2017-12-31;15;CAK;Extérieur;B. Benachour;Tit.;90;;;;0;0
2017/18;2017-12-31;15;CAK;Extérieur;M. Nahiri;Tit.;90;;;;0;0
2017/18;2017-12-31;15;CAK;Extérieur;Y. Rabeh;Tit.;90;;;;0;0
2017/18;2017-12-31;15;CAK;Extérieur;A. Atouchi;Tit.;90;;;;0;0
2017/18;2017-12-31;15;CAK;Extérieur;B. Gadarine;Tit.;90;;;;0;0
2017/18;2017-12-31;15;CAK;Extérieur;S. Saidi;Tit.;90;;;;0;0
2017/18;2017-12-31;15;CAK;Extérieur;Z. El Hachimi;Tit.;90;;;;0;0
2017/18;2017-12-31;15;CAK;Extérieur;A. Tighazoui;Tit.;61;;;;0;0
2017/18;2017-12-31;15;CAK;Extérieur;W. El Karti;Tit.;90;;;;0;0
2017/18;2017-12-31;15;CAK;Extérieur;I. Haddad;Tit.;78;;;;0;0
2017/18;2017-12-31;15;CAK;Extérieur;M. Aoulad;Tit.;90;;;;0;0
2017/18;2017-12-31;15;CAK;Extérieur;R. El Hajhouj;Remp.;29;;;;0;0
2017/18;2017-12-31;15;CAK;Extérieur;R. Hossni;Remp.;12;;;;0;0
2017/18;2018-01-04;7;RSB;Extérieur;B. Benachour;Tit.;90;;1.0;;0;0
2017/18;2018-01-04;7;RSB;Extérieur;B. Nekkach;Tit.;81;;1.0;;0;0
2017/18;2018-01-04;7;RSB;Extérieur;Y. Rabeh;Tit.;90;;;;0;0
2017/18;2018-01-04;7;RSB;Extérieur;A. Atouchi;Tit.;90;;;;0;0
2017/18;2018-01-04;7;RSB;Extérieur;B. Gadarine;Tit.;90;;;;0;0
2017/18;2018-01-04;7;RSB;Extérieur;R. Hossni;Tit.;90;;;;0;0
2017/18;2018-01-04;7;RSB;Extérieur;A. Khadrouf;Tit.;90;;;;0;0
2017/18;2018-01-04;7;RSB;Extérieur;A. Tighazoui;Tit.;83;;;;0;0
2017/18;2018-01-04;7;RSB;Extérieur;G. N. Daho;Tit.;90;1.0;;;0;0
2017/18;2018-01-04;7;RSB;Extérieur;A. Noussair;Tit.;90;;;;0;0
2017/18;2018-01-04;7;RSB;Extérieur;M. Aoulad;Tit.;90;;;;0;0
2017/18;2018-01-04;7;RSB;Extérieur;C.I. Comara;Remp.;9;;;;0;0
2017/18;2018-01-04;7;RSB;Extérieur;H. Massaki;Remp.;7;;;;0;0
2017/18;2018-01-08;11;KACM;Extérieur;B. Benachour;Tit.;90;;;;0;0
2017/18;2018-01-08;11;KACM;Extérieur;A. Noussair;Tit.;90;;;;0;0
2017/18;2018-01-08;11;KACM;Extérieur;Y. Rabeh;Tit.;90;;;;0;0
2017/18;2018-01-08;11;KACM;Extérieur;M. Ouatara;Tit.;71;;;;0;0
2017/18;2018-01-08;11;KACM;Extérieur;C.I. Comara;Tit.;90;;;;0;0
2017/18;2018-01-08;11;KACM;Extérieur;A. Atouchi;Tit.;90;;;;0;0
2017/18;2018-01-08;11;KACM;Extérieur;A. Khadrouf;Tit.;90;;;;0;0
2017/18;2018-01-08;11;KACM;Extérieur;R. El Hajhouj;Tit.;90;;;;0;0
2017/18;2018-01-08;11;KACM;Extérieur;G. N. Daho;Tit.;90;1.0;;;0;0
2017/18;2018-01-08;11;KACM;Extérieur;R. Hossni;Tit.;90;;1.0;;0;0
2017/18;2018-01-08;11;KACM;Extérieur;M. Aoulad;Tit.;66;;;;0;0
2017/18;2018-01-08;11;KACM;Extérieur;A. Tighazoui;Remp.;24;;;;0;0
2017/18;2018-01-08;11;KACM;Extérieur;A. Jalal;Remp.;19;;;;0;0
2017/18;2018-02-10;10;RCA;Domicile;Z. Laaroubi;Tit.;90;;;;0;0
2017/18;2018-02-10;10;RCA;Domicile;A. Noussair;Tit.;90;;;;0;0
2017/18;2018-02-10;10;RCA;Domicile;A. Atouchi;Tit.;90;;;;0;0
2017/18;2018-02-10;10;RCA;Domicile;C.I. Comara;Tit.;66;;;;0;0
2017/18;2018-02-10;10;RCA;Domicile;Z. El Hachimi;Tit.;90;;;;0;0
2017/18;2018-02-10;10;RCA;Domicile;B. Nekkach;Tit.;90;;1.0;;0;0
2017/18;2018-02-10;10;RCA;Domicile;S. Saidi;Tit.;90;;;;0;0
2017/18;2018-02-10;10;RCA;Domicile;W. El Karti;Tit.;90;;;;0;0
2017/18;2018-02-10;10;RCA;Domicile;A. Tighazoui;Tit.;58;;;;0;0
2017/18;2018-02-10;10;RCA;Domicile;I. Haddad;Tit.;90;;;;0;0
2017/18;2018-02-10;10;RCA;Domicile;A. Quintana;Tit.;85;;;;0;0
2017/18;2018-02-10;10;RCA;Domicile;N. Aarab;Remp.;24;;;;0;0
2017/18;2018-02-10;10;RCA;Domicile;R. Hossni;Remp.;5;;;;0;0
2017/18;2018-02-10;10;RCA;Domicile;M. Aoulad;Remp.;32;;;;0;0
2017/18;2018-02-14;16;FUS;Extérieur;Z. Laaroubi;Tit.;90;;1.0;;0;0
2017/18;2018-02-14;16;FUS;Extérieur;A. Noussair;Tit.;90;;;;0;0
2017/18;2018-02-14;16;FUS;Extérieur;A. Atouchi;Tit.;90;;;;0;0
2017/18;2018-02-14;16;FUS;Extérieur;C.I. Comara;Tit.;90;;;;0;0
2017/18;2018-02-14;16;FUS;Extérieur;M. Nahiri;Tit.;90;2.0;;;0;0
2017/18;2018-02-14;16;FUS;Extérieur;B. Nekkach;Tit.;90;;1.0;;0;0
2017/18;2018-02-14;16;FUS;Extérieur;S. Saidi;Tit.;90;;;;0;0
2017/18;2018-02-14;16;FUS;Extérieur;A. El Hassouni;Tit.;58;;;;0;0
2017/18;2018-02-14;16;FUS;Extérieur;A. Tighazoui;Tit.;90;;;;0;0
2017/18;2018-02-14;16;FUS;Extérieur;I. Haddad;Tit.;89;1.0;;;0;0
2017/18;2018-02-14;16;FUS;Extérieur;M. Aoulad;Tit.;59;;;;0;0
2017/18;2018-02-14;16;FUS;Extérieur;W. El Karti;Remp.;32;;;;0;0
2017/18;2018-02-14;16;FUS;Extérieur;N. Aarab;Remp.;1;;;;0;0
2017/18;2018-02-14;16;FUS;Extérieur;A. Quintana;Remp.;31;;;;0;0
2017/18;2018-02-18;17;RCOZ;Domicile;Z. Laaroubi;Tit.;90;;;;0;0
2017/18;2018-02-18;17;RCOZ;Domicile;A. Noussair;Tit.;90;1.0;;;0;0
2017/18;2018-02-18;17;RCOZ;Domicile;A. Atouchi;Tit.;90;;;;0;0
2017/18;2018-02-18;17;RCOZ;Domicile;C.I. Comara;Tit.;90;;;;0;0
2017/18;2018-02-18;17;RCOZ;Domicile;M. Nahiri;Tit.;90;;;;0;0
2017/18;2018-02-18;17;RCOZ;Domicile;B. Nekkach;Tit.;90;;;;0;0
2017/18;2018-02-18;17;RCOZ;Domicile;S. Saidi;Tit.;90;;;;0;0
2017/18;2018-02-18;17;RCOZ;Domicile;R. Hossni;Tit.;58;;;;0;0
2017/18;2018-02-18;17;RCOZ;Domicile;A. Tighazoui;Tit.;90;1.0;;;0;0
2017/18;2018-02-18;17;RCOZ;Domicile;I. Haddad;Tit.;70;;;;0;0
2017/18;2018-02-18;17;RCOZ;Domicile;Tchikatara C.;Tit.;58;;;;0;0
2017/18;2018-02-18;17;RCOZ;Domicile;W. El Karti;Remp.;32;;;;0;0
2017/18;2018-02-18;17;RCOZ;Domicile;M. Aoulad;Remp.;20;;;;0;0
2017/18;2018-02-18;17;RCOZ;Domicile;A. Quintana;Remp.;32;1.0;;;0;0
2017/18;2018-02-28;18;FAR;Domicile;Z. Laaroubi;Tit.;90;;;;0;0
2017/18;2018-02-28;18;FAR;Domicile;A. Noussair;Tit.;90;;;;0;0
2017/18;2018-02-28;18;FAR;Domicile;A. Atouchi;Tit.;90;;;;0;0
2017/18;2018-02-28;18;FAR;Domicile;C.I. Comara;Tit.;90;;;;0;0
2017/18;2018-02-28;18;FAR;Domicile;M. Nahiri;Tit.;90;1.0;;;0;0
2017/18;2018-02-28;18;FAR;Domicile;J. Ait Ben Idder;Tit.;56;;;;0;0
2017/18;2018-02-28;18;FAR;Domicile;S. Saidi;Tit.;90;;;;0;0
2017/18;2018-02-28;18;FAR;Domicile;A. El Hassouni;Tit.;82;;;;0;0
2017/18;2018-02-28;18;FAR;Domicile;A. Tighazoui;Tit.;90;1.0;1.0;;0;0
2017/18;2018-02-28;18;FAR;Domicile;I. Haddad;Tit.;90;1.0;;;0;0
2017/18;2018-02-28;18;FAR;Domicile;A. Quintana;Tit.;87;;;;0;0
2017/18;2018-02-28;18;FAR;Domicile;W. El Karti;Remp.;34;;;;0;0
2017/18;2018-02-28;18;FAR;Domicile;D. Adjil Nil;Remp.;8;;;;0;0
2017/18;2018-02-28;18;FAR;Domicile;M. Aoulad;Remp.;3;;;;0;0
2017/18;2018-03-04;19;DHJ;Extérieur;Z. Laaroubi;Tit.;90;;;;0;0
2017/18;2018-03-04;19;DHJ;Extérieur;A. Noussair;Tit.;90;;;;0;0
2017/18;2018-03-04;19;DHJ;Extérieur;A. Atouchi;Tit.;90;;;;0;0
2017/18;2018-03-04;19;DHJ;Extérieur;C.I. Comara;Tit.;90;;;;0;0
2017/18;2018-03-04;19;DHJ;Extérieur;M. Nahiri;Tit.;90;;;;0;0
2017/18;2018-03-04;19;DHJ;Extérieur;S. Saidi;Tit.;90;;;;0;0
2017/18;2018-03-04;19;DHJ;Extérieur;W. El Karti;Tit.;90;;;;0;0
2017/18;2018-03-04;19;DHJ;Extérieur;A. Asbahi;Tit.;65;;;;0;0
2017/18;2018-03-04;19;DHJ;Extérieur;R. Hossni;Tit.;59;;1.0;;0;0
2017/18;2018-03-04;19;DHJ;Extérieur;A. Quintana;Tit.;56;;;;0;0
2017/18;2018-03-04;19;DHJ;Extérieur;I. Haddad;Tit.;90;;;;0;0
2017/18;2018-03-04;19;DHJ;Extérieur;Tchikatara C.;Remp.;34;1.0;;;0;0
2017/18;2018-03-04;19;DHJ;Extérieur;A. Tighazoui;Remp.;31;;;;0;0
2017/18;2018-03-04;19;DHJ;Extérieur;A. El Hassouni;Remp.;25;;;;0;0
2017/18;2018-03-11;20;MAT;Domicile;Z. Laaroubi;Tit.;90;;1.0;;0;0
2017/18;2018-03-11;20;MAT;Domicile;A. Noussair;Tit.;33;;;;0;0
2017/18;2018-03-11;20;MAT;Domicile;A. Atouchi;Tit.;90;;;;0;0
2017/18;2018-03-11;20;MAT;Domicile;C.I. Comara;Tit.;90;;;;0;0
2017/18;2018-03-11;20;MAT;Domicile;M. Nahiri;Tit.;90;;;;0;0
2017/18;2018-03-11;20;MAT;Domicile;B. Nekkach;Tit.;90;;1.0;;0;0
2017/18;2018-03-11;20;MAT;Domicile;S. Saidi;Tit.;90;;;;0;0
2017/18;2018-03-11;20;MAT;Domicile;A. Tighazoui;Tit.;87;;;;0;0
2017/18;2018-03-11;20;MAT;Domicile;A. El Hassouni;Tit.;90;;;;0;0
2017/18;2018-03-11;20;MAT;Domicile;W. El Karti;Tit.;90;;;;0;0
2017/18;2018-03-11;20;MAT;Domicile;I. Haddad;Tit.;64;;;;0;0
2017/18;2018-03-11;20;MAT;Domicile;Z. El Hachimi;Remp.;57;;;;0;0
2017/18;2018-03-11;20;MAT;Domicile;M. Aoulad;Remp.;26;;1.0;;0;0
2017/18;2018-03-11;20;MAT;Domicile;A. Kaoutari;Remp.;3;;;;0;0
2017/18;2018-03-29;21;CRA;Extérieur;Z. Laaroubi;Tit.;90;;;;0;0
2017/18;2018-03-29;21;CRA;Extérieur;A. Noussair;Tit.;90;;1.0;;0;0
2017/18;2018-03-29;21;CRA;Extérieur;A. Atouchi;Tit.;90;;;;0;0
2017/18;2018-03-29;21;CRA;Extérieur;C.I. Comara;Tit.;90;;;;0;0
2017/18;2018-03-29;21;CRA;Extérieur;M. Nahiri;Tit.;90;;1.0;;0;0
2017/18;2018-03-29;21;CRA;Extérieur;B. Nekkach;Tit.;90;;;;0;0
2017/18;2018-03-29;21;CRA;Extérieur;S. Saidi;Tit.;90;;;;0;0
2017/18;2018-03-29;21;CRA;Extérieur;A. Tighazoui;Tit.;87;;;;0;0
2017/18;2018-03-29;21;CRA;Extérieur;A. El Hassouni;Tit.;71;;;;0;0
2017/18;2018-03-29;21;CRA;Extérieur;W. El Karti;Tit.;90;;;;0;0
2017/18;2018-03-29;21;CRA;Extérieur;I. Haddad;Tit.;59;;;;0;0
2017/18;2018-03-29;21;CRA;Extérieur;Tchikatara C.;Remp.;3;;;;0;0
2017/18;2018-03-29;21;CRA;Extérieur;Z. El Hachimi;Remp.;31;;;;0;0
2017/18;2018-03-29;21;CRA;Extérieur;M. Ounajem;Remp.;19;;;;0;0
2017/18;2018-04-02;23;RAC;Extérieur;Z. Laaroubi;Tit.;90;;;;0;0
2017/18;2018-04-02;23;RAC;Extérieur;A. Noussair;Tit.;90;;;;0;0
2017/18;2018-04-02;23;RAC;Extérieur;A. Atouchi;Tit.;90;;;;0;0
2017/18;2018-04-02;23;RAC;Extérieur;Z. El Hachimi;Tit.;90;;;;0;0
2017/18;2018-04-02;23;RAC;Extérieur;N. Aarab;Tit.;90;1.0;1.0;;0;0
2017/18;2018-04-02;23;RAC;Extérieur;B. Nekkach;Tit.;90;;;;0;0
2017/18;2018-04-02;23;RAC;Extérieur;S. Saidi;Tit.;90;;;;0;0
2017/18;2018-04-02;23;RAC;Extérieur;A. Tighazoui;Tit.;85;;;;0;0
2017/18;2018-04-02;23;RAC;Extérieur;W. El Karti;Tit.;90;;;;0;0
2017/18;2018-04-02;23;RAC;Extérieur;I. Haddad;Tit.;67;;;;0;0
2017/18;2018-04-02;23;RAC;Extérieur;Tchikatara C.;Tit.;59;;;;0;0
2017/18;2018-04-02;23;RAC;Extérieur;A. El Hassouni;Remp.;5;;;;0;0
2017/18;2018-04-02;23;RAC;Extérieur;A. Quintana;Remp.;31;;;;0;0
2017/18;2018-04-02;23;RAC;Extérieur;M. Ounajem;Remp.;23;;;;0;0
2017/18;2018-04-08;24;OCK;Domicile;Z. Laaroubi;Tit.;90;;;;0;0
2017/18;2018-04-08;24;OCK;Domicile;A. Noussair;Tit.;90;;;;0;0
2017/18;2018-04-08;24;OCK;Domicile;A. Atouchi;Tit.;90;1.0;;;0;0
2017/18;2018-04-08;24;OCK;Domicile;A. Kaoutari;Tit.;90;;;;0;0
2017/18;2018-04-08;24;OCK;Domicile;M. Nahiri;Tit.;90;1.0;;;0;0
2017/18;2018-04-08;24;OCK;Domicile;B. Nekkach;Tit.;90;;;;0;0
2017/18;2018-04-08;24;OCK;Domicile;S. Saidi;Tit.;90;;;;0;0
2017/18;2018-04-08;24;OCK;Domicile;Z. El Hachimi;Tit.;45;;;;0;0
2017/18;2018-04-08;24;OCK;Domicile;W. El Karti;Tit.;66;;;;0;0
2017/18;2018-04-08;24;OCK;Domicile;M. Ounajem;Tit.;80;1.0;;;0;0
2017/18;2018-04-08;24;OCK;Domicile;A. Quintana;Tit.;90;1.0;;;0;0
2017/18;2018-04-08;24;OCK;Domicile;I. Haddad;Remp.;45;1.0;;;0;0
2017/18;2018-04-08;24;OCK;Domicile;A. Tighazoui;Remp.;10;;;;0;0
2017/18;2018-04-08;24;OCK;Domicile;A. El Hassouni;Remp.;24;;1.0;;0;0
2017/18;2018-04-14;25;RCA;Extérieur;Z. Laaroubi;Tit.;90;;;;0;0
2017/18;2018-04-14;25;RCA;Extérieur;A. Noussair;Tit.;90;;1.0;;0;0
2017/18;2018-04-14;25;RCA;Extérieur;A. Atouchi;Tit.;90;1.0;;;0;0
2017/18;2018-04-14;25;RCA;Extérieur;C.I. Comara;Tit.;90;;;;0;0
2017/18;2018-04-14;25;RCA;Extérieur;M. Nahiri;Tit.;90;;;;0;0
2017/18;2018-04-14;25;RCA;Extérieur;B. Nekkach;Tit.;90;;;;0;0
2017/18;2018-04-14;25;RCA;Extérieur;S. Saidi;Tit.;90;;;;0;0
2017/18;2018-04-14;25;RCA;Extérieur;W. El Karti;Tit.;63;;;;0;0
2017/18;2018-04-14;25;RCA;Extérieur;M. Ounajem;Tit.;83;;;;0;0
2017/18;2018-04-14;25;RCA;Extérieur;A. Quintana;Tit.;90;;1.0;;0;0
2017/18;2018-04-14;25;RCA;Extérieur;I. Haddad;Tit.;90;;;;0;0
2017/18;2018-04-14;25;RCA;Extérieur;A. Tighazoui;Remp.;27;;;;0;0
2017/18;2018-04-14;25;RCA;Extérieur;A. El Hassouni;Remp.;7;;;;0;0
2017/18;2018-04-21;26;KACM;Domicile;Z. Laaroubi;Tit.;90;;1.0;;0;0
2017/18;2018-04-21;26;KACM;Domicile;A. Noussair;Tit.;90;;;;0;0
2017/18;2018-04-21;26;KACM;Domicile;A. Atouchi;Tit.;90;;;;0;0
2017/18;2018-04-21;26;KACM;Domicile;C.I. Comara;Tit.;90;;;;0;0
2017/18;2018-04-21;26;KACM;Domicile;M. Nahiri;Tit.;90;2.0;;;0;0
2017/18;2018-04-21;26;KACM;Domicile;B. Nekkach;Tit.;90;;;;0;0
2017/18;2018-04-21;26;KACM;Domicile;S. Saidi;Tit.;72;;;;0;0
2017/18;2018-04-21;26;KACM;Domicile;W. El Karti;Tit.;85;;;;0;0
2017/18;2018-04-21;26;KACM;Domicile;M. Ounajem;Tit.;90;1.0;;;0;0
2017/18;2018-04-21;26;KACM;Domicile;A. Tighazoui;Tit.;89;1.0;;;0;0
2017/18;2018-04-21;26;KACM;Domicile;I. Haddad;Tit.;90;;;;0;0
2017/18;2018-04-21;26;KACM;Domicile;A. Asbahi;Remp.;18;;;;0;0
2017/18;2018-04-21;26;KACM;Domicile;A. El Hassouni;Remp.;5;;;;0;0
2017/18;2018-04-21;26;KACM;Domicile;J. Ait Ben Idder;Remp.;1;;;;0;0
2017/18;2018-04-25;22;RSB;Domicile;Y. El Kharoubi;Tit.;90;;;;0;0
2017/18;2018-04-25;22;RSB;Domicile;A. Noussair;Tit.;90;1.0;;;0;0
2017/18;2018-04-25;22;RSB;Domicile;A. Atouchi;Tit.;90;1.0;;;0;0
2017/18;2018-04-25;22;RSB;Domicile;C.I. Comara;Tit.;70;;;;0;0
2017/18;2018-04-25;22;RSB;Domicile;M. Nahiri;Tit.;90;;;;0;0
2017/18;2018-04-25;22;RSB;Domicile;B. Nekkach;Tit.;90;;;;0;0
2017/18;2018-04-25;22;RSB;Domicile;S. Saidi;Tit.;90;;;;0;0
2017/18;2018-04-25;22;RSB;Domicile;A. El Hassouni;Tit.;48;;;;0;0
2017/18;2018-04-25;22;RSB;Domicile;M. Ounajem;Tit.;90;;;;0;0
2017/18;2018-04-25;22;RSB;Domicile;A. Tighazoui;Tit.;79;;;;0;0
2017/18;2018-04-25;22;RSB;Domicile;I. Haddad;Tit.;90;;;;0;0
2017/18;2018-04-25;22;RSB;Domicile;A. Asbahi;Remp.;11;;;;0;0
2017/18;2018-04-25;22;RSB;Domicile;A. Quintana;Remp.;42;;;;0;0
2017/18;2018-04-25;22;RSB;Domicile;A. Kaoutari;Remp.;20;;;;0;0
2017/18;2018-04-29;27;IRT;Extérieur;Y. El Kharoubi;Tit.;90;;;;0;0
2017/18;2018-04-29;27;IRT;Extérieur;A. Noussair;Tit.;90;;;;0;0
2017/18;2018-04-29;27;IRT;Extérieur;A. Atouchi;Tit.;90;;;;0;0
2017/18;2018-04-29;27;IRT;Extérieur;A. Kaoutari;Tit.;90;;;;0;0
2017/18;2018-04-29;27;IRT;Extérieur;M. Nahiri;Tit.;90;;;;0;0
2017/18;2018-04-29;27;IRT;Extérieur;B. Nekkach;Tit.;90;;;;0;0
2017/18;2018-04-29;27;IRT;Extérieur;S. Saidi;Tit.;90;;1.0;;0;0
2017/18;2018-04-29;27;IRT;Extérieur;W. El Karti;Tit.;67;;;;0;0
2017/18;2018-04-29;27;IRT;Extérieur;M. Ounajem;Tit.;81;;;;0;0
2017/18;2018-04-29;27;IRT;Extérieur;A. Tighazoui;Tit.;90;;;;0;0
2017/18;2018-04-29;27;IRT;Extérieur;I. Haddad;Tit.;90;;;;0;0
2017/18;2018-04-29;27;IRT;Extérieur;A. Asbahi;Remp.;23;;1.0;;0;0
2017/18;2018-04-29;27;IRT;Extérieur;A. Quintana;Remp.;9;;;;0;0
2017/18;2018-05-09;28;HUSA;Domicile;Y. El Kharoubi;Tit.;90;;;;0;0
2017/18;2018-05-09;28;HUSA;Domicile;A. Noussair;Tit.;88;;;;0;0
2017/18;2018-05-09;28;HUSA;Domicile;A. Dari;Tit.;90;;;;0;0
2017/18;2018-05-09;28;HUSA;Domicile;N. Aarab;Tit.;90;;;;0;0
2017/18;2018-05-09;28;HUSA;Domicile;M. Nahiri;Tit.;90;1.0;1.0;;0;0
2017/18;2018-05-09;28;HUSA;Domicile;B. Nekkach;Tit.;90;;;;0;0
2017/18;2018-05-09;28;HUSA;Domicile;S. Saidi;Tit.;90;;;;0;0
2017/18;2018-05-09;28;HUSA;Domicile;W. El Karti;Tit.;52;;;;0;0
2017/18;2018-05-09;28;HUSA;Domicile;M. Ounajem;Tit.;90;;;;0;0
2017/18;2018-05-09;28;HUSA;Domicile;A. Tighazoui;Tit.;89;;;;0;0
2017/18;2018-05-09;28;HUSA;Domicile;I. Haddad;Tit.;90;;;;0;0
2017/18;2018-05-09;28;HUSA;Domicile;A. El Hassouni;Remp.;1;;;;0;0
2017/18;2018-05-09;28;HUSA;Domicile;A. Quintana;Remp.;38;;;;0;0
2017/18;2018-05-09;28;HUSA;Domicile;B. Gadarine;Remp.;2;;;;0;0
2017/18;2018-05-12;29;OCS;Extérieur;Y. El Kharoubi;Tit.;90;;;;0;0
2017/18;2018-05-12;29;OCS;Extérieur;A. Noussair;Tit.;90;;;;0;0
2017/18;2018-05-12;29;OCS;Extérieur;A. Dari;Tit.;90;;;;0;0
2017/18;2018-05-12;29;OCS;Extérieur;N. Aarab;Tit.;86;;;;0;0
2017/18;2018-05-12;29;OCS;Extérieur;M. Nahiri;Tit.;90;;;;0;0
2017/18;2018-05-12;29;OCS;Extérieur;B. Nekkach;Tit.;90;;1.0;;0;0
2017/18;2018-05-12;29;OCS;Extérieur;S. Saidi;Tit.;90;;1.0;;0;0
2017/18;2018-05-12;29;OCS;Extérieur;W. El Karti;Tit.;67;;;;0;0
2017/18;2018-05-12;29;OCS;Extérieur;M. Ounajem;Tit.;79;;;;0;0
2017/18;2018-05-12;29;OCS;Extérieur;A. Tighazoui;Tit.;90;;;;0;0
2017/18;2018-05-12;29;OCS;Extérieur;I. Haddad;Tit.;90;1.0;;;0;0
2017/18;2018-05-12;29;OCS;Extérieur;A. El Hassouni;Remp.;11;;;;0;0
2017/18;2018-05-12;29;OCS;Extérieur;A. Quintana;Remp.;23;;;;0;0
2017/18;2018-05-12;29;OCS;Extérieur;A. Atouchi;Remp.;4;;;;0;0
2017/18;2018-05-21;30;CAK;Domicile;Z. Laaroubi;Tit.;90;;;;0;0
2017/18;2018-05-21;30;CAK;Domicile;A. Noussair;Tit.;68;;;;0;0
2017/18;2018-05-21;30;CAK;Domicile;A. Dari;Tit.;90;;;;0;0
2017/18;2018-05-21;30;CAK;Domicile;N. Aarab;Tit.;86;;;;0;0
2017/18;2018-05-21;30;CAK;Domicile;M. Nahiri;Tit.;90;1.0;;;0;0
2017/18;2018-05-21;30;CAK;Domicile;A. El Hassouni;Tit.;61;;;;0;0
2017/18;2018-05-21;30;CAK;Domicile;S. Saidi;Tit.;90;;1.0;;0;0
2017/18;2018-05-21;30;CAK;Domicile;W. El Karti;Tit.;67;;;;0;0
2017/18;2018-05-21;30;CAK;Domicile;M. Ounajem;Tit.;79;;;;0;0
2017/18;2018-05-21;30;CAK;Domicile;A. Tighazoui;Tit.;79;2.0;;;0;0
2017/18;2018-05-21;30;CAK;Domicile;I. Haddad;Tit.;90;;;;0;0
2017/18;2018-05-21;30;CAK;Domicile;B. Gadarine;Remp.;22;;;;0;0
2017/18;2018-05-21;30;CAK;Domicile;A. Quintana;Remp.;29;;;;0;0
2017/18;2018-05-21;30;CAK;Domicile;R. Hossni;Remp.;11;;;;0;0
2018/19;2018-09-07;1;OCS;Extérieur;Y. El Kharoubi;Tit.;90;;;;0;0
2018/19;2018-09-07;1;OCS;Extérieur;A. Asbahi;Tit.;52;;;;0;0
2018/19;2018-09-07;1;OCS;Extérieur;A. Noussair;Tit.;90;;1.0;;0;0
2018/19;2018-09-07;1;OCS;Extérieur;M. Nahiri;Tit.;90;;1.0;;0;0
2018/19;2018-09-07;1;OCS;Extérieur;S. Saidi;Tit.;90;;;;0;0
2018/19;2018-09-07;1;OCS;Extérieur;B. Nekkach;Tit.;90;;;;0;0
2018/19;2018-09-07;1;OCS;Extérieur;M. Ouatara;Tit.;90;;1.0;;0;0
2018/19;2018-09-07;1;OCS;Extérieur;A. Tighazoui;Tit.;45;;;;0;0
2018/19;2018-09-07;1;OCS;Extérieur;M. Babtondé;Tit.;90;;;;0;0
2018/19;2018-09-07;1;OCS;Extérieur;Z. El-Moutaraji;Tit.;45;;;;0;0
2018/19;2018-09-07;1;OCS;Extérieur;G. Ouguechiguo;Tit.;90;;;;0;0
2018/19;2018-09-07;1;OCS;Extérieur;M. Ounajem;Remp.;45;;1.0;;0;0
2018/19;2018-09-07;1;OCS;Extérieur;W. El Karti;Remp.;38;;;;0;0
2018/19;2018-09-07;1;OCS;Extérieur;A. El Hassouni;Remp.;45;1.0;;;0;0
2018/19;2018-10-21;5;MCO;Domicile;A. R. Tagnaouti;Tit.;90;;;;0;0
2018/19;2018-10-21;5;MCO;Domicile;A. Noussair;Tit.;90;;;;0;0
2018/19;2018-10-21;5;MCO;Domicile;A. Dari;Tit.;90;;;;0;0
2018/19;2018-10-21;5;MCO;Domicile;C.I. Comara;Tit.;90;;1.0;;0;0
2018/19;2018-10-21;5;MCO;Domicile;B. Gadarine;Tit.;90;;;;0;0
2018/19;2018-10-21;5;MCO;Domicile;B. Nekkach;Tit.;90;;;;0;0
2018/19;2018-10-21;5;MCO;Domicile;S. Saidi;Tit.;90;1.0;;;0;0
2018/19;2018-10-21;5;MCO;Domicile;A. Asbahi;Tit.;45;;;;0;0
2018/19;2018-10-21;5;MCO;Domicile;M. Ounajem;Tit.;90;;;;0;0
2018/19;2018-10-21;5;MCO;Domicile;I. Haddad;Tit.;61;;;;0;0
2018/19;2018-10-21;5;MCO;Domicile;Z. El-Moutaraji;Tit.;75;;;;0;0
2018/19;2018-10-21;5;MCO;Domicile;W. El Karti;Remp.;45;;;;0;0
2018/19;2018-10-21;5;MCO;Domicile;B. Aouk;Remp.;29;;;;0;0
2018/19;2018-10-21;5;MCO;Domicile;A. El Hassouni;Remp.;15;1.0;1.0;;0;0
2018/19;2018-11-11;8;CRA;Extérieur;A. R. Tagnaouti;Tit.;90;;;;0;0
2018/19;2018-11-11;8;CRA;Extérieur;A. El Amloud;Tit.;90;;;;0;0
2018/19;2018-11-11;8;CRA;Extérieur;A. Dari;Tit.;90;;1.0;;0;0
2018/19;2018-11-11;8;CRA;Extérieur;C.I. Comara;Tit.;90;;;;0;0
2018/19;2018-11-11;8;CRA;Extérieur;S. Saidi;Tit.;90;;;;0;0
2018/19;2018-11-11;8;CRA;Extérieur;B. Nekkach;Tit.;90;;1.0;;0;0
2018/19;2018-11-11;8;CRA;Extérieur;B. Gadarine;Tit.;90;;;;0;0
2018/19;2018-11-11;8;CRA;Extérieur;B. Aouk;Tit.;90;;;;0;0
2018/19;2018-11-11;8;CRA;Extérieur;M. Babtondé;Tit.;74;;;;0;0
2018/19;2018-11-11;8;CRA;Extérieur;I. Haddad;Tit.;45;;;;0;0
2018/19;2018-11-11;8;CRA;Extérieur;W. Jibor;Tit.;58;;;;0;0
2018/19;2018-11-11;8;CRA;Extérieur;A. Tighazoui;Remp.;16;;;;0;0
2018/19;2018-11-11;8;CRA;Extérieur;A. El Hassouni;Remp.;32;;;;0;0
2018/19;2018-11-11;8;CRA;Extérieur;Z. El-Moutaraji;Remp.;45;;;;0;0
2018/19;2018-11-22;2;CAYB;Domicile;B. Benachour;Tit.;90;;;;0;0
2018/19;2018-11-22;2;CAYB;Domicile;M. Nahiri;Tit.;90;1.0;;;0;0
2018/19;2018-11-22;2;CAYB;Domicile;N. Aarab;Tit.;90;;;;0;0
2018/19;2018-11-22;2;CAYB;Domicile;C.I. Comara;Tit.;90;;1.0;;0;0
2018/19;2018-11-22;2;CAYB;Domicile;B. Gadarine;Tit.;90;;1.0;;0;0
2018/19;2018-11-22;2;CAYB;Domicile;B. Nekkach;Tit.;90;;;;0;0
2018/19;2018-11-22;2;CAYB;Domicile;S. Saidi;Tit.;90;1.0;1.0;;0;0
2018/19;2018-11-22;2;CAYB;Domicile;B. Aouk;Tit.;84;1.0;1.0;;0;0
2018/19;2018-11-22;2;CAYB;Domicile;M. Babtondé;Tit.;76;;;;0;0
2018/19;2018-11-22;2;CAYB;Domicile;M. Ounajem;Tit.;65;;;;0;0
2018/19;2018-11-22;2;CAYB;Domicile;W. Jibor;Tit.;90;;;;0;0
2018/19;2018-11-22;2;CAYB;Domicile;I. Haddad;Remp.;25;;;;0;0
2018/19;2018-11-22;2;CAYB;Domicile;A. Tighazoui;Remp.;14;;;;0;0
2018/19;2018-11-22;2;CAYB;Domicile;Z. El-Moutaraji;Remp.;6;;;;0;0
2018/19;2018-11-26;3;FUS;Domicile;A. R. Tagnaouti;Tit.;90;;;;0;0
2018/19;2018-11-26;3;FUS;Domicile;A. Noussair;Tit.;62;;;;0;0
2018/19;2018-11-26;3;FUS;Domicile;A. Dari;Tit.;36;;;;0;0
2018/19;2018-11-26;3;FUS;Domicile;C.I. Comara;Tit.;90;;;;0;0
2018/19;2018-11-26;3;FUS;Domicile;M. Nahiri;Tit.;90;;;;0;0
2018/19;2018-11-26;3;FUS;Domicile;B. Nekkach;Tit.;90;;1.0;;0;0
2018/19;2018-11-26;3;FUS;Domicile;B. Aouk;Tit.;90;;;;0;0
2018/19;2018-11-26;3;FUS;Domicile;M. Babtondé;Tit.;79;1.0;;;0;0
2018/19;2018-11-26;3;FUS;Domicile;W. El Karti;Tit.;90;;;;0;0
2018/19;2018-11-26;3;FUS;Domicile;W. Jibor;Tit.;90;1.0;;;0;0
2018/19;2018-11-26;3;FUS;Domicile;M. Ounajem;Tit.;90;1.0;;;0;0
2018/19;2018-11-26;3;FUS;Domicile;A. Tighazoui;Remp.;11;;;;0;0
2018/19;2018-11-26;3;FUS;Domicile;B. Gadarine;Remp.;54;;;;0;0
2018/19;2018-11-26;3;FUS;Domicile;M. Ouatara;Remp.;28;;;;0;0
2018/19;2018-11-29;4;RCOZ;Extérieur;A. R. Tagnaouti;Tit.;90;;;;0;0
2018/19;2018-11-29;4;RCOZ;Extérieur;A. El Amloud;Tit.;90;;1.0;;0;0
2018/19;2018-11-29;4;RCOZ;Extérieur;M. Ouatara;Tit.;90;;;;0;0
2018/19;2018-11-29;4;RCOZ;Extérieur;C.I. Comara;Tit.;90;;1.0;;0;0
2018/19;2018-11-29;4;RCOZ;Extérieur;B. Gadarine;Tit.;90;;;;0;0
2018/19;2018-11-29;4;RCOZ;Extérieur;W. El Karti;Tit.;90;;;;0;0
2018/19;2018-11-29;4;RCOZ;Extérieur;B. Nekkach;Tit.;90;;1.0;;0;0
2018/19;2018-11-29;4;RCOZ;Extérieur;B. Aouk;Tit.;81;;;;0;0
2018/19;2018-11-29;4;RCOZ;Extérieur;M. Babtondé;Tit.;73;;;;0;0
2018/19;2018-11-29;4;RCOZ;Extérieur;M. Ounajem;Tit.;66;;;;0;0
2018/19;2018-11-29;4;RCOZ;Extérieur;W. Jibor;Tit.;90;;;;0;0
2018/19;2018-11-29;4;RCOZ;Extérieur;Z. El-Moutaraji;Remp.;24;;;;0;0
2018/19;2018-11-29;4;RCOZ;Extérieur;A. Tighazoui;Remp.;9;;;;0;0
2018/19;2018-11-29;4;RCOZ;Extérieur;A. Asbahi;Remp.;17;;;;0;0
2018/19;2018-12-02;6;MAT;Extérieur;A. R. Tagnaouti;Tit.;90;;;;0;0
2018/19;2018-12-02;6;MAT;Extérieur;A. El Amloud;Tit.;90;;;;0;0
2018/19;2018-12-02;6;MAT;Extérieur;A. Dari;Tit.;90;1.0;;;0;0
2018/19;2018-12-02;6;MAT;Extérieur;C.I. Comara;Tit.;90;;;;0;0
2018/19;2018-12-02;6;MAT;Extérieur;B. Gadarine;Tit.;90;;;;0;0
2018/19;2018-12-02;6;MAT;Extérieur;A. Asbahi;Tit.;55;;;;0;0
2018/19;2018-12-02;6;MAT;Extérieur;B. Nekkach;Tit.;90;;;;0;0
2018/19;2018-12-02;6;MAT;Extérieur;A. Tighazoui;Tit.;90;;;;0;0
2018/19;2018-12-02;6;MAT;Extérieur;W. El Karti;Tit.;90;;;;0;0
2018/19;2018-12-02;6;MAT;Extérieur;Z. El-Moutaraji;Tit.;45;;;;0;0
2018/19;2018-12-02;6;MAT;Extérieur;A. El Hassouni;Tit.;72;;;;0;0
2018/19;2018-12-02;6;MAT;Extérieur;M. Ounajem;Remp.;45;;;;0;0
2018/19;2018-12-02;6;MAT;Extérieur;B. Aouk;Remp.;35;;;;0;0
2018/19;2018-12-02;6;MAT;Extérieur;W. Jibor;Remp.;18;;;;0;0
2018/19;2018-12-05;7;DHJ;Domicile;A. R. Tagnaouti;Tit.;90;;;;0;0
2018/19;2018-12-05;7;DHJ;Domicile;M. Nahiri;Tit.;90;;;;0;0
2018/19;2018-12-05;7;DHJ;Domicile;A. Dari;Tit.;90;;;;0;0
2018/19;2018-12-05;7;DHJ;Domicile;C.I. Comara;Tit.;90;;;;0;0
2018/19;2018-12-05;7;DHJ;Domicile;B. Gadarine;Tit.;76;;;;0;0
2018/19;2018-12-05;7;DHJ;Domicile;W. El Karti;Tit.;90;;;;0;0
2018/19;2018-12-05;7;DHJ;Domicile;B. Nekkach;Tit.;90;;1.0;;0;0
2018/19;2018-12-05;7;DHJ;Domicile;A. Tighazoui;Tit.;74;;;;0;0
2018/19;2018-12-05;7;DHJ;Domicile;A. El Hassouni;Tit.;58;;;;0;0
2018/19;2018-12-05;7;DHJ;Domicile;M. Ounajem;Tit.;90;2.0;;;0;0
2018/19;2018-12-05;7;DHJ;Domicile;W. Jibor;Tit.;90;1.0;;;0;0
2018/19;2018-12-05;7;DHJ;Domicile;A. El Amloud;Remp.;14;;;;0;0
2018/19;2018-12-05;7;DHJ;Domicile;S. Saidi;Remp.;32;;;;0;0
2018/19;2018-12-05;7;DHJ;Domicile;B. Aouk;Remp.;16;;;;0;0
2018/19;2018-12-09;11;FAR;Domicile;A. R. Tagnaouti;Tit.;90;;;;0;0
2018/19;2018-12-09;11;FAR;Domicile;M. Nahiri;Tit.;90;;;;0;0
2018/19;2018-12-09;11;FAR;Domicile;A. Dari;Tit.;90;;;;0;0
2018/19;2018-12-09;11;FAR;Domicile;C.I. Comara;Tit.;90;;;;0;0
2018/19;2018-12-09;11;FAR;Domicile;B. Gadarine;Tit.;90;;;;0;0
2018/19;2018-12-09;11;FAR;Domicile;S. Saidi;Tit.;90;;;;0;0
2018/19;2018-12-09;11;FAR;Domicile;W. El Karti;Tit.;90;1.0;;;0;0
2018/19;2018-12-09;11;FAR;Domicile;M. Ounajem;Tit.;90;;;;0;0
2018/19;2018-12-09;11;FAR;Domicile;A. Tighazoui;Tit.;64;;;;0;0
2018/19;2018-12-09;11;FAR;Domicile;A. Asbahi;Tit.;56;;;;0;0
2018/19;2018-12-09;11;FAR;Domicile;W. Jibor;Tit.;89;;1.0;;0;0
2018/19;2018-12-09;11;FAR;Domicile;M. Ouatara;Remp.;1;;;;0;0
2018/19;2018-12-09;11;FAR;Domicile;M. Babtondé;Remp.;34;;1.0;;0;0
2018/19;2018-12-09;11;FAR;Domicile;I. Haddad;Remp.;26;;;;0;0
2018/19;2018-12-19;12;OCK;Extérieur;A. R. Tagnaouti;Tit.;90;;;;0;0
2018/19;2018-12-19;12;OCK;Extérieur;M. Nahiri;Tit.;90;1.0;;;0;0
2018/19;2018-12-19;12;OCK;Extérieur;A. Dari;Tit.;90;;;;0;0
2018/19;2018-12-19;12;OCK;Extérieur;C.I. Comara;Tit.;90;;;;0;0
2018/19;2018-12-19;12;OCK;Extérieur;A. Noussair;Tit.;90;;;;0;0
2018/19;2018-12-19;12;OCK;Extérieur;S. Saidi;Tit.;90;;;;0;0
2018/19;2018-12-19;12;OCK;Extérieur;B. Nekkach;Tit.;90;;1.0;;0;0
2018/19;2018-12-19;12;OCK;Extérieur;M. Ounajem;Tit.;90;;;;0;0
2018/19;2018-12-19;12;OCK;Extérieur;A. Tighazoui;Tit.;73;;;;0;0
2018/19;2018-12-19;12;OCK;Extérieur;B. Aouk;Tit.;61;;;;0;0
2018/19;2018-12-19;12;OCK;Extérieur;W. Jibor;Tit.;50;;;;0;0
2018/19;2018-12-19;12;OCK;Extérieur;A. El Hassouni;Remp.;17;;;;0;0
2018/19;2018-12-19;12;OCK;Extérieur;I. Haddad;Remp.;29;;;;0;0
2018/19;2018-12-19;12;OCK;Extérieur;M. Babtondé;Remp.;40;;;;0;0
2018/19;2018-12-26;9;HUSA;Domicile;A. R. Tagnaouti;Tit.;90;;;;0;0
2018/19;2018-12-26;9;HUSA;Domicile;M. Nahiri;Tit.;90;;;;0;0
2018/19;2018-12-26;9;HUSA;Domicile;A. Dari;Tit.;90;;;;0;0
2018/19;2018-12-26;9;HUSA;Domicile;C.I. Comara;Tit.;90;;;;0;0
2018/19;2018-12-26;9;HUSA;Domicile;A. Noussair;Tit.;90;;;;0;0
2018/19;2018-12-26;9;HUSA;Domicile;S. Saidi;Tit.;90;;1.0;;0;0
2018/19;2018-12-26;9;HUSA;Domicile;B. Nekkach;Tit.;90;;;;0;0
2018/19;2018-12-26;9;HUSA;Domicile;M. Ounajem;Tit.;89;;;;0;0
2018/19;2018-12-26;9;HUSA;Domicile;A. Tighazoui;Tit.;77;1.0;;;0;0
2018/19;2018-12-26;9;HUSA;Domicile;W. El Karti;Tit.;90;;;;0;0
2018/19;2018-12-26;9;HUSA;Domicile;M. Babtondé;Tit.;69;1.0;;;0;0
2018/19;2018-12-26;9;HUSA;Domicile;I. Haddad;Remp.;13;;;;0;0
2018/19;2018-12-26;9;HUSA;Domicile;W. Jibor;Remp.;21;;1.0;;0;0
2018/19;2018-12-26;9;HUSA;Domicile;B. Gadarine;Remp.;1;;1.0;;0;0
2018/19;2019-01-02;13;RSB;Domicile;A. R. Tagnaouti;Tit.;90;;;;0;0
2018/19;2019-01-02;13;RSB;Domicile;M. Nahiri;Tit.;90;;;;0;0
2018/19;2019-01-02;13;RSB;Domicile;A. Dari;Tit.;90;;;;0;0
2018/19;2019-01-02;13;RSB;Domicile;A. Noussair;Tit.;90;;1.0;;0;0
2018/19;2019-01-02;13;RSB;Domicile;N. Aarab;Tit.;90;;;;0;0
2018/19;2019-01-02;13;RSB;Domicile;S. Saidi;Tit.;90;;;;0;0
2018/19;2019-01-02;13;RSB;Domicile;B. Nekkach;Tit.;90;;;;0;0
2018/19;2019-01-02;13;RSB;Domicile;M. Ounajem;Tit.;90;;;;0;0
2018/19;2019-01-02;13;RSB;Domicile;A. Tighazoui;Tit.;79;;;;0;0
2018/19;2019-01-02;13;RSB;Domicile;W. El Karti;Tit.;57;;;;0;0
2018/19;2019-01-02;13;RSB;Domicile;W. Jibor;Tit.;90;;;;0;0
2018/19;2019-01-02;13;RSB;Domicile;A. El Hassouni;Remp.;33;;;;0;0
2018/19;2019-01-02;13;RSB;Domicile;M. Babtondé;Remp.;11;;;;0;0
2018/19;2019-01-06;10;RCA;Extérieur;A. R. Tagnaouti;Tit.;90;;;;0;0
2018/19;2019-01-06;10;RCA;Extérieur;M. Nahiri;Tit.;90;;1.0;1.0;0;0
2018/19;2019-01-06;10;RCA;Extérieur;A. Dari;Tit.;90;;;;0;0
2018/19;2019-01-06;10;RCA;Extérieur;C.I. Comara;Tit.;90;;;;0;0
2018/19;2019-01-06;10;RCA;Extérieur;A. Noussair;Tit.;90;;;;0;0
2018/19;2019-01-06;10;RCA;Extérieur;S. Saidi;Tit.;90;;1.0;;0;0
2018/19;2019-01-06;10;RCA;Extérieur;B. Nekkach;Tit.;90;;;;0;0
2018/19;2019-01-06;10;RCA;Extérieur;M. Ounajem;Tit.;90;;;;0;0
2018/19;2019-01-06;10;RCA;Extérieur;A. Tighazoui;Tit.;53;;;;0;0
2018/19;2019-01-06;10;RCA;Extérieur;W. El Karti;Tit.;87;;;;0;0
2018/19;2019-01-06;10;RCA;Extérieur;W. Jibor;Tit.;73;;;;0;0
2018/19;2019-01-06;10;RCA;Extérieur;Z. El-Moutaraji;Remp.;17;;;;0;0
2018/19;2019-01-06;10;RCA;Extérieur;A. El Hassouni;Remp.;3;;1.0;;0;0
2018/19;2019-01-06;10;RCA;Extérieur;I. Haddad;Remp.;37;1.0;;;0;0
2018/19;2019-01-24;14;IRT;Extérieur;A. R. Tagnaouti;Tit.;90;;1.0;;0;0
2018/19;2019-01-24;14;IRT;Extérieur;Y. Jabrane;Tit.;90;;;;0;0
2018/19;2019-01-24;14;IRT;Extérieur;A. Dari;Tit.;90;;;;0;0
2018/19;2019-01-24;14;IRT;Extérieur;B. Gadarine;Tit.;90;;;;0;0
2018/19;2019-01-24;14;IRT;Extérieur;A. Noussair;Tit.;90;;;;0;0
2018/19;2019-01-24;14;IRT;Extérieur;B. Nekkach;Tit.;90;;;;0;0
2018/19;2019-01-24;14;IRT;Extérieur;A. El Hassouni;Tit.;67;;;;0;0
2018/19;2019-01-24;14;IRT;Extérieur;A. Tighazoui;Tit.;81;;;;0;0
2018/19;2019-01-24;14;IRT;Extérieur;W. El Karti;Tit.;90;;1.0;;0;0
2018/19;2019-01-24;14;IRT;Extérieur;I. Haddad;Tit.;90;;;;0;0
2018/19;2019-01-24;14;IRT;Extérieur;M. Babtondé;Tit.;66;;;;0;0
2018/19;2019-01-24;14;IRT;Extérieur;M. Ounajem;Remp.;23;;1.0;;0;0
2018/19;2019-01-24;14;IRT;Extérieur;W. Jibor;Remp.;24;;;;0;0
2018/19;2019-01-24;14;IRT;Extérieur;H. El Wasti;Remp.;9;;;;0;0
2018/19;2019-01-27;15;KACM;Domicile;A. R. Tagnaouti;Tit.;90;;;;0;0
2018/19;2019-01-27;15;KACM;Domicile;Y. Jabrane;Tit.;90;1.0;;;0;0
2018/19;2019-01-27;15;KACM;Domicile;A. Dari;Tit.;90;1.0;;;0;0
2018/19;2019-01-27;15;KACM;Domicile;B. Gadarine;Tit.;90;;;;0;0
2018/19;2019-01-27;15;KACM;Domicile;A. Noussair;Tit.;90;;;;0;0
2018/19;2019-01-27;15;KACM;Domicile;B. Nekkach;Tit.;90;;1.0;;0;0
2018/19;2019-01-27;15;KACM;Domicile;S. Saidi;Tit.;45;;;;0;0
2018/19;2019-01-27;15;KACM;Domicile;M. Ounajem;Tit.;90;1.0;;;0;0
2018/19;2019-01-27;15;KACM;Domicile;W. El Karti;Tit.;90;;;;0;0
2018/19;2019-01-27;15;KACM;Domicile;I. Haddad;Tit.;88;;;;0;0
2018/19;2019-01-27;15;KACM;Domicile;Z. El-Moutaraji;Tit.;62;;;;0;0
2018/19;2019-01-27;15;KACM;Domicile;M. Babtondé;Remp.;28;;;;0;0
2018/19;2019-01-27;15;KACM;Domicile;B. Aouk;Remp.;2;;;;0;0
2018/19;2019-01-27;15;KACM;Domicile;A. El Hassouni;Remp.;45;;;;0;0
2018/19;2019-02-07;16;OCS;Domicile;A. R. Tagnaouti;Tit.;90;;1.0;;0;0
2018/19;2019-02-07;16;OCS;Domicile;M. Nahiri;Tit.;90;;;;0;0
2018/19;2019-02-07;16;OCS;Domicile;A. Dari;Tit.;90;;;;0;0
2018/19;2019-02-07;16;OCS;Domicile;B. Gadarine;Tit.;66;;;;0;0
2018/19;2019-02-07;16;OCS;Domicile;A. Noussair;Tit.;90;;;;0;0
2018/19;2019-02-07;16;OCS;Domicile;B. Nekkach;Tit.;90;;1.0;1.0;0;0
2018/19;2019-02-07;16;OCS;Domicile;A. Tighazoui;Tit.;73;;;;0;0
2018/19;2019-02-07;16;OCS;Domicile;M. Ounajem;Tit.;90;;;;0;0
2018/19;2019-02-07;16;OCS;Domicile;W. El Karti;Tit.;90;;1.0;;0;0
2018/19;2019-02-07;16;OCS;Domicile;I. Haddad;Tit.;89;;;;0;0
2018/19;2019-02-07;16;OCS;Domicile;A. El Hassouni;Tit.;90;1.0;1.0;;0;0
2018/19;2019-02-07;16;OCS;Domicile;M. Babtondé;Remp.;17;;1.0;;0;0
2018/19;2019-02-07;16;OCS;Domicile;Y. Jabrane;Remp.;24;;;;0;0
2018/19;2019-02-07;16;OCS;Domicile;A. El Amloud;Remp.;1;;;;0;0
2018/19;2019-02-17;18;FUS;Extérieur;A. R. Tagnaouti;Tit.;90;;;;0;0
2018/19;2019-02-17;18;FUS;Extérieur;C.I. Comara;Tit.;90;;;;0;0
2018/19;2019-02-17;18;FUS;Extérieur;A. Dari;Tit.;90;;;;0;0
2018/19;2019-02-17;18;FUS;Extérieur;B. Gadarine;Tit.;90;;;;0;0
2018/19;2019-02-17;18;FUS;Extérieur;A. Noussair;Tit.;90;;;;0;0
2018/19;2019-02-17;18;FUS;Extérieur;Y. Jabrane;Tit.;90;1.0;;;0;0
2018/19;2019-02-17;18;FUS;Extérieur;A. Tighazoui;Tit.;50;;;;0;0
2018/19;2019-02-17;18;FUS;Extérieur;A. El Hassouni;Tit.;89;;1.0;;0;0
2018/19;2019-02-17;18;FUS;Extérieur;W. El Karti;Tit.;90;;;;0;0
2018/19;2019-02-17;18;FUS;Extérieur;I. Haddad;Tit.;90;;;;0;0
2018/19;2019-02-17;18;FUS;Extérieur;B. Aouk;Tit.;70;;;;0;0
2018/19;2019-02-17;18;FUS;Extérieur;G. Ouguechiguo;Remp.;40;;;;0;0
2018/19;2019-02-17;18;FUS;Extérieur;M. Ounajem;Remp.;20;;;;0;0
2018/19;2019-02-17;18;FUS;Extérieur;A. El Amloud;Remp.;1;;;;0;0
2018/19;2019-02-20;17;CAYB;Extérieur;A. R. Tagnaouti;Tit.;90;;;;0;0
2018/19;2019-02-20;17;CAYB;Extérieur;C.I. Comara;Tit.;90;1.0;;;0;0
2018/19;2019-02-20;17;CAYB;Extérieur;A. Dari;Tit.;90;;;;0;0
2018/19;2019-02-20;17;CAYB;Extérieur;M. Nahiri;Tit.;90;1.0;;;0;0
2018/19;2019-02-20;17;CAYB;Extérieur;A. Noussair;Tit.;90;;;;0;0
2018/19;2019-02-20;17;CAYB;Extérieur;Y. Jabrane;Tit.;90;;;;0;0
2018/19;2019-02-20;17;CAYB;Extérieur;B. Nekkach;Tit.;86;;1.0;;0;0
2018/19;2019-02-20;17;CAYB;Extérieur;M. Ounajem;Tit.;81;;1.0;;0;0
2018/19;2019-02-20;17;CAYB;Extérieur;W. Jibor;Tit.;45;;;;0;0
2018/19;2019-02-20;17;CAYB;Extérieur;W. El Karti;Tit.;90;;;;0;0
2018/19;2019-02-20;17;CAYB;Extérieur;I. Haddad;Tit.;90;;;;0;0
2018/19;2019-02-20;17;CAYB;Extérieur;G. Ouguechiguo;Remp.;45;;;;0;0
2018/19;2019-02-20;17;CAYB;Extérieur;B. Aouk;Remp.;9;;;;0;0
2018/19;2019-02-20;17;CAYB;Extérieur;A. El Amloud;Remp.;4;;;;0;0
2018/19;2019-02-24;19;RCOZ;Domicile;A. R. Tagnaouti;Tit.;90;;;;0;0
2018/19;2019-02-24;19;RCOZ;Domicile;C.I. Comara;Tit.;90;;;;0;0
2018/19;2019-02-24;19;RCOZ;Domicile;A. Dari;Tit.;90;;;;0;0
2018/19;2019-02-24;19;RCOZ;Domicile;M. Nahiri;Tit.;89;1.0;1.0;;0;0
2018/19;2019-02-24;19;RCOZ;Domicile;A. Noussair;Tit.;90;1.0;;;0;0
2018/19;2019-02-24;19;RCOZ;Domicile;Y. Jabrane;Tit.;90;;1.0;;0;0
2018/19;2019-02-24;19;RCOZ;Domicile;M. Ounajem;Tit.;90;;;;0;0
2018/19;2019-02-24;19;RCOZ;Domicile;W. El Karti;Tit.;90;;;;0;0
2018/19;2019-02-24;19;RCOZ;Domicile;A. El Hassouni;Tit.;90;1.0;;;0;0
2018/19;2019-02-24;19;RCOZ;Domicile;G. Ouguechiguo;Tit.;11;;;;0;0
2018/19;2019-02-24;19;RCOZ;Domicile;B. Aouk;Tit.;45;;;;0;0
2018/19;2019-02-24;19;RCOZ;Domicile;I. Haddad;Remp.;1;;;;0;0
2018/19;2019-02-24;19;RCOZ;Domicile;M. Babtondé;Remp.;79;;;;0;0
2018/19;2019-02-24;19;RCOZ;Domicile;A. El Amloud;Remp.;45;;;;0;0
2018/19;2019-02-28;20;MCO;Extérieur;A. R. Tagnaouti;Tit.;90;;;;0;0
2018/19;2019-02-28;20;MCO;Extérieur;A. Dari;Tit.;90;;;;0;0
2018/19;2019-02-28;20;MCO;Extérieur;A. Noussair;Tit.;90;;;;0;0
2018/19;2019-02-28;20;MCO;Extérieur;C.I. Comara;Tit.;90;;;;0;0
2018/19;2019-02-28;20;MCO;Extérieur;B. Gadarine;Tit.;90;1.0;;;0;0
2018/19;2019-02-28;20;MCO;Extérieur;A. El Hassouni;Tit.;89;;;;0;0
2018/19;2019-02-28;20;MCO;Extérieur;Y. Jabrane;Tit.;90;;;;0;0
2018/19;2019-02-28;20;MCO;Extérieur;Z. El-Moutaraji;Tit.;70;1.0;;;0;0
2018/19;2019-02-28;20;MCO;Extérieur;W. El Karti;Tit.;90;1.0;;;0;0
2018/19;2019-02-28;20;MCO;Extérieur;M. Ounajem;Tit.;90;;;;0;0
2018/19;2019-02-28;20;MCO;Extérieur;M. Babtondé;Tit.;70;;1.0;;0;0
2018/19;2019-02-28;20;MCO;Extérieur;B. Nekkach;Remp.;1;;;;0;0
2018/19;2019-02-28;20;MCO;Extérieur;S. Saidi;Remp.;20;;;;0;0
2018/19;2019-02-28;20;MCO;Extérieur;I. Haddad;Remp.;20;;;;0;0
2018/19;2019-03-04;21;MAT;Domicile;A. R. Tagnaouti;Tit.;90;;;;0;0
2018/19;2019-03-04;21;MAT;Domicile;A. Noussair;Tit.;90;;;;0;0
2018/19;2019-03-04;21;MAT;Domicile;Y. Jabrane;Tit.;90;;;;0;0
2018/19;2019-03-04;21;MAT;Domicile;C.I. Comara;Tit.;90;;;;0;0
2018/19;2019-03-04;21;MAT;Domicile;M. Nahiri;Tit.;90;;;;0;0
2018/19;2019-03-04;21;MAT;Domicile;A. El Hassouni;Tit.;87;1.0;;;0;0
2018/19;2019-03-04;21;MAT;Domicile;A. Dari;Tit.;90;;;;0;0
2018/19;2019-03-04;21;MAT;Domicile;I. Haddad;Tit.;90;1.0;1.0;;0;0
2018/19;2019-03-04;21;MAT;Domicile;W. El Karti;Tit.;90;;;;0;0
2018/19;2019-03-04;21;MAT;Domicile;M. Ounajem;Tit.;89;;;;0;0
2018/19;2019-03-04;21;MAT;Domicile;M. Babtondé;Tit.;67;;;;0;0
2018/19;2019-03-04;21;MAT;Domicile;A. El Amloud;Remp.;1;;;;0;0
2018/19;2019-03-04;21;MAT;Domicile;S. Saidi;Remp.;23;;;;0;0
2018/19;2019-03-04;21;MAT;Domicile;A. Tighazoui;Remp.;3;;;;0;0
2018/19;2019-03-28;22;DHJ;Extérieur;A. R. Tagnaouti;Tit.;90;;;;0;0
2018/19;2019-03-28;22;DHJ;Extérieur;A. Noussair;Tit.;90;;;;0;0
2018/19;2019-03-28;22;DHJ;Extérieur;A. Dari;Tit.;90;;;;0;0
2018/19;2019-03-28;22;DHJ;Extérieur;C.I. Comara;Tit.;90;;;;0;0
2018/19;2019-03-28;22;DHJ;Extérieur;M. Nahiri;Tit.;90;;;;0;0
2018/19;2019-03-28;22;DHJ;Extérieur;B. Nekkach;Tit.;73;;1.0;;0;0
2018/19;2019-03-28;22;DHJ;Extérieur;S. Saidi;Tit.;90;;;;0;0
2018/19;2019-03-28;22;DHJ;Extérieur;W. El Karti;Tit.;90;;;;0;0
2018/19;2019-03-28;22;DHJ;Extérieur;I. Haddad;Tit.;90;;;;0;0
2018/19;2019-03-28;22;DHJ;Extérieur;M. Ounajem;Tit.;86;;;;0;0
2018/19;2019-03-28;22;DHJ;Extérieur;M. Babtondé;Tit.;73;1.0;;;0;0
2018/19;2019-03-28;22;DHJ;Extérieur;Y. Jabrane;Remp.;17;;;;0;0
2018/19;2019-03-28;22;DHJ;Extérieur;A. El Hassouni;Remp.;17;;;;0;0
2018/19;2019-03-28;22;DHJ;Extérieur;Z. El-Moutaraji;Remp.;4;;;;0;0
2018/19;2019-04-04;23;CRA;Domicile;A. R. Tagnaouti;Tit.;90;;;;0;0
2018/19;2019-04-04;23;CRA;Domicile;A. Noussair;Tit.;90;;;;0;0
2018/19;2019-04-04;23;CRA;Domicile;C.I. Comara;Tit.;90;;1.0;;0;0
2018/19;2019-04-04;23;CRA;Domicile;A. Dari;Tit.;90;;;;0;0
2018/19;2019-04-04;23;CRA;Domicile;M. Nahiri;Tit.;90;1.0;;;0;0
2018/19;2019-04-04;23;CRA;Domicile;Y. Jabrane;Tit.;90;;;;0;0
2018/19;2019-04-04;23;CRA;Domicile;S. Saidi;Tit.;90;;1.0;;0;0
2018/19;2019-04-04;23;CRA;Domicile;W. El Karti;Tit.;90;1.0;;;0;0
2018/19;2019-04-04;23;CRA;Domicile;I. Haddad;Tit.;68;;;;0;0
2018/19;2019-04-04;23;CRA;Domicile;M. Ounajem;Tit.;75;1.0;;;0;0
2018/19;2019-04-04;23;CRA;Domicile;M. Babtondé;Tit.;63;2.0;;;0;0
2018/19;2019-04-04;23;CRA;Domicile;W. Jibor;Remp.;27;;;;0;0
2018/19;2019-04-04;23;CRA;Domicile;Z. El-Moutaraji;Remp.;22;1.0;;;0;0
2018/19;2019-04-04;23;CRA;Domicile;A. Tighazoui;Remp.;15;;;;0;0
2018/19;2019-04-18;24;HUSA;Extérieur;A. R. Tagnaouti;Tit.;90;;;;0;0
2018/19;2019-04-18;24;HUSA;Extérieur;A. Noussair;Tit.;90;;;;0;0
2018/19;2019-04-18;24;HUSA;Extérieur;Y. Jabrane;Tit.;90;;;;0;0
2018/19;2019-04-18;24;HUSA;Extérieur;A. Dari;Tit.;90;;;;0;0
2018/19;2019-04-18;24;HUSA;Extérieur;M. Nahiri;Tit.;90;;1.0;;0;0
2018/19;2019-04-18;24;HUSA;Extérieur;A. Tighazoui;Tit.;45;;;;0;0
2018/19;2019-04-18;24;HUSA;Extérieur;S. Saidi;Tit.;90;;;;0;0
2018/19;2019-04-18;24;HUSA;Extérieur;A. El Hassouni;Tit.;79;;;;0;0
2018/19;2019-04-18;24;HUSA;Extérieur;W. El Karti;Tit.;90;;;;0;0
2018/19;2019-04-18;24;HUSA;Extérieur;M. Ounajem;Tit.;64;;;;0;0
2018/19;2019-04-18;24;HUSA;Extérieur;Z. El-Moutaraji;Tit.;90;;;;0;0
2018/19;2019-04-18;24;HUSA;Extérieur;A. Asbahi;Remp.;11;;;;0;0
2018/19;2019-04-18;24;HUSA;Extérieur;B. Aouk;Remp.;26;;;;0;0
2018/19;2019-04-18;24;HUSA;Extérieur;M. Babtondé;Remp.;45;1.0;;;0;0
2018/19;2019-04-22;25;RCA;Domicile;A. R. Tagnaouti;Tit.;90;;;;0;0
2018/19;2019-04-22;25;RCA;Domicile;M. Nahiri;Tit.;90;;;;0;0
2018/19;2019-04-22;25;RCA;Domicile;A. Dari;Tit.;90;;;;0;0
2018/19;2019-04-22;25;RCA;Domicile;C.I. Comara;Tit.;90;;;;0;0
2018/19;2019-04-22;25;RCA;Domicile;A. Noussair;Tit.;90;;1.0;;0;0
2018/19;2019-04-22;25;RCA;Domicile;S. Saidi;Tit.;90;1.0;1.0;;0;0
2018/19;2019-04-22;25;RCA;Domicile;Y. Jabrane;Tit.;87;;1.0;;0;0
2018/19;2019-04-22;25;RCA;Domicile;B. Aouk;Tit.;66;;;;0;0
2018/19;2019-04-22;25;RCA;Domicile;W. El Karti;Tit.;90;1.0;;;0;0
2018/19;2019-04-22;25;RCA;Domicile;Z. El-Moutaraji;Tit.;90;;;;0;0
2018/19;2019-04-22;25;RCA;Domicile;M. Babtondé;Tit.;59;;1.0;;0;0
2018/19;2019-04-22;25;RCA;Domicile;A. Asbahi;Remp.;24;;;;0;0
2018/19;2019-04-22;25;RCA;Domicile;A. El Hassouni;Remp.;3;;;;0;0
2018/19;2019-04-22;25;RCA;Domicile;I. Haddad;Remp.;31;;;;0;0
2018/19;2019-05-10;26;FAR;Extérieur;A. R. Tagnaouti;Tit.;90;;1.0;;0;0
2018/19;2019-05-10;26;FAR;Extérieur;C.I. Comara;Tit.;90;;;;0;0
2018/19;2019-05-10;26;FAR;Extérieur;A. Dari;Tit.;90;;;;0;0
2018/19;2019-05-10;26;FAR;Extérieur;M. Nahiri;Tit.;90;;;;0;0
2018/19;2019-05-10;26;FAR;Extérieur;A. Noussair;Tit.;90;;;;0;0
2018/19;2019-05-10;26;FAR;Extérieur;S. Saidi;Tit.;90;;;;0;0
2018/19;2019-05-10;26;FAR;Extérieur;W. El Karti;Tit.;69;;;;0;0
2018/19;2019-05-10;26;FAR;Extérieur;B. Nekkach;Tit.;90;;1.0;;0;0
2018/19;2019-05-10;26;FAR;Extérieur;I. Haddad;Tit.;90;;1.0;;0;0
2018/19;2019-05-10;26;FAR;Extérieur;B. Aouk;Tit.;83;;1.0;;0;0
2018/19;2019-05-10;26;FAR;Extérieur;W. Jibor;Tit.;73;1.0;;;0;0
2018/19;2019-05-10;26;FAR;Extérieur;Y. Jabrane;Remp.;21;;1.0;;0;0
2018/19;2019-05-10;26;FAR;Extérieur;A. El Hassouni;Remp.;7;;;;0;0
2018/19;2019-05-10;26;FAR;Extérieur;Z. El-Moutaraji;Remp.;17;;;;0;0
2018/19;2019-05-14;28;RSB;Extérieur;A. R. Tagnaouti;Tit.;90;;;;0;0
2018/19;2019-05-14;28;RSB;Extérieur;A. Noussair;Tit.;90;;;;0;0
2018/19;2019-05-14;28;RSB;Extérieur;C.I. Comara;Tit.;90;;;;0;0
2018/19;2019-05-14;28;RSB;Extérieur;A. Dari;Tit.;90;1.0;;;0;0
2018/19;2019-05-14;28;RSB;Extérieur;M. Nahiri;Tit.;90;;;;0;0
2018/19;2019-05-14;28;RSB;Extérieur;S. Saidi;Tit.;90;;;;0;0
2018/19;2019-05-14;28;RSB;Extérieur;B. Nekkach;Tit.;74;;;;0;0
2018/19;2019-05-14;28;RSB;Extérieur;B. Aouk;Tit.;70;;;;0;0
2018/19;2019-05-14;28;RSB;Extérieur;W. El Karti;Tit.;90;1.0;;;0;0
2018/19;2019-05-14;28;RSB;Extérieur;I. Haddad;Tit.;90;;1.0;;0;0
2018/19;2019-05-14;28;RSB;Extérieur;M. Babtondé;Tit.;82;;;;0;0
2018/19;2019-05-14;28;RSB;Extérieur;Y. Jabrane;Remp.;16;;;;0;0
2018/19;2019-05-14;28;RSB;Extérieur;A. El Hassouni;Remp.;20;;;;0;0
2018/19;2019-05-14;28;RSB;Extérieur;H. El Wasti;Remp.;8;;;;0;0
2018/19;2019-05-18;29;IRT;Domicile;A. R. Tagnaouti;Tit.;90;;;;0;0
2018/19;2019-05-18;29;IRT;Domicile;A. Noussair;Tit.;90;;;;0;0
2018/19;2019-05-18;29;IRT;Domicile;C.I. Comara;Tit.;90;1.0;;;0;0
2018/19;2019-05-18;29;IRT;Domicile;A. Dari;Tit.;90;;;;0;0
2018/19;2019-05-18;29;IRT;Domicile;A. El Amloud;Tit.;56;;;;0;0
2018/19;2019-05-18;29;IRT;Domicile;S. Saidi;Tit.;90;;;;0;0
2018/19;2019-05-18;29;IRT;Domicile;Y. Jabrane;Tit.;90;;1.0;;0;0
2018/19;2019-05-18;29;IRT;Domicile;B. Aouk;Tit.;53;;;;0;0
2018/19;2019-05-18;29;IRT;Domicile;I. Haddad;Tit.;90;;1.0;;0;0
2018/19;2019-05-18;29;IRT;Domicile;W. El Karti;Tit.;78;;;;0;0
2018/19;2019-05-18;29;IRT;Domicile;M. Babtondé;Tit.;90;1.0;;;0;0
2018/19;2019-05-18;29;IRT;Domicile;M. Nahiri;Remp.;34;;;;0;0
2018/19;2019-05-18;29;IRT;Domicile;M. Ounajem;Remp.;37;;;;0;0
2018/19;2019-05-18;29;IRT;Domicile;A. El Hassouni;Remp.;12;;;;0;0
2018/19;2019-06-05;27;OCK;Domicile;A. R. Tagnaouti;Tit.;90;;;;0;0
2018/19;2019-06-05;27;OCK;Domicile;M. Nahiri;Tit.;90;1.0;;;0;0
2018/19;2019-06-05;27;OCK;Domicile;A. Dari;Tit.;90;;;;0;0
2018/19;2019-06-05;27;OCK;Domicile;C.I. Comara;Tit.;90;;;;0;0
2018/19;2019-06-05;27;OCK;Domicile;A. Noussair;Tit.;90;;;;0;0
2018/19;2019-06-05;27;OCK;Domicile;S. Saidi;Tit.;90;;;;0;0
2018/19;2019-06-05;27;OCK;Domicile;B. Aouk;Tit.;72;1.0;;;0;0
2018/19;2019-06-05;27;OCK;Domicile;B. Nekkach;Tit.;86;;;;0;0
2018/19;2019-06-05;27;OCK;Domicile;W. El Karti;Tit.;90;;;;0;0
2018/19;2019-06-05;27;OCK;Domicile;Z. El-Moutaraji;Tit.;72;2.0;;;0;0
2018/19;2019-06-05;27;OCK;Domicile;A. El Hassouni;Tit.;90;;;;0;0
2018/19;2019-06-05;27;OCK;Domicile;A. El Amloud;Remp.;18;;;;0;0
2018/19;2019-06-05;27;OCK;Domicile;A. Asbahi;Remp.;4;;;;0;0
2018/19;2019-06-05;27;OCK;Domicile;M. Babtondé;Remp.;18;;;;0;0
2018/19;2019-06-09;30;KACM;Extérieur;B. Benachour;Tit.;56;;1.0;;0;0
2018/19;2019-06-09;30;KACM;Extérieur;A. Noussair;Tit.;90;;;;0;0
2018/19;2019-06-09;30;KACM;Extérieur;M. Nahiri;Tit.;90;1.0;;;0;0
2018/19;2019-06-09;30;KACM;Extérieur;M. Ouatara;Tit.;90;;1.0;;0;0
2018/19;2019-06-09;30;KACM;Extérieur;A. El Amloud;Tit.;90;;;;0;0
2018/19;2019-06-09;30;KACM;Extérieur;Y. Jabrane;Tit.;90;;;;0;0
2018/19;2019-06-09;30;KACM;Extérieur;B. Nekkach;Tit.;90;;;;0;0
2018/19;2019-06-09;30;KACM;Extérieur;B. Aouk;Tit.;90;;;;0;0
2018/19;2019-06-09;30;KACM;Extérieur;M. Babtondé;Tit.;75;1.0;;;0;0
2018/19;2019-06-09;30;KACM;Extérieur;Z. El-Moutaraji;Tit.;90;1.0;;;0;0
2018/19;2019-06-09;30;KACM;Extérieur;G. Ouguechiguo;Tit.;66;;;;0;0
2018/19;2019-06-09;30;KACM;Extérieur;M. Manar;Remp.;34;;;;0;0
2018/19;2019-06-09;30;KACM;Extérieur;A. Tighazoui;Remp.;15;;;;0;0
2018/19;2019-06-09;30;KACM;Extérieur;W. El Karti;Remp.;24;;;;0;0
2019/20;2019-10-06;1;DHJ;Extérieur;A. R. Tagnaouti;Tit.;90;;;;0;0
2019/20;2019-10-06;1;DHJ;Extérieur;A. El Amloud;Tit.;90;;;;0;0
2019/20;2019-10-06;1;DHJ;Extérieur;A. Dari;Tit.;90;;;;0;0
2019/20;2019-10-06;1;DHJ;Extérieur;C.I. Comara;Tit.;90;;;;0;0
2019/20;2019-10-06;1;DHJ;Extérieur;M. Nahiri;Tit.;90;1.0;;;0;0
2019/20;2019-10-06;1;DHJ;Extérieur;S. Saidi;Tit.;90;;;;0;0
2019/20;2019-10-06;1;DHJ;Extérieur;B. Nekkach;Tit.;90;;;;0;0
2019/20;2019-10-06;1;DHJ;Extérieur;W. El Karti;Tit.;71;;;;0;0
2019/20;2019-10-06;1;DHJ;Extérieur;I. Haddad;Tit.;79;;;;0;0
2019/20;2019-10-06;1;DHJ;Extérieur;Z. El-Moutaraji;Tit.;90;;;;0;0
2019/20;2019-10-06;1;DHJ;Extérieur;M. Babtondé;Tit.;62;;;;0;0
2019/20;2019-10-06;1;DHJ;Extérieur;A. El Kaabi;Remp.;28;;;;0;0
2019/20;2019-10-06;1;DHJ;Extérieur;B. Aouk;Remp.;11;;;;0;0
2019/20;2019-10-06;1;DHJ;Extérieur;A. El Hassouni;Remp.;9;;;;0;0
2019/20;2019-10-23;4;MCO;Extérieur;A. R. Tagnaouti;Tit.;90;;;;0;0
2019/20;2019-10-23;4;MCO;Extérieur;A. Noussair;Tit.;90;;;;0;0
2019/20;2019-10-23;4;MCO;Extérieur;A. Dari;Tit.;90;;;;0;0
2019/20;2019-10-23;4;MCO;Extérieur;C.I. Comara;Tit.;90;;1.0;;0;0
2019/20;2019-10-23;4;MCO;Extérieur;A. El Amloud;Tit.;90;;1.0;;0;0
2019/20;2019-10-23;4;MCO;Extérieur;S. Saidi;Tit.;90;;;;0;0
2019/20;2019-10-23;4;MCO;Extérieur;Y. Jabrane;Tit.;90;;;;0;0
2019/20;2019-10-23;4;MCO;Extérieur;B. Aouk;Tit.;46;;;;0;0
2019/20;2019-10-23;4;MCO;Extérieur;I. Haddad;Tit.;87;1.0;;;0;0
2019/20;2019-10-23;4;MCO;Extérieur;W. El Karti;Tit.;90;;;;0;0
2019/20;2019-10-23;4;MCO;Extérieur;A. El Kaabi;Tit.;75;;;;0;0
2019/20;2019-10-23;4;MCO;Extérieur;G. Ouguechiguo;Remp.;3;;;;0;0
2019/20;2019-10-23;4;MCO;Extérieur;A. Tighazoui;Remp.;44;;;;0;0
2019/20;2019-10-23;4;MCO;Extérieur;M. Babtondé;Remp.;15;;;;0;0
2019/20;2019-10-27;2;CAYB;Domicile;A. R. Tagnaouti;Tit.;90;;1.0;;0;0
2019/20;2019-10-27;2;CAYB;Domicile;A. El Amloud;Tit.;90;;1.0;;0;0
2019/20;2019-10-27;2;CAYB;Domicile;A. Dari;Tit.;90;;;;0;0
2019/20;2019-10-27;2;CAYB;Domicile;C.I. Comara;Tit.;90;;;;0;0
2019/20;2019-10-27;2;CAYB;Domicile;M. Nahiri;Tit.;90;;;;0;0
2019/20;2019-10-27;2;CAYB;Domicile;B. Nekkach;Tit.;68;;;;0;0
2019/20;2019-10-27;2;CAYB;Domicile;Y. Jabrane;Tit.;90;;;;0;0
2019/20;2019-10-27;2;CAYB;Domicile;W. El Karti;Tit.;90;;;;0;0
2019/20;2019-10-27;2;CAYB;Domicile;Z. El-Moutaraji;Tit.;57;;;;0;0
2019/20;2019-10-27;2;CAYB;Domicile;A. Tighazoui;Tit.;83;1.0;;;0;0
2019/20;2019-10-27;2;CAYB;Domicile;A. El Kaabi;Tit.;90;1.0;;;0;0
2019/20;2019-10-27;2;CAYB;Domicile;I. Haddad;Remp.;33;;;;0;0
2019/20;2019-10-27;2;CAYB;Domicile;M. Babtondé;Remp.;22;1.0;1.0;;0;0
2019/20;2019-10-27;2;CAYB;Domicile;H. Asrir;Remp.;7;;;;0;0
2019/20;2019-11-06;3;IRT;Domicile;A. R. Tagnaouti;Tit.;90;;;;0;0
2019/20;2019-11-06;3;IRT;Domicile;A. Noussair;Tit.;90;;;;0;0
2019/20;2019-11-06;3;IRT;Domicile;A. Dari;Tit.;90;;;;0;0
2019/20;2019-11-06;3;IRT;Domicile;C.I. Comara;Tit.;90;;;;0;0
2019/20;2019-11-06;3;IRT;Domicile;M. Nahiri;Tit.;90;;;;0;0
2019/20;2019-11-06;3;IRT;Domicile;B. Gadarine;Tit.;90;;;;0;0
2019/20;2019-11-06;3;IRT;Domicile;Y. Jabrane;Tit.;90;;1.0;;0;0
2019/20;2019-11-06;3;IRT;Domicile;B. Aouk;Tit.;90;;;;0;0
2019/20;2019-11-06;3;IRT;Domicile;A. Tighazoui;Tit.;60;;;;0;0
2019/20;2019-11-06;3;IRT;Domicile;Z. El-Moutaraji;Tit.;75;1.0;1.0;;0;0
2019/20;2019-11-06;3;IRT;Domicile;A. El Kaabi;Tit.;74;2.0;;;0;0
2019/20;2019-11-06;3;IRT;Domicile;M. Babtondé;Remp.;30;1.0;;;0;0
2019/20;2019-11-06;3;IRT;Domicile;M. Saidani;Remp.;16;;;;0;0
2019/20;2019-11-06;3;IRT;Domicile;H. El Bahja;Remp.;15;;;;0;0
2019/20;2019-11-10;5;RSB;Domicile;A. R. Tagnaouti;Tit.;90;;;;0;0
2019/20;2019-11-10;5;RSB;Domicile;A. El Amloud;Tit.;90;;;;0;0
2019/20;2019-11-10;5;RSB;Domicile;A. Dari;Tit.;87;;;;0;0
2019/20;2019-11-10;5;RSB;Domicile;C.I. Comara;Tit.;90;;;;0;0
2019/20;2019-11-10;5;RSB;Domicile;M. Nahiri;Tit.;90;;;;0;0
2019/20;2019-11-10;5;RSB;Domicile;Y. Jabrane;Tit.;88;;1.0;1.0;0;0
2019/20;2019-11-10;5;RSB;Domicile;A. Tighazoui;Tit.;90;;;;0;0
2019/20;2019-11-10;5;RSB;Domicile;B. Nekkach;Tit.;73;;;;0;0
2019/20;2019-11-10;5;RSB;Domicile;B. Aouk;Tit.;90;;;;0;0
2019/20;2019-11-10;5;RSB;Domicile;A. El Kaabi;Tit.;90;;;;0;0
2019/20;2019-11-10;5;RSB;Domicile;Z. El-Moutaraji;Tit.;54;;;;0;0
2019/20;2019-11-10;5;RSB;Domicile;M. Babtondé;Remp.;36;;;;0;0
2019/20;2019-11-10;5;RSB;Domicile;B. Gadarine;Remp.;3;;;;0;0
2019/20;2019-11-10;5;RSB;Domicile;G. Ouguechiguo;Remp.;17;;;;0;0
2019/20;2019-12-11;6;OCK;Extérieur;A. R. Tagnaouti;Tit.;90;;;;0;0
2019/20;2019-12-11;6;OCK;Extérieur;A. Noussair;Tit.;90;;;;0;0
2019/20;2019-12-11;6;OCK;Extérieur;C.I. Comara;Tit.;90;;;;0;0
2019/20;2019-12-11;6;OCK;Extérieur;A. Dari;Tit.;90;;;;0;0
2019/20;2019-12-11;6;OCK;Extérieur;B. Gadarine;Tit.;90;1.0;;;0;0
2019/20;2019-12-11;6;OCK;Extérieur;H. Asrir;Tit.;90;;;;0;0
2019/20;2019-12-11;6;OCK;Extérieur;B. Nekkach;Tit.;90;;;;0;0
2019/20;2019-12-11;6;OCK;Extérieur;M. Babtondé;Tit.;85;2.0;1.0;;0;0
2019/20;2019-12-11;6;OCK;Extérieur;A. El Hassouni;Tit.;90;;1.0;;0;0
2019/20;2019-12-11;6;OCK;Extérieur;I. Haddad;Tit.;78;1.0;;;0;0
2019/20;2019-12-11;6;OCK;Extérieur;A. El Kaabi;Tit.;68;;;;0;0
2019/20;2019-12-11;6;OCK;Extérieur;W. El Karti;Remp.;22;;;;0;0
2019/20;2019-12-11;6;OCK;Extérieur;A. Tighazoui;Remp.;12;;;;0;0
2019/20;2019-12-11;6;OCK;Extérieur;M. Saidani;Remp.;5;;;;0;0
2019/20;2019-12-15;7;FAR;Domicile;A. R. Tagnaouti;Tit.;90;;;;0;0
2019/20;2019-12-15;7;FAR;Domicile;A. Noussair;Tit.;90;;1.0;;0;0
2019/20;2019-12-15;7;FAR;Domicile;A. Dari;Tit.;90;;;;0;0
2019/20;2019-12-15;7;FAR;Domicile;C.I. Comara;Tit.;20;;;;0;0
2019/20;2019-12-15;7;FAR;Domicile;B. Gadarine;Tit.;90;;;;0;0
2019/20;2019-12-15;7;FAR;Domicile;H. Asrir;Tit.;90;;;;0;0
2019/20;2019-12-15;7;FAR;Domicile;B. Nekkach;Tit.;90;;;;0;0
2019/20;2019-12-15;7;FAR;Domicile;A. El Hassouni;Tit.;85;;;;0;0
2019/20;2019-12-15;7;FAR;Domicile;M. Babtondé;Tit.;46;;1.0;;0;0
2019/20;2019-12-15;7;FAR;Domicile;I. Haddad;Tit.;90;;;;0;0
2019/20;2019-12-15;7;FAR;Domicile;A. El Kaabi;Tit.;90;;;;0;0
2019/20;2019-12-15;7;FAR;Domicile;B. Aouk;Remp.;44;1.0;;;0;0
2019/20;2019-12-15;7;FAR;Domicile;W. El Karti;Remp.;70;;;;0;0
2019/20;2019-12-15;7;FAR;Domicile;M. Saidani;Remp.;5;;;;0;0
2019/20;2019-12-18;8;RBM;Extérieur;A. R. Tagnaouti;Tit.;90;;;;0;0
2019/20;2019-12-18;8;RBM;Extérieur;A. Noussair;Tit.;90;;;;0;0
2019/20;2019-12-18;8;RBM;Extérieur;H. Asrir;Tit.;90;;;;0;0
2019/20;2019-12-18;8;RBM;Extérieur;A. Dari;Tit.;90;;;;0;0
2019/20;2019-12-18;8;RBM;Extérieur;B. Gadarine;Tit.;90;;;;0;0
2019/20;2019-12-18;8;RBM;Extérieur;W. El Karti;Tit.;90;;1.0;;0;0
2019/20;2019-12-18;8;RBM;Extérieur;B. Nekkach;Tit.;90;;;;0;0
2019/20;2019-12-18;8;RBM;Extérieur;A. Tighazoui;Tit.;69;;;;0;0
2019/20;2019-12-18;8;RBM;Extérieur;M. Saidani;Tit.;46;;;;0;0
2019/20;2019-12-18;8;RBM;Extérieur;B. Aouk;Tit.;87;1.0;;;0;0
2019/20;2019-12-18;8;RBM;Extérieur;A. El Kaabi;Tit.;90;1.0;;;0;0
2019/20;2019-12-18;8;RBM;Extérieur;A. El Amloud;Remp.;21;;;;0;0
2019/20;2019-12-18;8;RBM;Extérieur;M. Kamal;Remp.;3;;;;0;0
2019/20;2019-12-18;8;RBM;Extérieur;Z. El-Moutaraji;Remp.;44;;;;0;0
2019/20;2019-12-22;10;RCA;Extérieur;A. R. Tagnaouti;Tit.;90;;;;0;0
2019/20;2019-12-22;10;RCA;Extérieur;A. Noussair;Tit.;90;;;;0;0
2019/20;2019-12-22;10;RCA;Extérieur;H. Asrir;Tit.;90;;1.0;;0;0
2019/20;2019-12-22;10;RCA;Extérieur;B. Gadarine;Tit.;90;;;;0;0
2019/20;2019-12-22;10;RCA;Extérieur;A. El Amloud;Tit.;85;;;;0;0
2019/20;2019-12-22;10;RCA;Extérieur;A. Dari;Tit.;19;;;;0;0
2019/20;2019-12-22;10;RCA;Extérieur;B. Nekkach;Tit.;90;;1.0;;0;0
2019/20;2019-12-22;10;RCA;Extérieur;B. Aouk;Tit.;66;;;;0;0
2019/20;2019-12-22;10;RCA;Extérieur;W. El Karti;Tit.;90;;;;0;0
2019/20;2019-12-22;10;RCA;Extérieur;I. Haddad;Tit.;90;;;;0;0
2019/20;2019-12-22;10;RCA;Extérieur;A. El Kaabi;Tit.;90;;;;0;0
2019/20;2019-12-22;10;RCA;Extérieur;A. El Hassouni;Remp.;24;;1.0;;0;0
2019/20;2019-12-22;10;RCA;Extérieur;Z. El-Moutaraji;Remp.;5;;;;0;0
2019/20;2019-12-22;10;RCA;Extérieur;M. Kamal;Remp.;71;;1.0;;0;0
2019/20;2020-01-02;11;MAT;Domicile;A. R. Tagnaouti;Tit.;90;;;;0;0
2019/20;2020-01-02;11;MAT;Domicile;A. El Amloud;Tit.;90;;;;0;0
2019/20;2020-01-02;11;MAT;Domicile;H. Asrir;Tit.;90;;;;0;0
2019/20;2020-01-02;11;MAT;Domicile;M. Nahiri;Tit.;74;;;;0;0
2019/20;2020-01-02;11;MAT;Domicile;B. Gadarine;Tit.;90;;;;0;0
2019/20;2020-01-02;11;MAT;Domicile;W. El Karti;Tit.;90;;;;0;0
2019/20;2020-01-02;11;MAT;Domicile;Y. Jabrane;Tit.;90;;;;0;0
2019/20;2020-01-02;11;MAT;Domicile;B. Aouk;Tit.;90;;;;0;0
2019/20;2020-01-02;11;MAT;Domicile;A. El Hassouni;Tit.;83;;;;0;0
2019/20;2020-01-02;11;MAT;Domicile;Z. El-Moutaraji;Tit.;90;;1.0;;0;0
2019/20;2020-01-02;11;MAT;Domicile;K. Kassenguo;Tit.;90;2.0;;;0;0
2019/20;2020-01-02;11;MAT;Domicile;M. Saidani;Remp.;7;;;;0;0
2019/20;2020-01-02;11;MAT;Domicile;S. Kerkache;Remp.;16;;;;0;0
2019/20;2020-01-05;9;RCAZ;Domicile;A. R. Tagnaouti;Tit.;90;;;;0;0
2019/20;2020-01-05;9;RCAZ;Domicile;Y. Chaina;Tit.;90;;;;0;0
2019/20;2020-01-05;9;RCAZ;Domicile;H. Asrir;Tit.;90;;;;0;0
2019/20;2020-01-05;9;RCAZ;Domicile;A. El Amloud;Tit.;90;;;;0;0
2019/20;2020-01-05;9;RCAZ;Domicile;B. Gadarine;Tit.;90;;1.0;;0;0
2019/20;2020-01-05;9;RCAZ;Domicile;S. Kerkache;Tit.;46;;;;0;0
2019/20;2020-01-05;9;RCAZ;Domicile;B. Nekkach;Tit.;90;;;;0;0
2019/20;2020-01-05;9;RCAZ;Domicile;B. Aouk;Tit.;90;1.0;;;0;0
2019/20;2020-01-05;9;RCAZ;Domicile;A. El Hassouni;Tit.;90;;;;0;0
2019/20;2020-01-05;9;RCAZ;Domicile;A. Tighazoui;Tit.;46;;;;0;0
2019/20;2020-01-05;9;RCAZ;Domicile;K. Kassenguo;Tit.;80;;;;0;0
2019/20;2020-01-05;9;RCAZ;Domicile;Y. Jabrane;Remp.;10;;;;0;0
2019/20;2020-01-05;9;RCAZ;Domicile;W. El Karti;Remp.;44;;;;0;0
2019/20;2020-01-05;9;RCAZ;Domicile;Z. El-Moutaraji;Remp.;44;;;;0;0
2019/20;2020-01-16;13;HUSA;Domicile;A. R. Tagnaouti;Tit.;90;;;;0;0
2019/20;2020-01-16;13;HUSA;Domicile;A. El Amloud;Tit.;90;;;;0;0
2019/20;2020-01-16;13;HUSA;Domicile;H. Asrir;Tit.;90;1.0;;;0;0
2019/20;2020-01-16;13;HUSA;Domicile;M. Nahiri;Tit.;55;;;;0;0
2019/20;2020-01-16;13;HUSA;Domicile;B. Gadarine;Tit.;90;;1.0;;0;0
2019/20;2020-01-16;13;HUSA;Domicile;Y. Jabrane;Tit.;90;1.0;;;0;0
2019/20;2020-01-16;13;HUSA;Domicile;W. El Karti;Tit.;90;;;;0;0
2019/20;2020-01-16;13;HUSA;Domicile;A. El Hassouni;Tit.;62;;;;0;0
2019/20;2020-01-16;13;HUSA;Domicile;B. Aouk;Tit.;90;;1.0;;0;0
2019/20;2020-01-16;13;HUSA;Domicile;I. Haddad;Tit.;82;;;;0;0
2019/20;2020-01-16;13;HUSA;Domicile;K. Kassenguo;Tit.;90;1.0;;;0;0
2019/20;2020-01-16;13;HUSA;Domicile;B. Nekkach;Remp.;28;;;;0;0
2019/20;2020-01-16;13;HUSA;Domicile;Z. El-Moutaraji;Remp.;8;;;;0;0
2019/20;2020-01-16;13;HUSA;Domicile;I. Najm Eddine;Remp.;35;;;;0;0
2019/20;2020-01-20;12;OCS;Extérieur;A. R. Tagnaouti;Tit.;90;;;;0;0
2019/20;2020-01-20;12;OCS;Extérieur;Y. Chaina;Tit.;90;;;;0;0
2019/20;2020-01-20;12;OCS;Extérieur;H. Asrir;Tit.;90;;;;0;0
2019/20;2020-01-20;12;OCS;Extérieur;I. Najm Eddine;Tit.;87;;;;0;0
2019/20;2020-01-20;12;OCS;Extérieur;B. Gadarine;Tit.;90;;1.0;;0;0
2019/20;2020-01-20;12;OCS;Extérieur;Y. Jabrane;Tit.;90;;;;0;0
2019/20;2020-01-20;12;OCS;Extérieur;B. Nekkach;Tit.;90;;;;0;0
2019/20;2020-01-20;12;OCS;Extérieur;B. Aouk;Tit.;65;;;;0;0
2019/20;2020-01-20;12;OCS;Extérieur;W. El Karti;Tit.;90;;;;0;0
2019/20;2020-01-20;12;OCS;Extérieur;I. Haddad;Tit.;90;;1.0;;0;0
2019/20;2020-01-20;12;OCS;Extérieur;K. Kassenguo;Tit.;89;2.0;;;0;0
2019/20;2020-01-20;12;OCS;Extérieur;A. Rhili;Remp.;3;;;;0;0
2019/20;2020-01-20;12;OCS;Extérieur;A. El Hassouni;Remp.;25;;;;0;0
2019/20;2020-01-20;12;OCS;Extérieur;H. El Bahja;Remp.;1;;;;0;0
2019/20;2020-02-06;14;RCOZ;Extérieur;A. R. Tagnaouti;Tit.;90;;;;0;0
2019/20;2020-02-06;14;RCOZ;Extérieur;Z. El-Moutaraji;Tit.;55;1.0;;;0;0
2019/20;2020-02-06;14;RCOZ;Extérieur;C.I. Comara;Tit.;90;;;;0;0
2019/20;2020-02-06;14;RCOZ;Extérieur;H. Asrir;Tit.;90;;;;0;0
2019/20;2020-02-06;14;RCOZ;Extérieur;Y. Attiatallah;Tit.;80;;;;0;0
2019/20;2020-02-06;14;RCOZ;Extérieur;Y. Jabrane;Tit.;90;1.0;;;0;0
2019/20;2020-02-06;14;RCOZ;Extérieur;B. Nekkach;Tit.;90;;1.0;;0;0
2019/20;2020-02-06;14;RCOZ;Extérieur;A. El Amloud;Tit.;33;;;;0;0
2019/20;2020-02-06;14;RCOZ;Extérieur;W. El Karti;Tit.;90;;;;0;0
2019/20;2020-02-06;14;RCOZ;Extérieur;A. Tighazoui;Tit.;90;;;;0;0
2019/20;2020-02-06;14;RCOZ;Extérieur;K. Kassenguo;Tit.;90;;;;0;0
2019/20;2020-02-06;14;RCOZ;Extérieur;B. Gadarine;Remp.;10;;;;0;0
2019/20;2020-02-06;14;RCOZ;Extérieur;I. Najm Eddine;Remp.;57;;;;0;0
2019/20;2020-02-06;14;RCOZ;Extérieur;H. El Bahja;Remp.;35;;;;0;0
2019/20;2020-02-10;15;FUS;Domicile;A. R. Tagnaouti;Tit.;90;;;;0;0
2019/20;2020-02-10;15;FUS;Domicile;Y. Attiatallah;Tit.;90;;;;0;0
2019/20;2020-02-10;15;FUS;Domicile;H. Asrir;Tit.;90;;;;0;0
2019/20;2020-02-10;15;FUS;Domicile;Y. Chaina;Tit.;90;;;;0;0
2019/20;2020-02-10;15;FUS;Domicile;C.I. Comara;Tit.;90;1.0;1.0;;0;0
2019/20;2020-02-10;15;FUS;Domicile;Y. Jabrane;Tit.;90;;;;0;0
2019/20;2020-02-10;15;FUS;Domicile;W. El Karti;Tit.;39;;;;0;0
2019/20;2020-02-10;15;FUS;Domicile;B. Nekkach;Tit.;90;;;;0;0
2019/20;2020-02-10;15;FUS;Domicile;A. Tighazoui;Tit.;86;;;;0;0
2019/20;2020-02-10;15;FUS;Domicile;K. Kassenguo;Tit.;90;;;;0;0
2019/20;2020-02-10;15;FUS;Domicile;A. El Hassouni;Tit.;70;;;;0;0
2019/20;2020-02-10;15;FUS;Domicile;B. Gadarine;Remp.;51;;;;0;0
2019/20;2020-02-10;15;FUS;Domicile;Z. El-Moutaraji;Remp.;4;;;;0;0
2019/20;2020-02-10;15;FUS;Domicile;G. J. Magbi;Remp.;20;;;;0;0
2019/20;2020-02-15;16;DHJ;Domicile;A. R. Tagnaouti;Tit.;90;;;;0;0
2019/20;2020-02-15;16;DHJ;Domicile;Y. Chaina;Tit.;90;;1.0;;0;0
2019/20;2020-02-15;16;DHJ;Domicile;H. Asrir;Tit.;90;;;;0;0
2019/20;2020-02-15;16;DHJ;Domicile;C.I. Comara;Tit.;90;;;;0;0
2019/20;2020-02-15;16;DHJ;Domicile;Y. Attiatallah;Tit.;90;;;;0;0
2019/20;2020-02-15;16;DHJ;Domicile;Y. Jabrane;Tit.;90;;;;0;0
2019/20;2020-02-15;16;DHJ;Domicile;B. Nekkach;Tit.;56;;;;0;0
2019/20;2020-02-15;16;DHJ;Domicile;H. El Bahja;Tit.;46;;;;0;0
2019/20;2020-02-15;16;DHJ;Domicile;W. El Karti;Tit.;90;;;;0;0
2019/20;2020-02-15;16;DHJ;Domicile;Z. El-Moutaraji;Tit.;71;;;;0;0
2019/20;2020-02-15;16;DHJ;Domicile;K. Kassenguo;Tit.;90;;;;0;0
2019/20;2020-02-15;16;DHJ;Domicile;A. El Hassouni;Remp.;34;;;;0;0
2019/20;2020-02-15;16;DHJ;Domicile;G. J. Magbi;Remp.;44;;;;0;0
2019/20;2020-02-15;16;DHJ;Domicile;J. Madondo;Remp.;19;;;;0;0
2019/20;2020-02-22;17;CAYB;Extérieur;A. R. Tagnaouti;Tit.;90;;1.0;;0;0
2019/20;2020-02-22;17;CAYB;Extérieur;A. Noussair;Tit.;90;;;;0;0
2019/20;2020-02-22;17;CAYB;Extérieur;C.I. Comara;Tit.;90;;1.0;;0;0
2019/20;2020-02-22;17;CAYB;Extérieur;A. Rhili;Tit.;90;;;;0;0
2019/20;2020-02-22;17;CAYB;Extérieur;Y. Attiatallah;Tit.;77;;;;0;0
2019/20;2020-02-22;17;CAYB;Extérieur;Y. Jabrane;Tit.;90;;1.0;;0;0
2019/20;2020-02-22;17;CAYB;Extérieur;B. Nekkach;Tit.;51;;;;0;0
2019/20;2020-02-22;17;CAYB;Extérieur;B. Aouk;Tit.;90;;;;0;0
2019/20;2020-02-22;17;CAYB;Extérieur;W. El Karti;Tit.;90;;;;0;0
2019/20;2020-02-22;17;CAYB;Extérieur;J. Madondo;Tit.;51;;;;0;0
2019/20;2020-02-22;17;CAYB;Extérieur;K. Kassenguo;Tit.;90;;;;0;0
2019/20;2020-02-22;17;CAYB;Extérieur;M. Nahiri;Remp.;13;;;;0;0
2019/20;2020-02-22;17;CAYB;Extérieur;G. J. Magbi;Remp.;39;2.0;;;0;0
2019/20;2020-02-22;17;CAYB;Extérieur;H. El Bahja;Remp.;39;;;;0;0
2019/20;2020-03-12;18;IRT;Extérieur;A. R. Tagnaouti;Tit.;90;;;;0;0
2019/20;2020-03-12;18;IRT;Extérieur;A. Noussair;Tit.;90;;;;0;0
2019/20;2020-03-12;18;IRT;Extérieur;C.I. Comara;Tit.;90;;;;0;0
2019/20;2020-03-12;18;IRT;Extérieur;H. Asrir;Tit.;90;;;;0;0
2019/20;2020-03-12;18;IRT;Extérieur;M. Nahiri;Tit.;90;1.0;;;0;0
2019/20;2020-03-12;18;IRT;Extérieur;Y. Jabrane;Tit.;90;1.0;1.0;;0;0
2019/20;2020-03-12;18;IRT;Extérieur;B. Nekkach;Tit.;90;;;;0;0
2019/20;2020-03-12;18;IRT;Extérieur;B. Aouk;Tit.;75;;1.0;;0;0
2019/20;2020-03-12;18;IRT;Extérieur;W. El Karti;Tit.;86;;;;0;0
2019/20;2020-03-12;18;IRT;Extérieur;I. Haddad;Tit.;89;;1.0;;0;0
2019/20;2020-03-12;18;IRT;Extérieur;A. El Hassouni;Tit.;90;;;;0;0
2019/20;2020-03-12;18;IRT;Extérieur;A. El Amloud;Remp.;15;;;;0;0
2019/20;2020-03-12;18;IRT;Extérieur;B. Gadarine;Remp.;4;;;;0;0
2019/20;2020-03-12;18;IRT;Extérieur;G. J. Magbi;Remp.;1;;;;0;0
2019/20;2020-07-28;19;MCO;Domicile;A. R. Tagnaouti;Tit.;90;;;;0;0
2019/20;2020-07-28;19;MCO;Domicile;A. Noussair;Tit.;46;;;;0;0
2019/20;2020-07-28;19;MCO;Domicile;C.I. Comara;Tit.;90;1.0;;;0;0
2019/20;2020-07-28;19;MCO;Domicile;H. Asrir;Tit.;79;;;;0;0
2019/20;2020-07-28;19;MCO;Domicile;B. Gadarine;Tit.;46;;;;0;0
2019/20;2020-07-28;19;MCO;Domicile;S. Saidi;Tit.;90;;;;0;0
2019/20;2020-07-28;19;MCO;Domicile;A. El Hassouni;Tit.;62;;;;0;0
2019/20;2020-07-28;19;MCO;Domicile;I. Haddad;Tit.;90;;;;0;0
2019/20;2020-07-28;19;MCO;Domicile;W. El Karti;Tit.;62;;;;0;0
2019/20;2020-07-28;19;MCO;Domicile;B. Aouk;Tit.;90;;;;0;0
2019/20;2020-07-28;19;MCO;Domicile;B. Nekkach;Tit.;90;;;;0;0
2019/20;2020-07-28;19;MCO;Domicile;Z. El-Moutaraji;Remp.;28;;;;0;0
2019/20;2020-07-28;19;MCO;Domicile;K. Kassenguo;Remp.;28;;;;0;0
2019/20;2020-07-28;19;MCO;Domicile;I. Najm Eddine;Remp.;11;;;;0;0
2019/20;2020-07-28;19;MCO;Domicile;Y. Attiatallah;Remp.;44;;;;0;0
2019/20;2020-07-28;19;MCO;Domicile;A. El Amloud;Remp.;44;;;;0;0
2019/20;2020-08-06;20;RSB;Extérieur;A. El Hassouni;Tit.;63;;1.0;;0;0
2019/20;2020-08-06;20;RSB;Extérieur;A. R. Tagnaouti;Tit.;90;;;;0;0
2019/20;2020-08-06;20;RSB;Extérieur;S. Saidi;Tit.;90;;;;0;0
2019/20;2020-08-06;20;RSB;Extérieur;I. Najm Eddine;Tit.;64;;;;0;0
2019/20;2020-08-06;20;RSB;Extérieur;Y. Jabrane;Tit.;31;;1.0;1.0;0;0
2019/20;2020-08-06;20;RSB;Extérieur;I. Haddad;Tit.;90;;;;0;0
2019/20;2020-08-06;20;RSB;Extérieur;C.I. Comara;Tit.;9;;;;0;0
2019/20;2020-08-06;20;RSB;Extérieur;B. Nekkach;Tit.;90;;1.0;;0;0
2019/20;2020-08-06;20;RSB;Extérieur;B. Gadarine;Tit.;46;;;;0;0
2019/20;2020-08-06;20;RSB;Extérieur;K. Kassenguo;Tit.;90;1.0;;;0;0
2019/20;2020-08-06;20;RSB;Extérieur;A. El Amloud;Tit.;49;;;;0;0
2019/20;2020-08-06;20;RSB;Extérieur;W. El Karti;Remp.;27;;;;0;0
2019/20;2020-08-06;20;RSB;Extérieur;Y. Attiatallah;Remp.;26;;;;0;0
2019/20;2020-08-06;20;RSB;Extérieur;H. Asrir;Remp.;81;;;;0;0
2019/20;2020-08-06;20;RSB;Extérieur;M. Saidani;Remp.;44;;1.0;;0;0
2019/20;2020-08-06;20;RSB;Extérieur;A. Rhili;Remp.;41;;1.0;;0;0
2019/20;2020-08-10;21;OCK;Domicile;A. El Hassouni;Tit.;89;;;;0;0
2019/20;2020-08-10;21;OCK;Domicile;A. R. Tagnaouti;Tit.;90;;;;0;0
2019/20;2020-08-10;21;OCK;Domicile;I. Najm Eddine;Tit.;78;1.0;;;0;0
2019/20;2020-08-10;21;OCK;Domicile;B. Nekkach;Tit.;90;;;;0;0
2019/20;2020-08-10;21;OCK;Domicile;H. Asrir;Tit.;90;;;;0;0
2019/20;2020-08-10;21;OCK;Domicile;I. Haddad;Tit.;71;1.0;;;0;0
2019/20;2020-08-10;21;OCK;Domicile;K. Kassenguo;Tit.;90;1.0;;;0;0
2019/20;2020-08-10;21;OCK;Domicile;S. Saidi;Tit.;90;;;;0;0
2019/20;2020-08-10;21;OCK;Domicile;W. El Karti;Tit.;89;;;;0;0
2019/20;2020-08-10;21;OCK;Domicile;Y. Attiatallah;Tit.;90;;;;0;0
2019/20;2020-08-10;21;OCK;Domicile;Y. Chaina;Tit.;78;;;;0;0
2019/20;2020-08-10;21;OCK;Domicile;A. El Amloud;Remp.;12;;;;0;0
2019/20;2020-08-10;21;OCK;Domicile;A. Noussair;Remp.;12;;;;0;0
2019/20;2020-08-10;21;OCK;Domicile;B. Aouk;Remp.;19;;;;0;0
2019/20;2020-08-10;21;OCK;Domicile;H. El Bahja;Remp.;1;;;;0;0
2019/20;2020-08-10;21;OCK;Domicile;M. Saidani;Remp.;1;;;;0;0
2019/20;2020-09-09;22;FAR;Extérieur;A. El Amloud;Tit.;90;;;;0;0
2019/20;2020-09-09;22;FAR;Extérieur;A. R. Tagnaouti;Tit.;88;;;;0;0
2019/20;2020-09-09;22;FAR;Extérieur;B. Aouk;Tit.;90;;;;0;0
2019/20;2020-09-09;22;FAR;Extérieur;I. Najm Eddine;Tit.;90;;;;0;0
2019/20;2020-09-09;22;FAR;Extérieur;H. Asrir;Tit.;90;;1.0;;0;0
2019/20;2020-09-09;22;FAR;Extérieur;I. Haddad;Tit.;80;1.0;;;0;0
2019/20;2020-09-09;22;FAR;Extérieur;K. Kassenguo;Tit.;90;;;;0;0
2019/20;2020-09-09;22;FAR;Extérieur;S. Saidi;Tit.;90;;;;0;0
2019/20;2020-09-09;22;FAR;Extérieur;W. El Karti;Tit.;89;;;;0;0
2019/20;2020-09-09;22;FAR;Extérieur;Y. Chaina;Tit.;90;;1.0;;0;0
2019/20;2020-09-09;22;FAR;Extérieur;Y. Jabrane;Tit.;90;;;;0;0
2019/20;2020-09-09;22;FAR;Extérieur;A. El Hassouni;Remp.;10;;;;0;0
2019/20;2020-09-09;22;FAR;Extérieur;G. J. Magbi;Remp.;1;;;;0;0
2019/20;2020-09-09;22;FAR;Extérieur;I. Sioudi;Remp.;2;;;;0;0
2019/20;2020-09-16;23;RBM;Domicile;A. El Amloud;Tit.;75;;;;0;0
2019/20;2020-09-16;23;RBM;Domicile;A. El Hassouni;Tit.;90;1.0;;;0;0
2019/20;2020-09-16;23;RBM;Domicile;A. R. Tagnaouti;Tit.;90;;;;0;0
2019/20;2020-09-16;23;RBM;Domicile;B. Aouk;Tit.;87;;;;0;0
2019/20;2020-09-16;23;RBM;Domicile;B. Gadarine;Tit.;90;;;;0;0
2019/20;2020-09-16;23;RBM;Domicile;I. Najm Eddine;Tit.;90;;;;0;0
2019/20;2020-09-16;23;RBM;Domicile;H. Asrir;Tit.;88;;;;0;0
2019/20;2020-09-16;23;RBM;Domicile;I. Haddad;Tit.;90;1.0;;;0;0
2019/20;2020-09-16;23;RBM;Domicile;K. Kassenguo;Tit.;90;;;;0;0
2019/20;2020-09-16;23;RBM;Domicile;S. Saidi;Tit.;65;;;;0;0
2019/20;2020-09-16;23;RBM;Domicile;Y. Jabrane;Tit.;90;1.0;;;0;0
2019/20;2020-09-16;23;RBM;Domicile;M. Saidani;Remp.;2;;;;0;0
2019/20;2020-09-16;23;RBM;Domicile;W. El Karti;Remp.;25;;1.0;;0;0
2019/20;2020-09-16;23;RBM;Domicile;Y. Chaina;Remp.;15;;;;0;0
2019/20;2020-09-16;23;RBM;Domicile;Z. El-Moutaraji;Remp.;3;;;;0;0
2019/20;2020-09-20;24;RCAZ;Extérieur;A. El Amloud;Tit.;90;;1.0;;0;0
2019/20;2020-09-20;24;RCAZ;Extérieur;A. El Hassouni;Tit.;90;;1.0;;0;0
2019/20;2020-09-20;24;RCAZ;Extérieur;A. R. Tagnaouti;Tit.;90;;;;0;0
2019/20;2020-09-20;24;RCAZ;Extérieur;B. Aouk;Tit.;83;;;;0;0
2019/20;2020-09-20;24;RCAZ;Extérieur;B. Gadarine;Tit.;71;;1.0;;0;0
2019/20;2020-09-20;24;RCAZ;Extérieur;I. Najm Eddine;Tit.;90;;;;0;0
2019/20;2020-09-20;24;RCAZ;Extérieur;I. Haddad;Tit.;90;1.0;;;0;0
2019/20;2020-09-20;24;RCAZ;Extérieur;K. Kassenguo;Tit.;77;;;;0;0
2019/20;2020-09-20;24;RCAZ;Extérieur;M. Rahim;Tit.;90;;;;0;0
2019/20;2020-09-20;24;RCAZ;Extérieur;W. El Karti;Tit.;90;;;;0;0
2019/20;2020-09-20;24;RCAZ;Extérieur;Y. Jabrane;Tit.;90;1.0;1.0;;0;0
2019/20;2020-09-20;24;RCAZ;Extérieur;H. El Bahja;Remp.;13;;1.0;;0;0
2019/20;2020-09-20;24;RCAZ;Extérieur;Y. Attiatallah;Remp.;19;;;;0;0
2019/20;2020-09-20;24;RCAZ;Extérieur;Z. El-Moutaraji;Remp.;7;;;;0;0
2019/20;2020-09-24;25;RCA;Domicile;A. El Amloud;Tit.;74;;;;0;0
2019/20;2020-09-24;25;RCA;Domicile;A. El Hassouni;Tit.;90;;;;0;0
2019/20;2020-09-24;25;RCA;Domicile;A. R. Tagnaouti;Tit.;90;;;;0;0
2019/20;2020-09-24;25;RCA;Domicile;B. Aouk;Tit.;79;;;;0;0
2019/20;2020-09-24;25;RCA;Domicile;I. Najm Eddine;Tit.;90;;1.0;;0;0
2019/20;2020-09-24;25;RCA;Domicile;I. Haddad;Tit.;90;;;;0;0
2019/20;2020-09-24;25;RCA;Domicile;K. Kassenguo;Tit.;90;;;;0;0
2019/20;2020-09-24;25;RCA;Domicile;M. Rahim;Tit.;78;;1.0;;0;0
2019/20;2020-09-24;25;RCA;Domicile;W. El Karti;Tit.;90;;;;0;0
2019/20;2020-09-24;25;RCA;Domicile;Y. Attiatallah;Tit.;90;;1.0;;0;0
2019/20;2020-09-24;25;RCA;Domicile;Y. Jabrane;Tit.;90;;;;0;0
2019/20;2020-09-24;25;RCA;Domicile;S. Saidi;Remp.;12;;;;0;0
2019/20;2020-09-24;25;RCA;Domicile;Y. Chaina;Remp.;16;;;;0;0
2019/20;2020-09-24;25;RCA;Domicile;Z. El-Moutaraji;Remp.;11;;;;0;0
2019/20;2020-09-27;26;MAT;Extérieur;A. El Hassouni;Tit.;80;;;;0;0
2019/20;2020-09-27;26;MAT;Extérieur;A. Noussair;Tit.;88;;;;0;0
2019/20;2020-09-27;26;MAT;Extérieur;A. R. Tagnaouti;Tit.;90;;;;0;0
2019/20;2020-09-27;26;MAT;Extérieur;B. Aouk;Tit.;90;;;;0;0
2019/20;2020-09-27;26;MAT;Extérieur;I. Najm Eddine;Tit.;90;;;;0;0
2019/20;2020-09-27;26;MAT;Extérieur;I. Haddad;Tit.;90;;1.0;;0;0
2019/20;2020-09-27;26;MAT;Extérieur;K. Kassenguo;Tit.;90;;;;0;0
2019/20;2020-09-27;26;MAT;Extérieur;S. Saidi;Tit.;90;;;;0;0
2019/20;2020-09-27;26;MAT;Extérieur;W. El Karti;Tit.;90;;;;0;0
2019/20;2020-09-27;26;MAT;Extérieur;Y. Attiatallah;Tit.;90;;;;0;0
2019/20;2020-09-27;26;MAT;Extérieur;Y. Jabrane;Tit.;90;1.0;1.0;;0;0
2019/20;2020-09-27;26;MAT;Extérieur;H. Asrir;Remp.;10;;1.0;;0;0
2019/20;2020-09-27;26;MAT;Extérieur;Z. El-Moutaraji;Remp.;2;;;;0;0
2019/20;2020-09-30;27;OCS;Domicile;A. El Hassouni;Tit.;62;;;;0;0
2019/20;2020-09-30;27;OCS;Domicile;A. Noussair;Tit.;62;;;;0;0
2019/20;2020-09-30;27;OCS;Domicile;A. R. Tagnaouti;Tit.;90;;;;0;0
2019/20;2020-09-30;27;OCS;Domicile;B. Aouk;Tit.;90;2.0;;;0;0
2019/20;2020-09-30;27;OCS;Domicile;I. Najm Eddine;Tit.;88;;;;0;0
2019/20;2020-09-30;27;OCS;Domicile;I. Haddad;Tit.;83;;;;0;0
2019/20;2020-09-30;27;OCS;Domicile;K. Kassenguo;Tit.;90;1.0;;;0;0
2019/20;2020-09-30;27;OCS;Domicile;S. Saidi;Tit.;90;;;;0;0
2019/20;2020-09-30;27;OCS;Domicile;W. El Karti;Tit.;90;;;;0;0
2019/20;2020-09-30;27;OCS;Domicile;Y. Attiatallah;Tit.;90;;;;0;0
2019/20;2020-09-30;27;OCS;Domicile;Y. Jabrane;Tit.;83;1.0;;;0;0
2019/20;2020-09-30;27;OCS;Domicile;A. Mouddne;Remp.;2;;;;0;0
2019/20;2020-09-30;27;OCS;Domicile;G. Jamil;Remp.;7;;;;0;0
2019/20;2020-09-30;27;OCS;Domicile;H. Asrir;Remp.;28;;;;0;0
2019/20;2020-09-30;27;OCS;Domicile;H. El Bahja;Remp.;7;;;;0;0
2019/20;2020-09-30;27;OCS;Domicile;Y. Chaina;Remp.;28;;;;0;0
2019/20;2020-10-04;28;HUSA;Extérieur;A. El Hassouni;Tit.;62;;;;0;0
2019/20;2020-10-04;28;HUSA;Extérieur;A. R. Tagnaouti;Tit.;90;;;;0;0
2019/20;2020-10-04;28;HUSA;Extérieur;B. Aouk;Tit.;90;;;;0;0
2019/20;2020-10-04;28;HUSA;Extérieur;I. Haddad;Tit.;90;;;;0;0
2019/20;2020-10-04;28;HUSA;Extérieur;K. Kassenguo;Tit.;90;;;;0;0
2019/20;2020-10-04;28;HUSA;Extérieur;M. Rahim;Tit.;90;;;;0;0
2019/20;2020-10-04;28;HUSA;Extérieur;S. Saidi;Tit.;90;;;;0;0
2019/20;2020-10-04;28;HUSA;Extérieur;W. El Karti;Tit.;90;;;;0;0
2019/20;2020-10-04;28;HUSA;Extérieur;Y. Chaina;Tit.;85;;;;0;0
2019/20;2020-10-04;28;HUSA;Extérieur;Y. Jabrane;Tit.;90;1.0;;;0;0
2019/20;2020-10-04;28;HUSA;Extérieur;A. Noussair;Remp.;5;;;;0;0
2019/20;2020-10-04;28;HUSA;Extérieur;G. J. Magbi;Remp.;28;;;;0;0
2019/20;2020-10-07;29;RCOZ;Domicile;A. El Hassouni;Tit.;82;1.0;;;0;0
2019/20;2020-10-07;29;RCOZ;Domicile;A. Noussair;Tit.;90;;;;0;0
2019/20;2020-10-07;29;RCOZ;Domicile;A. R. Tagnaouti;Tit.;90;;;;0;0
2019/20;2020-10-07;29;RCOZ;Domicile;B. Aouk;Tit.;89;;;;0;0
2019/20;2020-10-07;29;RCOZ;Domicile;G. J. Magbi;Tit.;75;;;;0;0
2019/20;2020-10-07;29;RCOZ;Domicile;I. Haddad;Tit.;89;1.0;;;0;0
2019/20;2020-10-07;29;RCOZ;Domicile;M. Rahim;Tit.;90;;1.0;;0;0
2019/20;2020-10-07;29;RCOZ;Domicile;S. Saidi;Tit.;75;;;;0;0
2019/20;2020-10-07;29;RCOZ;Domicile;W. El Karti;Tit.;90;;;;0;0
2019/20;2020-10-07;29;RCOZ;Domicile;Y. Attiatallah;Tit.;90;;;;0;0
2019/20;2020-10-07;29;RCOZ;Domicile;Y. Jabrane;Tit.;90;;1.0;;0;0
2019/20;2020-10-07;29;RCOZ;Domicile;B. Gadarine;Remp.;1;;;;0;0
2019/20;2020-10-07;29;RCOZ;Domicile;I. Najm Eddine;Remp.;15;;;;0;0
2019/20;2020-10-07;29;RCOZ;Domicile;B. Nekkach;Remp.;15;;;;0;0
2019/20;2020-10-07;29;RCOZ;Domicile;H. Asrir;Remp.;1;;;;0;0
2019/20;2020-10-07;29;RCOZ;Domicile;Z. El-Moutaraji;Remp.;8;;;;0;0
2019/20;2020-10-11;30;FUS;Extérieur;A. El Hassouni;Tit.;89;;;;0;0
2019/20;2020-10-11;30;FUS;Extérieur;A. Noussair;Tit.;74;;;;0;0
2019/20;2020-10-11;30;FUS;Extérieur;A. R. Tagnaouti;Tit.;90;;;;0;0
2019/20;2020-10-11;30;FUS;Extérieur;B. Aouk;Tit.;90;;;;0;0
2019/20;2020-10-11;30;FUS;Extérieur;G. J. Magbi;Tit.;82;1.0;;;0;0
2019/20;2020-10-11;30;FUS;Extérieur;I. Haddad;Tit.;90;;1.0;;0;0
2019/20;2020-10-11;30;FUS;Extérieur;M. Rahim;Tit.;90;;;;0;0
2019/20;2020-10-11;30;FUS;Extérieur;S. Saidi;Tit.;90;;;;0;0
2019/20;2020-10-11;30;FUS;Extérieur;W. El Karti;Tit.;90;;;;0;0
2019/20;2020-10-11;30;FUS;Extérieur;Y. Attiatallah;Tit.;90;;1.0;;0;0
2019/20;2020-10-11;30;FUS;Extérieur;Y. Jabrane;Tit.;90;;;;0;0
2019/20;2020-10-11;30;FUS;Extérieur;I. Najm Eddine;Remp.;1;;;;0;0
2019/20;2020-10-11;30;FUS;Extérieur;Y. Chaina;Remp.;16;;;;0;0
2019/20;2020-10-11;30;FUS;Extérieur;Z. El-Moutaraji;Remp.;8;1.0;;;0;0
2020/21;2020-12-06;1;CAYB;Domicile;A. Aboulfath;Tit.;90;;;;0;0
2020/21;2020-12-06;1;CAYB;Domicile;A. Dari;Tit.;90;;;;0;0
2020/21;2020-12-06;1;CAYB;Domicile;A. El Hassouni;Tit.;72;;;;0;0
2020/21;2020-12-06;1;CAYB;Domicile;A. El Kaabi;Tit.;90;;;;0;0
2020/21;2020-12-06;1;CAYB;Domicile;A. R. Tagnaouti;Tit.;90;-1.0;;;0;0
2020/21;2020-12-06;1;CAYB;Domicile;B. Aouk;Tit.;46;;;;0;0
2020/21;2020-12-06;1;CAYB;Domicile;B. Gadarine;Tit.;90;;1.0;;0;0
2020/21;2020-12-06;1;CAYB;Domicile;S. Saidi;Tit.;90;;;;0;0
2020/21;2020-12-06;1;CAYB;Domicile;Y. Attiatallah;Tit.;90;1.0;1.0;;0;0
2020/21;2020-12-06;1;CAYB;Domicile;Y. Jabrane;Tit.;80;;;;0;0
2020/21;2020-12-06;1;CAYB;Domicile;Z. El-Moutaraji;Tit.;80;;;;0;0
2020/21;2020-12-06;1;CAYB;Domicile;A. Skouma;Remp.;10;;;;0;0
2020/21;2020-12-06;1;CAYB;Domicile;M. Ellafi;Remp.;44;;;;0;0
2020/21;2020-12-06;1;CAYB;Domicile;S. Msuva;Remp.;10;;;;0;0
2020/21;2020-12-06;1;CAYB;Domicile;W. El Karti;Remp.;18;;;;0;0
2020/21;2020-12-09;2;DHJ;Extérieur;A. Aboulfath;Tit.;90;;;;0;0
2020/21;2020-12-09;2;DHJ;Extérieur;A. Dari;Tit.;90;;;;0;0
2020/21;2020-12-09;2;DHJ;Extérieur;A. El Kaabi;Tit.;90;1.0;;;0;0
2020/21;2020-12-09;2;DHJ;Extérieur;A. R. Tagnaouti;Tit.;90;;1.0;;0;0
2020/21;2020-12-09;2;DHJ;Extérieur;B. Aouk;Tit.;77;;;;0;0
2020/21;2020-12-09;2;DHJ;Extérieur;M. Rahim;Tit.;90;;;;0;0
2020/21;2020-12-09;2;DHJ;Extérieur;S. Saidi;Tit.;90;;1.0;;0;0
2020/21;2020-12-09;2;DHJ;Extérieur;W. El Karti;Tit.;77;;;;0;0
2020/21;2020-12-09;2;DHJ;Extérieur;Y. Attiatallah;Tit.;90;;;;0;0
2020/21;2020-12-09;2;DHJ;Extérieur;Y. Jabrane;Tit.;90;;;;0;0
2020/21;2020-12-09;2;DHJ;Extérieur;Z. El-Moutaraji;Tit.;46;;;;0;0
2020/21;2020-12-09;2;DHJ;Extérieur;A. Serrhat;Remp.;1;;;;0;0
2020/21;2020-12-09;2;DHJ;Extérieur;B. Gadarine;Remp.;13;;;;0;0
2020/21;2020-12-09;2;DHJ;Extérieur;M. Ellafi;Remp.;43;;1.0;;0;0
2020/21;2020-12-09;2;DHJ;Extérieur;S. Msuva;Remp.;13;;;;0;0
2020/21;2020-12-12;3;OCS;Extérieur;A. Aboulfath;Tit.;90;;1.0;;0;0
2020/21;2020-12-12;3;OCS;Extérieur;A. Dari;Tit.;51;;;1.0;0;0
2020/21;2020-12-12;3;OCS;Extérieur;A. El Kaabi;Tit.;90;;;;0;0
2020/21;2020-12-12;3;OCS;Extérieur;A. R. Tagnaouti;Tit.;90;;;;0;0
2020/21;2020-12-12;3;OCS;Extérieur;B. Aouk;Tit.;46;;;;0;0
2020/21;2020-12-12;3;OCS;Extérieur;M. Rahim;Tit.;90;;;;0;0
2020/21;2020-12-12;3;OCS;Extérieur;S. Saidi;Tit.;90;;1.0;;0;0
2020/21;2020-12-12;3;OCS;Extérieur;W. El Karti;Tit.;84;;;;0;0
2020/21;2020-12-12;3;OCS;Extérieur;Y. Attiatallah;Tit.;90;;;;0;0
2020/21;2020-12-12;3;OCS;Extérieur;Y. Jabrane;Tit.;90;;;;0;0
2020/21;2020-12-12;3;OCS;Extérieur;Z. El-Moutaraji;Tit.;46;;;;0;0
2020/21;2020-12-12;3;OCS;Extérieur;M. Babtondé;Remp.;6;;;;0;0
2020/21;2020-12-12;3;OCS;Extérieur;M. Ellafi;Remp.;44;1.0;;;0;0
2020/21;2020-12-12;3;OCS;Extérieur;S. Msuva;Remp.;44;;;;0;0
2020/21;2020-12-19;4;HUSA;Domicile;A. R. Tagnaouti;Tit.;90;;;;0;0
2020/21;2020-12-19;4;HUSA;Domicile;M. Rahim;Tit.;35;;;;0;0
2020/21;2020-12-19;4;HUSA;Domicile;A. Aboulfath;Tit.;90;;1.0;;0;0
2020/21;2020-12-19;4;HUSA;Domicile;Y. Attiatallah;Tit.;90;;;;0;0
2020/21;2020-12-19;4;HUSA;Domicile;B. Gadarine;Tit.;90;;;;0;0
2020/21;2020-12-19;4;HUSA;Domicile;A. Serrhat;Tit.;90;;;;0;0
2020/21;2020-12-19;4;HUSA;Domicile;W. El Karti;Tit.;90;;;;0;0
2020/21;2020-12-19;4;HUSA;Domicile;B. Aouk;Tit.;70;;;;0;0
2020/21;2020-12-19;4;HUSA;Domicile;M. Ellafi;Tit.;70;1.0;;;0;0
2020/21;2020-12-19;4;HUSA;Domicile;A. El Kaabi;Tit.;89;;;;0;0
2020/21;2020-12-19;4;HUSA;Domicile;S. Msuva;Tit.;89;1.0;;;0;0
2020/21;2020-12-19;4;HUSA;Domicile;A. El Amloud;Remp.;55;1.0;;;0;0
2020/21;2020-12-19;4;HUSA;Domicile;S. Kerkache;Remp.;1;;;;0;0
2020/21;2020-12-19;4;HUSA;Domicile;H. Ait Allal;Remp.;1;;;;0;0
2020/21;2020-12-19;4;HUSA;Domicile;Z. El-Moutaraji;Remp.;20;;;;0;0
2020/21;2020-12-19;4;HUSA;Domicile;M. Babtondé;Remp.;20;;;;0;0
2020/21;2020-12-26;5;MAS;Extérieur;A. R. Tagnaouti;Tit.;90;;;;0;0
2020/21;2020-12-26;5;MAS;Extérieur;A. Dari;Tit.;90;;;;0;0
2020/21;2020-12-26;5;MAS;Extérieur;Y. Attiatallah;Tit.;90;;;;0;0
2020/21;2020-12-26;5;MAS;Extérieur;M. Rahim;Tit.;90;;;;0;0
2020/21;2020-12-26;5;MAS;Extérieur;A. Aboulfath;Tit.;90;;;;0;0
2020/21;2020-12-26;5;MAS;Extérieur;H. Ait Allal;Tit.;83;;1.0;;0;0
2020/21;2020-12-26;5;MAS;Extérieur;W. El Karti;Tit.;90;;;;0;0
2020/21;2020-12-26;5;MAS;Extérieur;S. Saidi;Tit.;90;;;;0;0
2020/21;2020-12-26;5;MAS;Extérieur;A. Serrhat;Tit.;90;;;;0;0
2020/21;2020-12-26;5;MAS;Extérieur;A. El Kaabi;Tit.;90;;;;0;0
2020/21;2020-12-26;5;MAS;Extérieur;S. Msuva;Tit.;89;1.0;;;0;0
2020/21;2020-12-26;5;MAS;Extérieur;B. Gadarine;Remp.;1;;;;0;0
2020/21;2020-12-26;5;MAS;Extérieur;B. Aouk;Remp.;7;;;;0;0
2020/21;2021-02-16;6;FUS;Domicile;A. R. Tagnaouti;Tit.;90;;;;0;0
2020/21;2021-02-16;6;FUS;Domicile;A. Dari;Tit.;90;1.0;;;0;0
2020/21;2021-02-16;6;FUS;Domicile;A. El Amloud;Tit.;90;;;;0;0
2020/21;2021-02-16;6;FUS;Domicile;M. Rahim;Tit.;90;;;;0;0
2020/21;2021-02-16;6;FUS;Domicile;A. Aboulfath;Tit.;90;;;;0;0
2020/21;2021-02-16;6;FUS;Domicile;W. El Karti;Tit.;90;;;;0;0
2020/21;2021-02-16;6;FUS;Domicile;Y. Jabrane;Tit.;89;;1.0;;0;0
2020/21;2021-02-16;6;FUS;Domicile;A. El Hassouni;Tit.;59;;;;0;0
2020/21;2021-02-16;6;FUS;Domicile;A. El Kaabi;Tit.;90;1.0;;;0;0
2020/21;2021-02-16;6;FUS;Domicile;S. Msuva;Tit.;59;;;;0;0
2020/21;2021-02-16;6;FUS;Domicile;M. Ellafi;Tit.;86;1.0;;;0;0
2020/21;2021-02-16;6;FUS;Domicile;C.I. Comara;Remp.;1;;;;0;0
2020/21;2021-02-16;6;FUS;Domicile;S. El Moudane;Remp.;31;;;;0;0
2020/21;2021-02-16;6;FUS;Domicile;M. Ounajem;Remp.;31;;;;0;0
2020/21;2021-02-16;6;FUS;Domicile;Z. El-Moutaraji;Remp.;4;;;;0;0
2020/21;2021-02-19;7;RCAZ;Extérieur;A. Aboulfath;Tit.;90;;1.0;;0;0
2020/21;2021-02-19;7;RCAZ;Extérieur;A. Dari;Tit.;90;;;;0;0
2020/21;2021-02-19;7;RCAZ;Extérieur;A. El Amloud;Tit.;90;;;;0;0
2020/21;2021-02-19;7;RCAZ;Extérieur;A. El Kaabi;Tit.;90;2.0;;;0;0
2020/21;2021-02-19;7;RCAZ;Extérieur;A. R. Tagnaouti;Tit.;90;;;;0;0
2020/21;2021-02-19;7;RCAZ;Extérieur;M. Ellafi;Tit.;76;;;;0;0
2020/21;2021-02-19;7;RCAZ;Extérieur;S. Msuva;Tit.;59;;;;0;0
2020/21;2021-02-19;7;RCAZ;Extérieur;S. Saidi;Tit.;76;;;;0;0
2020/21;2021-02-19;7;RCAZ;Extérieur;W. El Karti;Tit.;46;;;;0;0
2020/21;2021-02-19;7;RCAZ;Extérieur;Y. Attiatallah;Tit.;90;;1.0;;0;0
2020/21;2021-02-19;7;RCAZ;Extérieur;Y. Jabrane;Tit.;90;;;;0;0
2020/21;2021-02-19;7;RCAZ;Extérieur;A. El Hassouni;Remp.;44;;;;0;0
2020/21;2021-02-19;7;RCAZ;Extérieur;M. Ounajem;Remp.;31;;;;0;0
2020/21;2021-02-19;7;RCAZ;Extérieur;S. El Moudane;Remp.;14;;;;0;0
2020/21;2021-02-19;7;RCAZ;Extérieur;Z. El-Moutaraji;Remp.;14;;;;0;0
2020/21;2021-03-11;9;MAT;Extérieur;A. Aboulfath;Tit.;90;;;;0;0
2020/21;2021-03-11;9;MAT;Extérieur;A. El Amloud;Tit.;90;;;;0;0
2020/21;2021-03-11;9;MAT;Extérieur;A. El Kaabi;Tit.;90;1.0;;;0;0
2020/21;2021-03-11;9;MAT;Extérieur;A. R. Tagnaouti;Tit.;90;;;;0;0
2020/21;2021-03-11;9;MAT;Extérieur;C.I. Comara;Tit.;90;;;;0;0
2020/21;2021-03-11;9;MAT;Extérieur;M. Ellafi;Tit.;62;;;;0;0
2020/21;2021-03-11;9;MAT;Extérieur;S. El Moudane;Tit.;83;;;;0;0
2020/21;2021-03-11;9;MAT;Extérieur;S. Msuva;Tit.;90;1.0;;;0;0
2020/21;2021-03-11;9;MAT;Extérieur;W. El Karti;Tit.;90;;;;0;0
2020/21;2021-03-11;9;MAT;Extérieur;Y. Attiatallah;Tit.;90;;;;0;0
2020/21;2021-03-11;9;MAT;Extérieur;Y. Jabrane;Tit.;90;;1.0;;0;0
2020/21;2021-03-11;9;MAT;Extérieur;A. El Hassouni;Remp.;7;;;;0;0
2020/21;2021-03-11;9;MAT;Extérieur;M. Ounajem;Remp.;28;;;;0;0
2020/21;2021-03-21;10;RCA;Domicile;A. R. Tagnaouti;Tit.;90;;;;0;0
2020/21;2021-03-21;10;RCA;Domicile;A. Dari;Tit.;90;1.0;;;0;0
2020/21;2021-03-21;10;RCA;Domicile;Y. Attiatallah;Tit.;90;;;;0;0
2020/21;2021-03-21;10;RCA;Domicile;A. El Amloud;Tit.;90;1.0;1.0;;0;0
2020/21;2021-03-21;10;RCA;Domicile;A. Aboulfath;Tit.;90;;;;0;0
2020/21;2021-03-21;10;RCA;Domicile;S. El Moudane;Tit.;46;;;;0;0
2020/21;2021-03-21;10;RCA;Domicile;W. El Karti;Tit.;89;;;;0;0
2020/21;2021-03-21;10;RCA;Domicile;Y. Jabrane;Tit.;90;;1.0;;0;0
2020/21;2021-03-21;10;RCA;Domicile;M. Ounajem;Tit.;29;;;;0;0
2020/21;2021-03-21;10;RCA;Domicile;A. El Kaabi;Tit.;90;;;;0;0
2020/21;2021-03-21;10;RCA;Domicile;M. Ellafi;Tit.;83;;1.0;;0;0
2020/21;2021-03-21;10;RCA;Domicile;C.I. Comara;Remp.;1;;;;0;0
2020/21;2021-03-21;10;RCA;Domicile;M. Rahim;Remp.;7;;;;0;0
2020/21;2021-03-21;10;RCA;Domicile;B. Aouk;Remp.;7;;;;0;0
2020/21;2021-03-21;10;RCA;Domicile;S. Saidi;Remp.;44;;;;0;0
2020/21;2021-03-21;10;RCA;Domicile;S. Msuva;Remp.;44;;;;0;0
2020/21;2021-04-07;11;RCOZ;Extérieur;A. Aboulfath;Tit.;90;;1.0;;0;0
2020/21;2021-04-07;11;RCOZ;Extérieur;A. Dari;Tit.;90;;;;0;0
2020/21;2021-04-07;11;RCOZ;Extérieur;A. El Amloud;Tit.;90;;;;0;0
2020/21;2021-04-07;11;RCOZ;Extérieur;A. El Kaabi;Tit.;65;;;;0;0
2020/21;2021-04-07;11;RCOZ;Extérieur;A. R. Tagnaouti;Tit.;90;;;;0;0
2020/21;2021-04-07;11;RCOZ;Extérieur;M. Ellafi;Tit.;89;;;;0;0
2020/21;2021-04-07;11;RCOZ;Extérieur;S. Msuva;Tit.;89;;;;0;0
2020/21;2021-04-07;11;RCOZ;Extérieur;S. Saidi;Tit.;90;1.0;;;0;0
2020/21;2021-04-07;11;RCOZ;Extérieur;W. El Karti;Tit.;90;;;;0;0
2020/21;2021-04-07;11;RCOZ;Extérieur;Y. Attiatallah;Tit.;90;;;;0;0
2020/21;2021-04-07;11;RCOZ;Extérieur;Y. Jabrane;Tit.;90;;;;0;0
2020/21;2021-04-07;11;RCOZ;Extérieur;A. El Hassouni;Remp.;25;;;;0;0
2020/21;2021-04-07;11;RCOZ;Extérieur;A. Haimoud;Remp.;1;;;;0;0
2020/21;2021-04-07;11;RCOZ;Extérieur;M. El Ouardi;Remp.;1;;;;0;0
2020/21;2021-04-15;12;MCO;Domicile;A. Dari;Tit.;90;;1.0;;0;0
2020/21;2021-04-15;12;MCO;Domicile;A. El Amloud;Tit.;90;;;;0;0
2020/21;2021-04-15;12;MCO;Domicile;A. El Hassouni;Tit.;61;;;;0;0
2020/21;2021-04-15;12;MCO;Domicile;A. El Kaabi;Tit.;90;1.0;;;0;0
2020/21;2021-04-15;12;MCO;Domicile;A. R. Tagnaouti;Tit.;90;;;;0;0
2020/21;2021-04-15;12;MCO;Domicile;C.I. Comara;Tit.;90;;1.0;;0;0
2020/21;2021-04-15;12;MCO;Domicile;M. Ellafi;Tit.;90;;;;0;0
2020/21;2021-04-15;12;MCO;Domicile;M. Ounajem;Tit.;89;;;;0;0
2020/21;2021-04-15;12;MCO;Domicile;S. Saidi;Tit.;61;;;;0;0
2020/21;2021-04-15;12;MCO;Domicile;W. El Karti;Tit.;90;;;;0;0
2020/21;2021-04-15;12;MCO;Domicile;Y. Attiatallah;Tit.;90;;1.0;;0;0
2020/21;2021-04-15;12;MCO;Domicile;A. Haimoud;Remp.;29;;;;0;0
2020/21;2021-04-15;12;MCO;Domicile;Y. Jabrane;Remp.;29;;;;0;0
2020/21;2021-04-15;12;MCO;Domicile;Z. El-Moutaraji;Remp.;1;;;;0;0
2020/21;2021-04-25;13;IRT;Extérieur;A. Aboulfath;Tit.;90;;;;0;0
2020/21;2021-04-25;13;IRT;Extérieur;A. Dari;Tit.;90;;;;0;0
2020/21;2021-04-25;13;IRT;Extérieur;A. El Amloud;Tit.;90;1.0;;;0;0
2020/21;2021-04-25;13;IRT;Extérieur;A. El Hassouni;Tit.;64;;;;0;0
2020/21;2021-04-25;13;IRT;Extérieur;A. El Kaabi;Tit.;90;;;;0;0
2020/21;2021-04-25;13;IRT;Extérieur;I. Sioudi;Tit.;90;;;;0;0
2020/21;2021-04-25;13;IRT;Extérieur;M. Ounajem;Tit.;64;;;;0;0
2020/21;2021-04-25;13;IRT;Extérieur;S. Msuva;Tit.;81;1.0;;;0;0
2020/21;2021-04-25;13;IRT;Extérieur;W. El Karti;Tit.;90;;;;0;0
2020/21;2021-04-25;13;IRT;Extérieur;Y. Attiatallah;Tit.;90;;;;0;0
2020/21;2021-04-25;13;IRT;Extérieur;Y. Jabrane;Tit.;90;;;;0;0
2020/21;2021-04-25;13;IRT;Extérieur;B. Aouk;Remp.;9;;;;0;0
2020/21;2021-04-25;13;IRT;Extérieur;M. Ellafi;Remp.;26;;;;0;0
2020/21;2021-04-25;13;IRT;Extérieur;S. El Moudane;Remp.;25;;1.0;;0;0
2020/21;2021-04-25;13;IRT;Extérieur;Z. El-Moutaraji;Remp.;1;;;;0;0
2020/21;2021-04-29;14;SCCM;Domicile;A. Aboulfath;Tit.;90;;1.0;;0;0
2020/21;2021-04-29;14;SCCM;Domicile;A. Dari;Tit.;90;;;;0;0
2020/21;2021-04-29;14;SCCM;Domicile;A. El Hassouni;Tit.;90;;;;0;0
2020/21;2021-04-29;14;SCCM;Domicile;A. El Kaabi;Tit.;90;1.0;;;0;0
2020/21;2021-04-29;14;SCCM;Domicile;I. Sioudi;Tit.;90;;;;0;0
2020/21;2021-04-29;14;SCCM;Domicile;M. Ounajem;Tit.;58;;;;0;0
2020/21;2021-04-29;14;SCCM;Domicile;M. Rahim;Tit.;90;;;;0;0
2020/21;2021-04-29;14;SCCM;Domicile;S. Msuva;Tit.;58;;;;0;0
2020/21;2021-04-29;14;SCCM;Domicile;W. El Karti;Tit.;87;;;;0;0
2020/21;2021-04-29;14;SCCM;Domicile;Y. Attiatallah;Tit.;58;;;;0;0
2020/21;2021-04-29;14;SCCM;Domicile;Y. Jabrane;Tit.;58;;;;0;0
2020/21;2021-04-29;14;SCCM;Domicile;A. Haimoud;Remp.;32;;1.0;;0;0
2020/21;2021-04-29;14;SCCM;Domicile;M. Ellafi;Remp.;32;;;;0;0
2020/21;2021-04-29;14;SCCM;Domicile;Z. El-Moutaraji;Remp.;3;;;;0;0
2020/21;2021-05-02;8;RSB;Domicile;A. Aboulfath;Tit.;90;;1.0;;0;0
2020/21;2021-05-02;8;RSB;Domicile;A. Dari;Tit.;90;;1.0;;0;0
2020/21;2021-05-02;8;RSB;Domicile;A. El Hassouni;Tit.;90;;;;0;0
2020/21;2021-05-02;8;RSB;Domicile;A. El Kaabi;Tit.;85;;;;0;0
2020/21;2021-05-02;8;RSB;Domicile;H. Ait Allal;Tit.;90;;;;0;0
2020/21;2021-05-02;8;RSB;Domicile;I. Sioudi;Tit.;39;;;;0;0
2020/21;2021-05-02;8;RSB;Domicile;M. Ellafi;Tit.;78;;;;0;0
2020/21;2021-05-02;8;RSB;Domicile;M. Ounajem;Tit.;78;1.0;;;0;0
2020/21;2021-05-02;8;RSB;Domicile;W. El Karti;Tit.;90;1.0;;;0;0
2020/21;2021-05-02;8;RSB;Domicile;Y. Attiatallah;Tit.;85;;1.0;;0;0
2020/21;2021-05-02;8;RSB;Domicile;Y. Jabrane;Tit.;90;1.0;;;0;0
2020/21;2021-05-02;8;RSB;Domicile;A. Haimoud;Remp.;12;;;;0;0
2020/21;2021-05-02;8;RSB;Domicile;B. Aouk;Remp.;5;;;;0;0
2020/21;2021-05-02;8;RSB;Domicile;B. Gadarine;Remp.;5;;;;0;0
2020/21;2021-05-02;8;RSB;Domicile;S. Msuva;Remp.;12;1.0;;;0;0
2020/21;2021-05-02;8;RSB;Domicile;Y. Henin;Remp.;51;;;;0;0
2020/21;2021-05-09;15;FAR;Extérieur;A. R. Tagnaouti;Tit.;90;;;;0;0
2020/21;2021-05-09;15;FAR;Extérieur;A. Dari;Tit.;90;;;;0;0
2020/21;2021-05-09;15;FAR;Extérieur;A. Aboulfath;Tit.;90;;;;0;0
2020/21;2021-05-09;15;FAR;Extérieur;A. El Amloud;Tit.;77;;;;0;0
2020/21;2021-05-09;15;FAR;Extérieur;Y. Attiatallah;Tit.;89;;;;0;0
2020/21;2021-05-09;15;FAR;Extérieur;Y. Jabrane;Tit.;90;;;;0;0
2020/21;2021-05-09;15;FAR;Extérieur;W. El Karti;Tit.;90;;;;0;0
2020/21;2021-05-09;15;FAR;Extérieur;A. El Hassouni;Tit.;65;;;;0;0
2020/21;2021-05-09;15;FAR;Extérieur;M. Ounajem;Tit.;65;;;;0;0
2020/21;2021-05-09;15;FAR;Extérieur;M. Ellafi;Tit.;65;;;;0;0
2020/21;2021-05-09;15;FAR;Extérieur;A. El Kaabi;Tit.;90;;;;0;0
2020/21;2021-05-09;15;FAR;Extérieur;B. Gadarine;Remp.;1;;;;0;0
2020/21;2021-05-09;15;FAR;Extérieur;B. Aouk;Remp.;25;;;;0;0
2020/21;2021-05-09;15;FAR;Extérieur;A. Haimoud;Remp.;25;;;;0;0
2020/21;2021-05-09;15;FAR;Extérieur;H. Ait Allal;Remp.;13;;;;0;0
2020/21;2021-05-09;15;FAR;Extérieur;S. Msuva;Remp.;25;;;;0;0
2020/21;2021-05-18;18;OCS;Domicile;A. Dari;Tit.;90;;;;0;0
2020/21;2021-05-18;18;OCS;Domicile;A. El Amloud;Tit.;90;1.0;;;0;0
2020/21;2021-05-18;18;OCS;Domicile;A. El Hassouni;Tit.;46;;;;0;0
2020/21;2021-05-18;18;OCS;Domicile;A. El Kaabi;Tit.;90;;;;0;0
2020/21;2021-05-18;18;OCS;Domicile;A. R. Tagnaouti;Tit.;90;;;;0;0
2020/21;2021-05-18;18;OCS;Domicile;C.I. Comara;Tit.;89;;;;0;0
2020/21;2021-05-18;18;OCS;Domicile;M. Ellafi;Tit.;76;2.0;;;0;0
2020/21;2021-05-18;18;OCS;Domicile;M. Ounajem;Tit.;89;;;;0;0
2020/21;2021-05-18;18;OCS;Domicile;S. Saidi;Tit.;76;;;;0;0
2020/21;2021-05-18;18;OCS;Domicile;Y. Attiatallah;Tit.;90;;;;0;0
2020/21;2021-05-18;18;OCS;Domicile;Y. Jabrane;Tit.;90;;;;0;0
2020/21;2021-05-18;18;OCS;Domicile;A. Aboulfath;Remp.;14;;;;0;0
2020/21;2021-05-18;18;OCS;Domicile;A. Serrhat;Remp.;1;;;;0;0
2020/21;2021-05-18;18;OCS;Domicile;S. Msuva;Remp.;14;;;;0;0
2020/21;2021-05-18;18;OCS;Domicile;W. El Karti;Remp.;44;;;;0;0
2020/21;2021-05-18;18;OCS;Domicile;Z. El-Moutaraji;Remp.;1;;;;0;0
2020/21;2021-05-26;20;MAS;Domicile;A. Aboulfath;Tit.;90;;;;0;0
2020/21;2021-05-26;20;MAS;Domicile;A. Dari;Tit.;90;;;;0;0
2020/21;2021-05-26;20;MAS;Domicile;A. El Amloud;Tit.;90;;;;0;0
2020/21;2021-05-26;20;MAS;Domicile;A. El Kaabi;Tit.;90;;;;0;0
2020/21;2021-05-26;20;MAS;Domicile;A. R. Tagnaouti;Tit.;90;;;;0;0
2020/21;2021-05-26;20;MAS;Domicile;B. Aouk;Tit.;46;;;;0;0
2020/21;2021-05-26;20;MAS;Domicile;S. Msuva;Tit.;90;;;;0;0
2020/21;2021-05-26;20;MAS;Domicile;S. Saidi;Tit.;46;;;;0;0
2020/21;2021-05-26;20;MAS;Domicile;W. El Karti;Tit.;90;;;;0;0
2020/21;2021-05-26;20;MAS;Domicile;Y. Attiatallah;Tit.;90;;;;0;0
2020/21;2021-05-26;20;MAS;Domicile;Y. Jabrane;Tit.;90;;;;0;0
2020/21;2021-05-26;20;MAS;Domicile;M. Ellafi;Remp.;44;1.0;;;0;0
2020/21;2021-05-26;20;MAS;Domicile;M. Ounajem;Remp.;44;1.0;;;0;0
2020/21;2021-05-30;21;FUS;Extérieur;A. R. Tagnaouti;Tit.;90;;;;0;0
2020/21;2021-05-30;21;FUS;Extérieur;A. Dari;Tit.;90;;;;0;0
2020/21;2021-05-30;21;FUS;Extérieur;Y. Attiatallah;Tit.;90;;;;0;0
2020/21;2021-05-30;21;FUS;Extérieur;A. Aboulfath;Tit.;90;;1.0;;0;0
2020/21;2021-05-30;21;FUS;Extérieur;A. El Amloud;Tit.;90;;1.0;;0;0
2020/21;2021-05-30;21;FUS;Extérieur;W. El Karti;Tit.;90;;;;0;0
2020/21;2021-05-30;21;FUS;Extérieur;A. El Hassouni;Tit.;71;;;;0;0
2020/21;2021-05-30;21;FUS;Extérieur;Y. Jabrane;Tit.;90;;;;0;0
2020/21;2021-05-30;21;FUS;Extérieur;M. Ounajem;Tit.;87;;;;0;0
2020/21;2021-05-30;21;FUS;Extérieur;A. El Kaabi;Tit.;90;;;;0;0
2020/21;2021-05-30;21;FUS;Extérieur;M. Ellafi;Tit.;87;;;;0;0
2020/21;2021-05-30;21;FUS;Extérieur;A. Haimoud;Remp.;3;;;;0;0
2020/21;2021-05-30;21;FUS;Extérieur;B. Aouk;Remp.;3;;;;0;0
2020/21;2021-05-30;21;FUS;Extérieur;S. Msuva;Remp.;19;;;;0;0
2020/21;2021-06-03;16;CAYB;Extérieur;S. Msuva;Tit.;72;;;;0;0
2020/21;2021-06-03;16;CAYB;Extérieur;H. Ait Allal;Remp.;18;;;;0;0
2020/21;2021-06-03;16;CAYB;Extérieur;A. Aboulfath;Tit.;90;;;;0;0
2020/21;2021-06-03;16;CAYB;Extérieur;A. El Amloud;Tit.;90;;;;0;0
2020/21;2021-06-03;16;CAYB;Extérieur;Y. Jabrane;Tit.;90;;;;0;0
2020/21;2021-06-03;16;CAYB;Extérieur;M. Ounajem;Tit.;72;;1.0;;0;0
2020/21;2021-06-03;16;CAYB;Extérieur;C.I. Comara;Remp.;18;;;;0;0
2020/21;2021-06-03;16;CAYB;Extérieur;M. Ellafi;Tit.;58;;;;0;0
2020/21;2021-06-03;16;CAYB;Extérieur;A. El Hassouni;Remp.;32;;1.0;;0;0
2020/21;2021-06-03;16;CAYB;Extérieur;A. El Kaabi;Tit.;90;1.0;;;0;0
2020/21;2021-06-03;16;CAYB;Extérieur;Y. Attiatallah;Tit.;90;;1.0;;0;0
2020/21;2021-06-03;16;CAYB;Extérieur;A. R. Tagnaouti;Tit.;90;;1.0;;0;0
2020/21;2021-06-03;16;CAYB;Extérieur;A. Dari;Tit.;90;;;;0;0
2020/21;2021-06-03;16;CAYB;Extérieur;W. El Karti;Tit.;89;;;;0;0
2020/21;2021-06-03;16;CAYB;Extérieur;S. Saidi;Remp.;1;;;;0;0
2020/21;2021-06-09;17;DHJ;Domicile;H. Ait Allal;Tit.;90;;;;0;0
2020/21;2021-06-09;17;DHJ;Domicile;Y. Jabrane;Tit.;89;;;;0;0
2020/21;2021-06-09;17;DHJ;Domicile;A. Serrhat;Remp.;1;;;;0;0
2020/21;2021-06-09;17;DHJ;Domicile;A. El Kaabi;Tit.;89;3.0;;;0;0
2020/21;2021-06-09;17;DHJ;Domicile;A. Haimoud;Remp.;1;;;;0;0
2020/21;2021-06-09;17;DHJ;Domicile;M. Ellafi;Tit.;71;;;;0;0
2020/21;2021-06-09;17;DHJ;Domicile;B. Aouk;Remp.;19;;;;0;0
2020/21;2021-06-09;17;DHJ;Domicile;C.I. Comara;Tit.;90;;;;0;0
2020/21;2021-06-09;17;DHJ;Domicile;S. Msuva;Tit.;46;1.0;;;0;0
2020/21;2021-06-09;17;DHJ;Domicile;M. Ounajem;Remp.;44;;;;0;0
2020/21;2021-06-09;17;DHJ;Domicile;A. R. Tagnaouti;Tit.;90;;;;0;0
2020/21;2021-06-09;17;DHJ;Domicile;A. El Hassouni;Tit.;90;;;;0;0
2020/21;2021-06-09;17;DHJ;Domicile;W. El Karti;Tit.;82;;;;0;0
2020/21;2021-06-09;17;DHJ;Domicile;A. Skouma;Remp.;8;;;;0;0
2020/21;2021-06-09;17;DHJ;Domicile;A. Dari;Tit.;90;;;;0;0
2020/21;2021-06-09;17;DHJ;Domicile;A. Aboulfath;Tit.;90;;1.0;;0;0
2020/21;2021-06-13;19;HUSA;Extérieur;A. Dari;Tit.;90;1.0;1.0;;0;0
2020/21;2021-06-13;19;HUSA;Extérieur;A. El Amloud;Tit.;90;;;;0;0
2020/21;2021-06-13;19;HUSA;Extérieur;A. El Hassouni;Tit.;89;;1.0;;0;0
2020/21;2021-06-13;19;HUSA;Extérieur;A. El Kaabi;Tit.;90;1.0;;;0;0
2020/21;2021-06-13;19;HUSA;Extérieur;A. R. Tagnaouti;Tit.;90;;;;0;0
2020/21;2021-06-13;19;HUSA;Extérieur;M. Ellafi;Tit.;70;1.0;;;0;0
2020/21;2021-06-13;19;HUSA;Extérieur;M. Ounajem;Tit.;89;;;;0;0
2020/21;2021-06-13;19;HUSA;Extérieur;M. Rahim;Tit.;90;;;;0;0
2020/21;2021-06-13;19;HUSA;Extérieur;S. Saidi;Tit.;69;;;;0;0
2020/21;2021-06-13;19;HUSA;Extérieur;W. El Karti;Tit.;90;1.0;;;0;0
2020/21;2021-06-13;19;HUSA;Extérieur;Y. Attiatallah;Tit.;90;;;;0;0
2020/21;2021-06-13;19;HUSA;Extérieur;A. Farhane;Remp.;1;;;;0;0
2020/21;2021-06-13;19;HUSA;Extérieur;A. Haimoud;Remp.;1;;;;0;0
2020/21;2021-06-13;19;HUSA;Extérieur;S. Msuva;Remp.;20;1.0;;;0;0
2020/21;2021-06-13;19;HUSA;Extérieur;Y. Jabrane;Remp.;21;;;;0;0
2020/21;2021-06-16;22;RCAZ;Domicile;A. Dari;Tit.;90;;;;0;0
2020/21;2021-06-16;22;RCAZ;Domicile;A. El Amloud;Tit.;87;;;;0;0
2020/21;2021-06-16;22;RCAZ;Domicile;A. El Hassouni;Tit.;87;;;;0;0
2020/21;2021-06-16;22;RCAZ;Domicile;A. El Kaabi;Tit.;90;;;;0;0
2020/21;2021-06-16;22;RCAZ;Domicile;A. R. Tagnaouti;Tit.;90;;;;0;0
2020/21;2021-06-16;22;RCAZ;Domicile;B. Aouk;Tit.;46;;;;0;0
2020/21;2021-06-16;22;RCAZ;Domicile;M. Rahim;Tit.;90;;1.0;;0;0
2020/21;2021-06-16;22;RCAZ;Domicile;S. Msuva;Tit.;46;;;;0;0
2020/21;2021-06-16;22;RCAZ;Domicile;S. Saidi;Tit.;65;;;;0;0
2020/21;2021-06-16;22;RCAZ;Domicile;W. El Karti;Tit.;90;;;;0;0
2020/21;2021-06-16;22;RCAZ;Domicile;Y. Attiatallah;Tit.;90;;;;0;0
2020/21;2021-06-16;22;RCAZ;Domicile;A. Haimoud;Remp.;3;;;;0;0
2020/21;2021-06-16;22;RCAZ;Domicile;H. Ait Allal;Remp.;3;;;;0;0
2020/21;2021-06-16;22;RCAZ;Domicile;M. Ellafi;Remp.;44;;;;0;0
2020/21;2021-06-16;22;RCAZ;Domicile;M. Ounajem;Remp.;44;;;;0;0
2020/21;2021-06-16;22;RCAZ;Domicile;Y. Jabrane;Remp.;25;;;;0;0
2020/21;2021-06-22;23;RSB;Extérieur;A. Farhane;Tit.;90;;;1.0;0;0
2020/21;2021-06-22;23;RSB;Extérieur;A. Haimoud;Tit.;90;;;;0;0
2020/21;2021-06-22;23;RSB;Extérieur;A. Serrhat;Tit.;75;;;;0;0
2020/21;2021-06-22;23;RSB;Extérieur;B. Aouk;Tit.;90;;1.0;;0;0
2020/21;2021-06-22;23;RSB;Extérieur;B. Gadarine;Tit.;90;;;;0;0
2020/21;2021-06-22;23;RSB;Extérieur;H. Ait Allal;Tit.;90;;1.0;;0;0
2020/21;2021-06-22;23;RSB;Extérieur;I. Sioudi;Tit.;90;;1.0;;0;0
2020/21;2021-06-22;23;RSB;Extérieur;M. Chrachem;Tit.;61;1.0;;;0;0
2020/21;2021-06-22;23;RSB;Extérieur;M. Rahim;Tit.;90;;1.0;;0;0
2020/21;2021-06-22;23;RSB;Extérieur;S. Kerkache;Tit.;60;;;;0;0
2020/21;2021-06-22;23;RSB;Extérieur;Z. El-Moutaraji;Tit.;89;1.0;;;0;0
2020/21;2021-06-22;23;RSB;Extérieur;A. Skouma;Remp.;15;;;;0;0
2020/21;2021-06-22;23;RSB;Extérieur;M. El Ouardi;Remp.;1;;;;0;0
2020/21;2021-06-22;23;RSB;Extérieur;S. El Moudane;Remp.;30;;;;0;0
2020/21;2021-06-22;23;RSB;Extérieur;S. Saidi;Remp.;29;;;;0;0
2020/21;2021-06-30;24;MAT;Domicile;A. R. Tagnaouti;Tit.;90;;;;0;0
2020/21;2021-06-30;24;MAT;Domicile;Y. Attiatallah;Tit.;46;;;;0;0
2020/21;2021-06-30;24;MAT;Domicile;A. Aboulfath;Tit.;90;;;;0;0
2020/21;2021-06-30;24;MAT;Domicile;A. Dari;Tit.;90;;;;0;0
2020/21;2021-06-30;24;MAT;Domicile;H. Ait Allal;Tit.;90;;;;0;0
2020/21;2021-06-30;24;MAT;Domicile;A. El Hassouni;Tit.;66;1.0;;;0;0
2020/21;2021-06-30;24;MAT;Domicile;Y. Jabrane;Tit.;58;;;;0;0
2020/21;2021-06-30;24;MAT;Domicile;W. El Karti;Tit.;90;1.0;;;0;0
2020/21;2021-06-30;24;MAT;Domicile;Z. El-Moutaraji;Tit.;66;;;;0;0
2020/21;2021-06-30;24;MAT;Domicile;A. El Kaabi;Tit.;90;2.0;;;0;0
2020/21;2021-06-30;24;MAT;Domicile;M. Ounajem;Tit.;76;;;;0;0
2020/21;2021-06-30;24;MAT;Domicile;B. Gadarine;Remp.;44;;;;0;0
2020/21;2021-06-30;24;MAT;Domicile;S. Saidi;Remp.;32;;;;0;0
2020/21;2021-06-30;24;MAT;Domicile;S. El Moudane;Remp.;24;;;;0;0
2020/21;2021-06-30;24;MAT;Domicile;B. Aouk;Remp.;14;;;;0;0
2020/21;2021-06-30;24;MAT;Domicile;S. Msuva;Remp.;24;;;;0;0
2020/21;2021-07-03;25;RCA;Extérieur;A. R. Tagnaouti;Tit.;90;;;;0;0
2020/21;2021-07-03;25;RCA;Extérieur;A. Dari;Tit.;90;;;;0;0
2020/21;2021-07-03;25;RCA;Extérieur;Y. Attiatallah;Tit.;90;;;;0;0
2020/21;2021-07-03;25;RCA;Extérieur;A. El Amloud;Tit.;90;1.0;;;0;0
2020/21;2021-07-03;25;RCA;Extérieur;A. Aboulfath;Tit.;90;;;;0;0
2020/21;2021-07-03;25;RCA;Extérieur;Y. Jabrane;Tit.;90;;1.0;;0;0
2020/21;2021-07-03;25;RCA;Extérieur;W. El Karti;Tit.;90;;;;0;0
2020/21;2021-07-03;25;RCA;Extérieur;A. El Hassouni;Tit.;78;;;;0;0
2020/21;2021-07-03;25;RCA;Extérieur;M. Ounajem;Tit.;77;;;;0;0
2020/21;2021-07-03;25;RCA;Extérieur;A. El Kaabi;Tit.;89;;;;0;0
2020/21;2021-07-03;25;RCA;Extérieur;M. Ellafi;Tit.;63;;;;0;0
2020/21;2021-07-03;25;RCA;Extérieur;M. Rahim;Remp.;1;;1.0;;0;0
2020/21;2021-07-03;25;RCA;Extérieur;S. Msuva;Remp.;12;;;;0;0
2020/21;2021-07-03;25;RCA;Extérieur;S. Saidi;Remp.;13;;;;0;0
2020/21;2021-07-03;25;RCA;Extérieur;Z. El-Moutaraji;Remp.;27;1.0;1.0;;0;0
2020/21;2021-07-07;26;RCOZ;Domicile;A. Aboulfath;Tit.;90;;;;0;0
2020/21;2021-07-07;26;RCOZ;Domicile;A. Dari;Tit.;90;;;;0;0
2020/21;2021-07-07;26;RCOZ;Domicile;A. El Amloud;Tit.;90;;;;0;0
2020/21;2021-07-07;26;RCOZ;Domicile;A. El Hassouni;Tit.;67;;;;0;0
2020/21;2021-07-07;26;RCOZ;Domicile;A. El Kaabi;Tit.;89;1.0;;;0;0
2020/21;2021-07-07;26;RCOZ;Domicile;A. R. Tagnaouti;Tit.;90;;;;0;0
2020/21;2021-07-07;26;RCOZ;Domicile;M. Ounajem;Tit.;87;;;;0;0
2020/21;2021-07-07;26;RCOZ;Domicile;S. Saidi;Tit.;90;;;;0;0
2020/21;2021-07-07;26;RCOZ;Domicile;W. El Karti;Tit.;90;;;;0;0
2020/21;2021-07-07;26;RCOZ;Domicile;Y. Attiatallah;Tit.;90;;;;0;0
2020/21;2021-07-07;26;RCOZ;Domicile;Z. El-Moutaraji;Tit.;67;1.0;;;0;0
2020/21;2021-07-07;26;RCOZ;Domicile;A. Farhane;Remp.;1;;;;0;0
2020/21;2021-07-07;26;RCOZ;Domicile;A. Skouma;Remp.;23;;;;0;0
2020/21;2021-07-07;26;RCOZ;Domicile;B. Aouk;Remp.;3;;;;0;0
2020/21;2021-07-07;26;RCOZ;Domicile;S. Msuva;Remp.;7;;;1.0;0;0
2020/21;2021-07-14;27;MCO;Extérieur;A. R. Tagnaouti;Tit.;90;;1.0;;0;0
2020/21;2021-07-14;27;MCO;Extérieur;Y. Attiatallah;Tit.;90;1.0;;;0;0
2020/21;2021-07-14;27;MCO;Extérieur;A. Aboulfath;Tit.;90;;;;0;0
2020/21;2021-07-14;27;MCO;Extérieur;A. Dari;Tit.;90;;;;0;0
2020/21;2021-07-14;27;MCO;Extérieur;H. Ait Allal;Tit.;90;;;;0;0
2020/21;2021-07-14;27;MCO;Extérieur;A. El Hassouni;Tit.;90;;1.0;;0;0
2020/21;2021-07-14;27;MCO;Extérieur;Y. Jabrane;Tit.;90;;1.0;;0;0
2020/21;2021-07-14;27;MCO;Extérieur;W. El Karti;Tit.;87;;;;0;0
2020/21;2021-07-14;27;MCO;Extérieur;Z. El-Moutaraji;Tit.;77;;;;0;0
2020/21;2021-07-14;27;MCO;Extérieur;A. El Kaabi;Tit.;90;1.0;;;0;0
2020/21;2021-07-14;27;MCO;Extérieur;M. Ounajem;Tit.;89;;1.0;;0;0
2020/21;2021-07-14;27;MCO;Extérieur;A. Farhane;Remp.;3;;;;0;0
2020/21;2021-07-14;27;MCO;Extérieur;M. Rahim;Remp.;1;;;;0;0
2020/21;2021-07-14;27;MCO;Extérieur;B. Aouk;Remp.;13;;;;0;0
2020/21;2021-07-18;28;IRT;Domicile;A. Farhane;Tit.;90;;;;0;0
2020/21;2021-07-18;28;IRT;Domicile;A. Haimoud;Tit.;46;;;;0;0
2020/21;2021-07-18;28;IRT;Domicile;A. El Kaabi;Tit.;90;1.0;;;0;0
2020/21;2021-07-18;28;IRT;Domicile;A. Serrhat;Tit.;90;;;;0;0
2020/21;2021-07-18;28;IRT;Domicile;B. Aouk;Tit.;44;;;1.0;0;0
2020/21;2021-07-18;28;IRT;Domicile;B. Gadarine;Tit.;26;;;;0;0
2020/21;2021-07-18;28;IRT;Domicile;H. Ait Allal;Tit.;90;;1.0;;0;0
2020/21;2021-07-18;28;IRT;Domicile;I. Sioudi;Tit.;90;;;;0;0
2020/21;2021-07-18;28;IRT;Domicile;M. Rahim;Tit.;90;;;;0;0
2020/21;2021-07-18;28;IRT;Domicile;S. Kerkache;Tit.;46;;;;0;0
2020/21;2021-07-18;28;IRT;Domicile;Z. El-Moutaraji;Tit.;89;;1.0;;0;0
2020/21;2021-07-18;28;IRT;Domicile;M. Chrachem;Remp.;44;;1.0;;0;0
2020/21;2021-07-18;28;IRT;Domicile;M. El Ouardi;Remp.;1;1.0;;;0;0
2020/21;2021-07-18;28;IRT;Domicile;S. Msuva;Remp.;44;;;;0;0
2020/21;2021-07-18;28;IRT;Domicile;Z. Kiani;Remp.;64;;;;0;0
2020/21;2021-07-24;29;SCCM;Extérieur;A. Aboulfath;Tit.;89;;;;0;0
2020/21;2021-07-24;29;SCCM;Extérieur;A. Dari;Tit.;90;;;;0;0
2020/21;2021-07-24;29;SCCM;Extérieur;A. El Hassouni;Tit.;62;;;;0;0
2020/21;2021-07-24;29;SCCM;Extérieur;A. El Kaabi;Tit.;90;1.0;;;0;0
2020/21;2021-07-24;29;SCCM;Extérieur;A. R. Tagnaouti;Tit.;90;;;;0;0
2020/21;2021-07-24;29;SCCM;Extérieur;H. Ait Allal;Tit.;90;;;;0;0
2020/21;2021-07-24;29;SCCM;Extérieur;S. Msuva;Tit.;62;;;;0;0
2020/21;2021-07-24;29;SCCM;Extérieur;W. El Karti;Tit.;90;;;;0;0
2020/21;2021-07-24;29;SCCM;Extérieur;Y. Attiatallah;Tit.;90;;1.0;;0;0
2020/21;2021-07-24;29;SCCM;Extérieur;Y. Jabrane;Tit.;90;;;;0;0
2020/21;2021-07-24;29;SCCM;Extérieur;Z. El-Moutaraji;Tit.;71;;;;0;0
2020/21;2021-07-24;29;SCCM;Extérieur;A. Haimoud;Remp.;28;;;;0;0
2020/21;2021-07-24;29;SCCM;Extérieur;M. El Ouardi;Remp.;19;;;;0;0
2020/21;2021-07-24;29;SCCM;Extérieur;M. Ellafi;Remp.;28;;;;0;0
2020/21;2021-07-24;29;SCCM;Extérieur;S. Saidi;Remp.;1;;;;0;0
2020/21;2021-07-28;30;FAR;Domicile;A. Aboulfath;Tit.;90;;;;0;0
2020/21;2021-07-28;30;FAR;Domicile;A. Dari;Tit.;74;;;;0;0
2020/21;2021-07-28;30;FAR;Domicile;A. El Kaabi;Tit.;90;;;;0;0
2020/21;2021-07-28;30;FAR;Domicile;A. R. Tagnaouti;Tit.;90;;;;0;0
2020/21;2021-07-28;30;FAR;Domicile;H. Ait Allal;Tit.;90;;;;0;0
2020/21;2021-07-28;30;FAR;Domicile;M. Ellafi;Tit.;46;;;;0;0
2020/21;2021-07-28;30;FAR;Domicile;M. Rahim;Tit.;90;;;;0;0
2020/21;2021-07-28;30;FAR;Domicile;S. Saidi;Tit.;89;;;;0;0
2020/21;2021-07-28;30;FAR;Domicile;W. El Karti;Tit.;46;;;;0;0
2020/21;2021-07-28;30;FAR;Domicile;Y. Jabrane;Tit.;90;;;;0;0
2020/21;2021-07-28;30;FAR;Domicile;Z. El-Moutaraji;Tit.;74;2.0;;;0;0
2020/21;2021-07-28;30;FAR;Domicile;A. El Hassouni;Remp.;44;;;;0;0
2020/21;2021-07-28;30;FAR;Domicile;A. Serrhat;Remp.;1;;;;0;0
2020/21;2021-07-28;30;FAR;Domicile;C.I. Comara;Remp.;16;;;;0;0
2020/21;2021-07-28;30;FAR;Domicile;M. Ounajem;Remp.;44;;;;0;0
2020/21;2021-07-28;30;FAR;Domicile;S. Msuva;Remp.;16;;;;0;0
2021/22;2021-09-12;1;IRT;Domicile;A. Dari;Tit.;90;;;;0;0
2021/22;2021-09-12;1;IRT;Domicile;A. El Amloud;Tit.;90;;;;0;0
2021/22;2021-09-12;1;IRT;Domicile;A. El Hassouni;Tit.;75;;;;0;0
2021/22;2021-09-12;1;IRT;Domicile;A. R. Tagnaouti;Tit.;90;;;;0;0
2021/22;2021-09-12;1;IRT;Domicile;C.I. Comara;Tit.;90;;1.0;;0;0
2021/22;2021-09-12;1;IRT;Domicile;R. Jaadi;Tit.;90;;;;0;0
2021/22;2021-09-12;1;IRT;Domicile;S. Benyachou;Tit.;75;;;;0;0
2021/22;2021-09-12;1;IRT;Domicile;S. Msuva;Tit.;83;1.0;;;0;0
2021/22;2021-09-12;1;IRT;Domicile;Y. Attiatallah;Tit.;90;;;;0;0
2021/22;2021-09-12;1;IRT;Domicile;Y. Jabrane;Tit.;70;;1.0;;0;0
2021/22;2021-09-12;1;IRT;Domicile;Z. El-Moutaraji;Tit.;70;1.0;;;0;0
2021/22;2021-09-12;1;IRT;Domicile;A. Skouma;Remp.;20;;;;0;0
2021/22;2021-09-12;1;IRT;Domicile;B. Aouk;Remp.;15;;;;0;0
2021/22;2021-09-12;1;IRT;Domicile;J. Daoudi;Remp.;15;;1.0;;0;0
2021/22;2021-09-12;1;IRT;Domicile;J. Tsoumou;Remp.;7;;;;0;0
2021/22;2021-09-12;1;IRT;Domicile;W. El Karti;Remp.;20;;;;0;0
2021/22;2021-09-19;2;RCOZ;Extérieur;A. Dari;Tit.;90;;;;0;0
2021/22;2021-09-19;2;RCOZ;Extérieur;A. El Amloud;Tit.;90;;;;0;0
2021/22;2021-09-19;2;RCOZ;Extérieur;A. El Hassouni;Tit.;83;;;;0;0
2021/22;2021-09-19;2;RCOZ;Extérieur;A. R. Tagnaouti;Tit.;90;;;;0;0
2021/22;2021-09-19;2;RCOZ;Extérieur;C.I. Comara;Tit.;90;;1.0;;0;0
2021/22;2021-09-19;2;RCOZ;Extérieur;R. Jaadi;Tit.;63;;;;0;0
2021/22;2021-09-19;2;RCOZ;Extérieur;S. Benyachou;Tit.;73;;;;0;0
2021/22;2021-09-19;2;RCOZ;Extérieur;S. Msuva;Tit.;62;;;;0;0
2021/22;2021-09-19;2;RCOZ;Extérieur;Y. Attiatallah;Tit.;90;;1.0;;0;0
2021/22;2021-09-19;2;RCOZ;Extérieur;Y. Jabrane;Tit.;90;;;;0;0
2021/22;2021-09-19;2;RCOZ;Extérieur;Z. El-Moutaraji;Tit.;73;1.0;;;0;0
2021/22;2021-09-19;2;RCOZ;Extérieur;B. Aouk;Remp.;17;;;;0;0
2021/22;2021-09-19;2;RCOZ;Extérieur;G. Mbenza;Remp.;28;1.0;;;0;0
2021/22;2021-09-19;2;RCOZ;Extérieur;M. Ellafi;Remp.;17;;;;0;0
2021/22;2021-09-19;2;RCOZ;Extérieur;S. Kerkache;Remp.;7;;;;0;0
2021/22;2021-09-19;2;RCOZ;Extérieur;W. El Karti;Remp.;27;;;;0;0
2021/22;2021-09-26;3;HUSA;Extérieur;A. Dari;Tit.;90;;;;0;0
2021/22;2021-09-26;3;HUSA;Extérieur;A. El Amloud;Tit.;90;;;;0;0
2021/22;2021-09-26;3;HUSA;Extérieur;A. El Hassouni;Tit.;85;;;;0;0
2021/22;2021-09-26;3;HUSA;Extérieur;A. R. Tagnaouti;Tit.;90;;;;0;0
2021/22;2021-09-26;3;HUSA;Extérieur;C.I. Comara;Tit.;90;;;;0;0
2021/22;2021-09-26;3;HUSA;Extérieur;R. Jaadi;Tit.;76;1.0;;;0;0
2021/22;2021-09-26;3;HUSA;Extérieur;S. Benyachou;Tit.;66;;;;0;0
2021/22;2021-09-26;3;HUSA;Extérieur;S. Msuva;Tit.;66;;;;0;0
2021/22;2021-09-26;3;HUSA;Extérieur;Y. Attiatallah;Tit.;90;;1.0;;0;0
2021/22;2021-09-26;3;HUSA;Extérieur;Y. Jabrane;Tit.;90;;;;0;0
2021/22;2021-09-26;3;HUSA;Extérieur;Z. El-Moutaraji;Tit.;76;;1.0;;0;0
2021/22;2021-09-26;3;HUSA;Extérieur;G. Mbenza;Remp.;24;;;;0;0
2021/22;2021-09-26;3;HUSA;Extérieur;J. Daoudi;Remp.;14;;;;0;0
2021/22;2021-09-26;3;HUSA;Extérieur;M. Chrachem;Remp.;5;;;;0;0
2021/22;2021-09-26;3;HUSA;Extérieur;M. Ellafi;Remp.;14;;;;0;0
2021/22;2021-09-26;3;HUSA;Extérieur;W. El Karti;Remp.;24;;;;0;0
2021/22;2021-09-29;4;CAYB;Domicile;A. Aboulfath;Tit.;90;;;;0;0
2021/22;2021-09-29;4;CAYB;Domicile;A. Dari;Tit.;90;;;;0;0
2021/22;2021-09-29;4;CAYB;Domicile;A. El Hassouni;Tit.;80;;;;0;0
2021/22;2021-09-29;4;CAYB;Domicile;A. R. Tagnaouti;Tit.;90;;;;0;0
2021/22;2021-09-29;4;CAYB;Domicile;H. Ait Allal;Tit.;69;;1.0;;0;0
2021/22;2021-09-29;4;CAYB;Domicile;M. Ellafi;Tit.;69;;;;0;0
2021/22;2021-09-29;4;CAYB;Domicile;S. Msuva;Tit.;70;;;;0;0
2021/22;2021-09-29;4;CAYB;Domicile;W. El Karti;Tit.;90;1.0;;;0;0
2021/22;2021-09-29;4;CAYB;Domicile;Y. Attiatallah;Tit.;90;;;;0;0
2021/22;2021-09-29;4;CAYB;Domicile;Y. Jabrane;Tit.;90;1.0;;;0;0
2021/22;2021-09-29;4;CAYB;Domicile;Z. El-Moutaraji;Tit.;84;;;;0;0
2021/22;2021-09-29;4;CAYB;Domicile;A. El Amloud;Remp.;21;;;;0;0
2021/22;2021-09-29;4;CAYB;Domicile;G. Mbenza;Remp.;20;1.0;;;0;0
2021/22;2021-09-29;4;CAYB;Domicile;J. Daoudi;Remp.;6;;;;0;0
2021/22;2021-09-29;4;CAYB;Domicile;R. Jaadi;Remp.;21;;;;0;0
2021/22;2021-09-29;4;CAYB;Domicile;S. Benyachou;Remp.;10;;;;0;0
2021/22;2021-10-03;5;SCCM;Extérieur;A. Dari;Tit.;90;;;;0;0
2021/22;2021-10-03;5;SCCM;Extérieur;A. El Amloud;Tit.;90;;;;0;0
2021/22;2021-10-03;5;SCCM;Extérieur;A. El Hassouni;Tit.;82;;;;0;0
2021/22;2021-10-03;5;SCCM;Extérieur;A. R. Tagnaouti;Tit.;90;;;;0;0
2021/22;2021-10-03;5;SCCM;Extérieur;C.I. Comara;Tit.;90;;;;0;0
2021/22;2021-10-03;5;SCCM;Extérieur;R. Jaadi;Tit.;71;;;;0;0
2021/22;2021-10-03;5;SCCM;Extérieur;S. Benyachou;Tit.;63;;;;0;0
2021/22;2021-10-03;5;SCCM;Extérieur;S. Msuva;Tit.;63;;;;0;0
2021/22;2021-10-03;5;SCCM;Extérieur;Y. Attiatallah;Tit.;90;;;;0;0
2021/22;2021-10-03;5;SCCM;Extérieur;Y. Jabrane;Tit.;90;;;;0;0
2021/22;2021-10-03;5;SCCM;Extérieur;Z. El-Moutaraji;Tit.;82;;1.0;;0;0
2021/22;2021-10-03;5;SCCM;Extérieur;A. Serrhat;Remp.;19;;;;0;0
2021/22;2021-10-03;5;SCCM;Extérieur;B. Aouk;Remp.;8;;;;0;0
2021/22;2021-10-03;5;SCCM;Extérieur;G. Mbenza;Remp.;27;;;;0;0
2021/22;2021-10-03;5;SCCM;Extérieur;J. Tsoumou;Remp.;8;;;;0;0
2021/22;2021-10-03;5;SCCM;Extérieur;M. Ellafi;Remp.;27;;;;0;0
2021/22;2021-10-21;6;OCS;Domicile;A. Farhane;Tit.;90;;;;0;0
2021/22;2021-10-21;6;OCS;Domicile;A. Haimoud;Tit.;82;;;;0;0
2021/22;2021-10-21;6;OCS;Domicile;A. R. Tagnaouti;Tit.;90;;;;0;0
2021/22;2021-10-21;6;OCS;Domicile;A. Skouma;Tit.;66;;;;0;0
2021/22;2021-10-21;6;OCS;Domicile;B. Aouk;Tit.;73;;;;0;0
2021/22;2021-10-21;6;OCS;Domicile;G. Mbenza;Tit.;90;1.0;;;0;0
2021/22;2021-10-21;6;OCS;Domicile;H. Ait Allal;Tit.;90;;;;0;0
2021/22;2021-10-21;6;OCS;Domicile;J. Daoudi;Tit.;90;;1.0;;0;0
2021/22;2021-10-21;6;OCS;Domicile;M. Chrachem;Tit.;66;;;;0;0
2021/22;2021-10-21;6;OCS;Domicile;M. Rahim;Tit.;90;;1.0;;0;0
2021/22;2021-10-21;6;OCS;Domicile;Z. Kiani;Tit.;82;;;;0;0
2021/22;2021-10-21;6;OCS;Domicile;A. El Amloud;Remp.;8;;;;0;0
2021/22;2021-10-21;6;OCS;Domicile;A. El Hassouni;Remp.;8;;1.0;;0;0
2021/22;2021-10-21;6;OCS;Domicile;J. Tsoumou;Remp.;17;;;;0;0
2021/22;2021-10-21;6;OCS;Domicile;M. Ellafi;Remp.;24;;1.0;;0;0
2021/22;2021-10-21;6;OCS;Domicile;Y. Jabrane;Remp.;24;;;;0;0
2021/22;2021-10-28;7;FAR;Extérieur;A. Dari;Tit.;90;;1.0;;0;0
2021/22;2021-10-28;7;FAR;Extérieur;A. El Amloud;Tit.;90;;;;0;0
2021/22;2021-10-28;7;FAR;Extérieur;A. El Hassouni;Tit.;89;;1.0;;0;0
2021/22;2021-10-28;7;FAR;Extérieur;A. Haimoud;Tit.;68;;1.0;;0;0
2021/22;2021-10-28;7;FAR;Extérieur;A. R. Tagnaouti;Tit.;90;;;;0;0
2021/22;2021-10-28;7;FAR;Extérieur;C.I. Comara;Tit.;90;;;;0;0
2021/22;2021-10-28;7;FAR;Extérieur;G. Mbenza;Tit.;74;;;;0;0
2021/22;2021-10-28;7;FAR;Extérieur;J. Daoudi;Tit.;90;;;;0;0
2021/22;2021-10-28;7;FAR;Extérieur;M. Ellafi;Tit.;74;1.0;;;0;0
2021/22;2021-10-28;7;FAR;Extérieur;Y. Attiatallah;Tit.;90;;;;0;0
2021/22;2021-10-28;7;FAR;Extérieur;Y. Jabrane;Tit.;90;;;;0;0
2021/22;2021-10-28;7;FAR;Extérieur;A. Serrhat;Remp.;16;;;;0;0
2021/22;2021-10-28;7;FAR;Extérieur;H. Ait Allal;Remp.;1;;;;0;0
2021/22;2021-10-28;7;FAR;Extérieur;J. Tsoumou;Remp.;16;;1.0;;0;0
2021/22;2021-10-28;7;FAR;Extérieur;M. Chrachem;Remp.;22;;;;0;0
2021/22;2021-10-31;8;MAS;Domicile;A. Dari;Tit.;90;;;;0;0
2021/22;2021-10-31;8;MAS;Domicile;A. El Amloud;Tit.;90;;;;0;0
2021/22;2021-10-31;8;MAS;Domicile;A. El Hassouni;Tit.;90;;1.0;;0;0
2021/22;2021-10-31;8;MAS;Domicile;A. Haimoud;Tit.;63;;;;0;0
2021/22;2021-10-31;8;MAS;Domicile;A. R. Tagnaouti;Tit.;90;;;;0;0
2021/22;2021-10-31;8;MAS;Domicile;C.I. Comara;Tit.;90;;;;0;0
2021/22;2021-10-31;8;MAS;Domicile;J. Daoudi;Tit.;75;;;;0;0
2021/22;2021-10-31;8;MAS;Domicile;M. Ellafi;Tit.;75;;;;0;0
2021/22;2021-10-31;8;MAS;Domicile;S. Msuva;Tit.;75;;;;0;0
2021/22;2021-10-31;8;MAS;Domicile;Y. Attiatallah;Tit.;90;;;;0;0
2021/22;2021-10-31;8;MAS;Domicile;Y. Jabrane;Tit.;84;;1.0;1.0;0;0
2021/22;2021-10-31;8;MAS;Domicile;A. Farhane;Remp.;1;;;;0;0
2021/22;2021-10-31;8;MAS;Domicile;A. Serrhat;Remp.;15;;;;0;0
2021/22;2021-10-31;8;MAS;Domicile;G. Mbenza;Remp.;27;1.0;;;0;0
2021/22;2021-10-31;8;MAS;Domicile;J. Tsoumou;Remp.;15;;;;0;0
2021/22;2021-10-31;8;MAS;Domicile;M. El Ouardi;Remp.;14;;;;0;0
2021/22;2021-11-03;9;OCK;Extérieur;A. Aboulfath;Tit.;90;;1.0;;0;0
2021/22;2021-11-03;9;OCK;Extérieur;A. Farhane;Tit.;90;;;;0;0
2021/22;2021-11-03;9;OCK;Extérieur;A. Haimoud;Tit.;75;;;;0;0
2021/22;2021-11-03;9;OCK;Extérieur;A. R. Tagnaouti;Tit.;90;;;;0;0
2021/22;2021-11-03;9;OCK;Extérieur;A. Serrhat;Tit.;90;;1.0;;0;0
2021/22;2021-11-03;9;OCK;Extérieur;B. Gadarine;Tit.;90;;;;0;0
2021/22;2021-11-03;9;OCK;Extérieur;H. Ait Allal;Tit.;90;;;;0;0
2021/22;2021-11-03;9;OCK;Extérieur;J. Daoudi;Tit.;85;;;;0;0
2021/22;2021-11-03;9;OCK;Extérieur;J. Tsoumou;Tit.;64;;;;0;0
2021/22;2021-11-03;9;OCK;Extérieur;M. Chrachem;Tit.;64;;;;0;0
2021/22;2021-11-03;9;OCK;Extérieur;S. Msuva;Tit.;74;2.0;;;0;0
2021/22;2021-11-03;9;OCK;Extérieur;G. Mbenza;Remp.;26;1.0;;;0;0
2021/22;2021-11-03;9;OCK;Extérieur;H. Asrir;Remp.;15;;;;0;0
2021/22;2021-11-03;9;OCK;Extérieur;M. El Ouardi;Remp.;15;;;;0;0
2021/22;2021-11-03;9;OCK;Extérieur;M. Ellafi;Remp.;26;;;;0;0
2021/22;2021-11-03;9;OCK;Extérieur;S. Benyachou;Remp.;5;;;;0;0
2021/22;2021-11-06;10;RCA;Domicile;A. Dari;Tit.;90;;;;0;0
2021/22;2021-11-06;10;RCA;Domicile;A. El Amloud;Tit.;90;;;;0;0
2021/22;2021-11-06;10;RCA;Domicile;A. El Hassouni;Tit.;85;;1.0;;0;0
2021/22;2021-11-06;10;RCA;Domicile;A. R. Tagnaouti;Tit.;90;;;;0;0
2021/22;2021-11-06;10;RCA;Domicile;C.I. Comara;Tit.;62;;;;0;0
2021/22;2021-11-06;10;RCA;Domicile;G. Mbenza;Tit.;90;;;;0;0
2021/22;2021-11-06;10;RCA;Domicile;J. Daoudi;Tit.;90;;1.0;;0;0
2021/22;2021-11-06;10;RCA;Domicile;M. Ellafi;Tit.;75;;1.0;;0;0
2021/22;2021-11-06;10;RCA;Domicile;S. Msuva;Tit.;75;;;;0;0
2021/22;2021-11-06;10;RCA;Domicile;Y. Attiatallah;Tit.;90;;;;0;0
2021/22;2021-11-06;10;RCA;Domicile;Y. Jabrane;Tit.;90;;1.0;;0;0
2021/22;2021-11-06;10;RCA;Domicile;A. Farhane;Remp.;28;;;;0;0
2021/22;2021-11-06;10;RCA;Domicile;A. Haimoud;Remp.;15;;;;0;0
2021/22;2021-11-06;10;RCA;Domicile;J. Tsoumou;Remp.;5;;;;0;0
2021/22;2021-11-06;10;RCA;Domicile;S. Benyachou;Remp.;15;1.0;;;0;0
2021/22;2021-11-19;11;JSS;Extérieur;A. Dari;Tit.;90;1.0;;;0;0
2021/22;2021-11-19;11;JSS;Extérieur;A. El Hassouni;Tit.;78;;;;0;0
2021/22;2021-11-19;11;JSS;Extérieur;A. R. Tagnaouti;Tit.;90;;;;0;0
2021/22;2021-11-19;11;JSS;Extérieur;A. Serrhat;Tit.;66;;;;0;0
2021/22;2021-11-19;11;JSS;Extérieur;B. Gadarine;Tit.;27;;;;0;0
2021/22;2021-11-19;11;JSS;Extérieur;C.I. Comara;Tit.;90;;;;0;0
2021/22;2021-11-19;11;JSS;Extérieur;G. Mbenza;Tit.;90;2.0;;;0;0
2021/22;2021-11-19;11;JSS;Extérieur;H. Ait Allal;Tit.;90;;;;0;0
2021/22;2021-11-19;11;JSS;Extérieur;J. Daoudi;Tit.;90;1.0;;;0;0
2021/22;2021-11-19;11;JSS;Extérieur;M. El Ouardi;Tit.;67;;;;0;0
2021/22;2021-11-19;11;JSS;Extérieur;S. Benyachou;Tit.;78;;;;0;0
2021/22;2021-11-19;11;JSS;Extérieur;A. Haimoud;Remp.;23;;;;0;0
2021/22;2021-11-19;11;JSS;Extérieur;B. Aouk;Remp.;12;;1.0;;0;0
2021/22;2021-11-19;11;JSS;Extérieur;R. Jaadi;Remp.;12;;;;0;0
2021/22;2021-11-19;11;JSS;Extérieur;Y. Attiatallah;Remp.;63;;1.0;;0;0
2021/22;2021-11-19;11;JSS;Extérieur;Y. Jabrane;Remp.;24;;;;0;0
2021/22;2021-11-23;12;RSB;Domicile;A. Dari;Tit.;90;;;;0;0
2021/22;2021-11-23;12;RSB;Domicile;A. El Amloud;Tit.;62;;;;0;0
2021/22;2021-11-23;12;RSB;Domicile;A. El Hassouni;Tit.;90;;;;0;0
2021/22;2021-11-23;12;RSB;Domicile;A. Haimoud;Tit.;90;;;;0;0
2021/22;2021-11-23;12;RSB;Domicile;A. R. Tagnaouti;Tit.;90;;;;0;0
2021/22;2021-11-23;12;RSB;Domicile;C.I. Comara;Tit.;90;;;;0;0
2021/22;2021-11-23;12;RSB;Domicile;G. Mbenza;Tit.;90;1.0;;;0;0
2021/22;2021-11-23;12;RSB;Domicile;M. Ellafi;Tit.;82;1.0;;;0;0
2021/22;2021-11-23;12;RSB;Domicile;S. Benyachou;Tit.;83;;1.0;;0;0
2021/22;2021-11-23;12;RSB;Domicile;Y. Attiatallah;Tit.;90;;;;0;0
2021/22;2021-11-23;12;RSB;Domicile;Y. Jabrane;Tit.;76;;;;0;0
2021/22;2021-11-23;12;RSB;Domicile;A. Serrhat;Remp.;28;;;;0;0
2021/22;2021-11-23;12;RSB;Domicile;J. Daoudi;Remp.;14;;1.0;;0;0
2021/22;2021-11-23;12;RSB;Domicile;R. Jaadi;Remp.;7;;;;0;0
2021/22;2021-11-23;12;RSB;Domicile;Z. El-Moutaraji;Remp.;8;;;;0;0
2021/22;2021-12-18;13;DHJ;Extérieur;A. Aboulfath;Tit.;90;;1.0;;0;0
2021/22;2021-12-18;13;DHJ;Extérieur;A. Dari;Tit.;90;;;;0;0
2021/22;2021-12-18;13;DHJ;Extérieur;A. El Hassouni;Tit.;77;;;;0;0
2021/22;2021-12-18;13;DHJ;Extérieur;A. R. Tagnaouti;Tit.;90;;;;0;0
2021/22;2021-12-18;13;DHJ;Extérieur;G. Mbenza;Tit.;90;;;;0;0
2021/22;2021-12-18;13;DHJ;Extérieur;H. Ait Allal;Tit.;60;;1.0;;0;0
2021/22;2021-12-18;13;DHJ;Extérieur;R. Jaadi;Tit.;60;;;;0;0
2021/22;2021-12-18;13;DHJ;Extérieur;S. Benyachou;Tit.;90;;1.0;;0;0
2021/22;2021-12-18;13;DHJ;Extérieur;S. Msuva;Tit.;60;;;;0;0
2021/22;2021-12-18;13;DHJ;Extérieur;Y. Attiatallah;Tit.;86;1.0;;;0;0
2021/22;2021-12-18;13;DHJ;Extérieur;Y. Jabrane;Tit.;90;;;;0;0
2021/22;2021-12-18;13;DHJ;Extérieur;A. Haimoud;Remp.;30;;;;0;0
2021/22;2021-12-18;13;DHJ;Extérieur;B. Aouk;Remp.;13;;;;0;0
2021/22;2021-12-18;13;DHJ;Extérieur;B. Gadarine;Remp.;4;;;;0;0
2021/22;2021-12-18;13;DHJ;Extérieur;J. Tsoumou;Remp.;30;;;;0;0
2021/22;2021-12-18;13;DHJ;Extérieur;M. Chrachem;Remp.;30;;;;0;0
2021/22;2021-12-24;14;MCO;Domicile;A. Aboulfath;Tit.;90;;1.0;;0;0
2021/22;2021-12-24;14;MCO;Domicile;A. Dari;Tit.;90;1.0;;;0;0
2021/22;2021-12-24;14;MCO;Domicile;A. El Hassouni;Tit.;90;;;;0;0
2021/22;2021-12-24;14;MCO;Domicile;A. Haimoud;Tit.;90;;;;0;0
2021/22;2021-12-24;14;MCO;Domicile;A. R. Tagnaouti;Tit.;90;;;;0;0
2021/22;2021-12-24;14;MCO;Domicile;G. Mbenza;Tit.;84;1.0;;;0;0
2021/22;2021-12-24;14;MCO;Domicile;J. Daoudi;Tit.;90;;1.0;;0;0
2021/22;2021-12-24;14;MCO;Domicile;M. Chrachem;Tit.;73;;;;0;0
2021/22;2021-12-24;14;MCO;Domicile;S. Benyachou;Tit.;74;1.0;;;0;0
2021/22;2021-12-24;14;MCO;Domicile;Y. Attiatallah;Tit.;90;;;;0;0
2021/22;2021-12-24;14;MCO;Domicile;Y. Jabrane;Tit.;90;;1.0;;0;0
2021/22;2021-12-24;14;MCO;Domicile;A. Serrhat;Remp.;17;;;;0;0
2021/22;2021-12-24;14;MCO;Domicile;J. Tsoumou;Remp.;6;;;;0;0
2021/22;2021-12-24;14;MCO;Domicile;M. El Ouardi;Remp.;16;;;;0;0
2021/22;2021-12-28;15;FUS;Extérieur;A. Aboulfath;Tit.;35;;;;0;0
2021/22;2021-12-28;15;FUS;Extérieur;A. Dari;Tit.;90;;;;0;0
2021/22;2021-12-28;15;FUS;Extérieur;A. El Hassouni;Tit.;90;;;;0;0
2021/22;2021-12-28;15;FUS;Extérieur;A. Haimoud;Tit.;64;;;;0;0
2021/22;2021-12-28;15;FUS;Extérieur;A. R. Tagnaouti;Tit.;90;;;;0;0
2021/22;2021-12-28;15;FUS;Extérieur;G. Mbenza;Tit.;90;2.0;;;0;0
2021/22;2021-12-28;15;FUS;Extérieur;J. Daoudi;Tit.;90;;;;0;0
2021/22;2021-12-28;15;FUS;Extérieur;M. Chrachem;Tit.;64;;;;0;0
2021/22;2021-12-28;15;FUS;Extérieur;S. Benyachou;Tit.;72;;;;0;0
2021/22;2021-12-28;15;FUS;Extérieur;Y. Attiatallah;Tit.;90;;1.0;;0;0
2021/22;2021-12-28;15;FUS;Extérieur;Y. Jabrane;Tit.;90;;1.0;;0;0
2021/22;2021-12-28;15;FUS;Extérieur;A. Farhane;Remp.;55;;1.0;;0;0
2021/22;2021-12-28;15;FUS;Extérieur;B. Aouk;Remp.;18;;;;0;0
2021/22;2021-12-28;15;FUS;Extérieur;J. Tsoumou;Remp.;26;;;;0;0
2021/22;2021-12-28;15;FUS;Extérieur;R. Jaadi;Remp.;26;;;;0;0
2021/22;2022-02-05;16;IRT;Extérieur;A. Dari;Tit.;90;;;;0;0
2021/22;2022-02-05;16;IRT;Extérieur;A. El Hassouni;Tit.;90;;1.0;;0;0
2021/22;2022-02-05;16;IRT;Extérieur;A. Farhane;Tit.;90;;1.0;;0;0
2021/22;2022-02-05;16;IRT;Extérieur;A. R. Tagnaouti;Tit.;90;;;;0;0
2021/22;2022-02-05;16;IRT;Extérieur;A. Serrhat;Tit.;90;;;;0;0
2021/22;2022-02-05;16;IRT;Extérieur;B. Aouk;Tit.;85;;;;0;0
2021/22;2022-02-05;16;IRT;Extérieur;C.I. Comara;Tit.;90;;1.0;;0;0
2021/22;2022-02-05;16;IRT;Extérieur;G. Mbenza;Tit.;90;;;;0;0
2021/22;2022-02-05;16;IRT;Extérieur;H. Ait Allal;Tit.;90;;;;0;0
2021/22;2022-02-05;16;IRT;Extérieur;J. Daoudi;Tit.;90;;;;0;0
2021/22;2022-02-05;16;IRT;Extérieur;M. Ellafi;Tit.;78;;;;0;0
2021/22;2022-02-05;16;IRT;Extérieur;J. Tsoumou;Remp.;5;;1.0;;0;0
2021/22;2022-02-05;16;IRT;Extérieur;M. Chrachem;Remp.;12;;;;0;0
2021/22;2022-02-15;17;RCOZ;Domicile;A. Dari;Tit.;90;;;;0;0
2021/22;2022-02-15;17;RCOZ;Domicile;A. El Hassouni;Tit.;90;1.0;;;0;0
2021/22;2022-02-15;17;RCOZ;Domicile;A. Haimoud;Tit.;58;;;;0;0
2021/22;2022-02-15;17;RCOZ;Domicile;A. R. Tagnaouti;Tit.;90;;;;0;0
2021/22;2022-02-15;17;RCOZ;Domicile;C.I. Comara;Tit.;90;;1.0;;0;0
2021/22;2022-02-15;17;RCOZ;Domicile;G. Mbenza;Tit.;83;;;;0;0
2021/22;2022-02-15;17;RCOZ;Domicile;J. Daoudi;Tit.;90;;;;0;0
2021/22;2022-02-15;17;RCOZ;Domicile;R. Jaadi;Tit.;69;;;;0;0
2021/22;2022-02-15;17;RCOZ;Domicile;S. Benyachou;Tit.;58;;;;0;0
2021/22;2022-02-15;17;RCOZ;Domicile;Y. Attiatallah;Tit.;90;;;;0;0
2021/22;2022-02-15;17;RCOZ;Domicile;Y. Jabrane;Tit.;90;;;;0;0
2021/22;2022-02-15;17;RCOZ;Domicile;A. Serrhat;Remp.;21;;;;0;0
2021/22;2022-02-15;17;RCOZ;Domicile;B. Aouk;Remp.;7;;;;0;0
2021/22;2022-02-15;17;RCOZ;Domicile;J. Tsoumou;Remp.;32;;;;0;0
2021/22;2022-02-15;17;RCOZ;Domicile;M. Ellafi;Remp.;32;1.0;;;0;0
2021/22;2022-02-23;18;HUSA;Domicile;A. Aboulfath;Tit.;90;;;;0;0
2021/22;2022-02-23;18;HUSA;Domicile;A. Dari;Tit.;90;;;;0;0
2021/22;2022-02-23;18;HUSA;Domicile;A. El Amloud;Tit.;60;;;;0;0
2021/22;2022-02-23;18;HUSA;Domicile;A. El Hassouni;Tit.;90;;1.0;;0;0
2021/22;2022-02-23;18;HUSA;Domicile;A. Haimoud;Tit.;46;;;;0;0
2021/22;2022-02-23;18;HUSA;Domicile;B. Gadarine;Tit.;46;;;;0;0
2021/22;2022-02-23;18;HUSA;Domicile;I. Sioudi;Tit.;90;;;;0;0
2021/22;2022-02-23;18;HUSA;Domicile;J. Tsoumou;Tit.;79;;;;0;0
2021/22;2022-02-23;18;HUSA;Domicile;M. Ellafi;Tit.;90;;;;0;0
2021/22;2022-02-23;18;HUSA;Domicile;S. Benyachou;Tit.;46;;;;0;0
2021/22;2022-02-23;18;HUSA;Domicile;Y. Jabrane;Tit.;90;;;;0;0
2021/22;2022-02-23;18;HUSA;Domicile;G. Mbenza;Remp.;44;;;;0;0
2021/22;2022-02-23;18;HUSA;Domicile;J. Daoudi;Remp.;30;;;;0;0
2021/22;2022-02-23;18;HUSA;Domicile;M. Chrachem;Remp.;11;;;;0;0
2021/22;2022-02-23;18;HUSA;Domicile;Y. Attiatallah;Remp.;44;;;;0;0
2021/22;2022-02-23;18;HUSA;Domicile;Z. El-Moutaraji;Remp.;44;;;;0;0
2021/22;2022-03-01;19;CAYB;Extérieur;A. Dari;Tit.;90;;;;0;0
2021/22;2022-03-01;19;CAYB;Extérieur;A. El Amloud;Tit.;90;;;;0;0
2021/22;2022-03-01;19;CAYB;Extérieur;A. El Hassouni;Tit.;90;;;;0;0
2021/22;2022-03-01;19;CAYB;Extérieur;A. Farhane;Tit.;90;;;;0;0
2021/22;2022-03-01;19;CAYB;Extérieur;A. R. Tagnaouti;Tit.;90;;1.0;;0;0
2021/22;2022-03-01;19;CAYB;Extérieur;A. Serrhat;Tit.;63;;;;0;0
2021/22;2022-03-01;19;CAYB;Extérieur;G. Mbenza;Tit.;63;;;;0;0
2021/22;2022-03-01;19;CAYB;Extérieur;M. Ellafi;Tit.;62;;;;0;0
2021/22;2022-03-01;19;CAYB;Extérieur;Y. Attiatallah;Tit.;90;;;;0;0
2021/22;2022-03-01;19;CAYB;Extérieur;Y. Jabrane;Tit.;90;;1.0;;0;0
2021/22;2022-03-01;19;CAYB;Extérieur;Z. El-Moutaraji;Tit.;78;;;;0;0
2021/22;2022-03-01;19;CAYB;Extérieur;B. Aouk;Remp.;27;;;;0;0
2021/22;2022-03-01;19;CAYB;Extérieur;J. Daoudi;Remp.;27;;;;0;0
2021/22;2022-03-01;19;CAYB;Extérieur;J. Tsoumou;Remp.;28;;;;0;0
2021/22;2022-03-01;19;CAYB;Extérieur;S. Benyachou;Remp.;12;;;;0;0
2021/22;2022-03-05;20;SCCM;Domicile;A. Dari;Tit.;90;;;;0;0
2021/22;2022-03-05;20;SCCM;Domicile;A. El Amloud;Tit.;90;;1.0;;0;0
2021/22;2022-03-05;20;SCCM;Domicile;A. El Hassouni;Tit.;90;;;;0;0
2021/22;2022-03-05;20;SCCM;Domicile;A. Farhane;Tit.;90;;;;0;0
2021/22;2022-03-05;20;SCCM;Domicile;A. R. Tagnaouti;Tit.;90;;;;0;0
2021/22;2022-03-05;20;SCCM;Domicile;G. Mbenza;Tit.;81;;;;0;0
2021/22;2022-03-05;20;SCCM;Domicile;J. Daoudi;Tit.;90;;;;0;0
2021/22;2022-03-05;20;SCCM;Domicile;R. Jaadi;Tit.;89;1.0;;;0;0
2021/22;2022-03-05;20;SCCM;Domicile;Y. Attiatallah;Tit.;90;;;;0;0
2021/22;2022-03-05;20;SCCM;Domicile;Y. Jabrane;Tit.;90;;;;0;0
2021/22;2022-03-05;20;SCCM;Domicile;Z. El-Moutaraji;Tit.;69;;;;0;0
2021/22;2022-03-05;20;SCCM;Domicile;A. Serrhat;Remp.;1;;;;0;0
2021/22;2022-03-05;20;SCCM;Domicile;J. Tsoumou;Remp.;9;;;;0;0
2021/22;2022-03-05;20;SCCM;Domicile;M. Ellafi;Remp.;21;1.0;;;0;0
2021/22;2022-04-27;21;OCS;Extérieur;A. Dari;Tit.;90;;;;0;0
2021/22;2022-04-27;21;OCS;Extérieur;A. El Amloud;Tit.;90;;;;0;0
2021/22;2022-04-27;21;OCS;Extérieur;A. El Hassouni;Tit.;90;1.0;;;0;0
2021/22;2022-04-27;21;OCS;Extérieur;A. Haimoud;Tit.;73;;;;0;0
2021/22;2022-04-27;21;OCS;Extérieur;A. R. Tagnaouti;Tit.;90;;;;0;0
2021/22;2022-04-27;21;OCS;Extérieur;B. Aouk;Tit.;62;;;;0;0
2021/22;2022-04-27;21;OCS;Extérieur;C.I. Comara;Tit.;90;;;;0;0
2021/22;2022-04-27;21;OCS;Extérieur;J. Daoudi;Tit.;90;;;;0;0
2021/22;2022-04-27;21;OCS;Extérieur;J. Tsoumou;Tit.;89;;1.0;;0;0
2021/22;2022-04-27;21;OCS;Extérieur;S. Benyachou;Tit.;62;;;;0;0
2021/22;2022-04-27;21;OCS;Extérieur;Y. Attiatallah;Tit.;90;;;;0;0
2021/22;2022-04-27;21;OCS;Extérieur;A. Serrhat;Remp.;1;;;;0;0
2021/22;2022-04-27;21;OCS;Extérieur;G. Mbenza;Remp.;17;;;;0;0
2021/22;2022-04-27;21;OCS;Extérieur;M. Ellafi;Remp.;28;;;;0;0
2021/22;2022-04-27;21;OCS;Extérieur;Z. El-Moutaraji;Remp.;28;;;;0;0
2021/22;2022-04-30;22;FAR;Domicile;A. Dari;Tit.;90;;;;0;0
2021/22;2022-04-30;22;FAR;Domicile;A. El Amloud;Tit.;90;;;;0;0
2021/22;2022-04-30;22;FAR;Domicile;A. El Hassouni;Tit.;90;;;;0;0
2021/22;2022-04-30;22;FAR;Domicile;A. Farhane;Tit.;90;;;;0;0
2021/22;2022-04-30;22;FAR;Domicile;A. R. Tagnaouti;Tit.;90;;;;0;0
2021/22;2022-04-30;22;FAR;Domicile;G. Mbenza;Tit.;73;1.0;;;0;0
2021/22;2022-04-30;22;FAR;Domicile;J. Daoudi;Tit.;73;;1.0;;0;0
2021/22;2022-04-30;22;FAR;Domicile;M. Ellafi;Tit.;46;;;;0;0
2021/22;2022-04-30;22;FAR;Domicile;Y. Attiatallah;Tit.;90;;;;0;0
2021/22;2022-04-30;22;FAR;Domicile;Y. Jabrane;Tit.;90;1.0;;;0;0
2021/22;2022-04-30;22;FAR;Domicile;Z. El-Moutaraji;Tit.;87;;;;0;0
2021/22;2022-04-30;22;FAR;Domicile;A. Haimoud;Remp.;2;1.0;;;0;0
2021/22;2022-04-30;22;FAR;Domicile;A. Serrhat;Remp.;17;;;;0;0
2021/22;2022-04-30;22;FAR;Domicile;B. Aouk;Remp.;3;;;;0;0
2021/22;2022-04-30;22;FAR;Domicile;J. Tsoumou;Remp.;17;;;;0;0
2021/22;2022-04-30;22;FAR;Domicile;S. Benyachou;Remp.;42;;;;0;0
2021/22;2022-05-18;23;MAS;Extérieur;A. El Amloud;Tit.;90;;;;0;0
2021/22;2022-05-18;23;MAS;Extérieur;A. El Hassouni;Tit.;80;;;;0;0
2021/22;2022-05-18;23;MAS;Extérieur;A. Farhane;Tit.;77;;;;0;0
2021/22;2022-05-18;23;MAS;Extérieur;A. Haimoud;Tit.;77;1.0;;;0;0
2021/22;2022-05-18;23;MAS;Extérieur;A. R. Tagnaouti;Tit.;90;;;;0;0
2021/22;2022-05-18;23;MAS;Extérieur;C.I. Comara;Tit.;90;;;;0;0
2021/22;2022-05-18;23;MAS;Extérieur;G. Mbenza;Tit.;90;;;;0;0
2021/22;2022-05-18;23;MAS;Extérieur;J. Daoudi;Tit.;90;;;;0;0
2021/22;2022-05-18;23;MAS;Extérieur;R. Jaadi;Tit.;63;;;;0;0
2021/22;2022-05-18;23;MAS;Extérieur;Y. Attiatallah;Tit.;90;;;;0;0
2021/22;2022-05-18;23;MAS;Extérieur;Y. Jabrane;Tit.;90;;;;0;0
2021/22;2022-05-18;23;MAS;Extérieur;B. Aouk;Remp.;27;;;;0;0
2021/22;2022-05-18;23;MAS;Extérieur;J. Tsoumou;Remp.;13;;;;0;0
2021/22;2022-05-18;23;MAS;Extérieur;M. Rahim;Remp.;13;;;;0;0
2021/22;2022-05-18;23;MAS;Extérieur;S. Benyachou;Remp.;10;;;;0;0
2021/22;2022-05-22;24;OCK;Domicile;A. Dari;Tit.;90;;;;0;0
2021/22;2022-05-22;24;OCK;Domicile;A. Farhane;Tit.;90;;;;0;0
2021/22;2022-05-22;24;OCK;Domicile;A. R. Tagnaouti;Tit.;90;;;;0;0
2021/22;2022-05-22;24;OCK;Domicile;B. Aouk;Tit.;77;;;;0;0
2021/22;2022-05-22;24;OCK;Domicile;G. Mbenza;Tit.;65;;;;0;0
2021/22;2022-05-22;24;OCK;Domicile;J. Daoudi;Tit.;77;;;;0;0
2021/22;2022-05-22;24;OCK;Domicile;M. Rahim;Tit.;90;;;;0;0
2021/22;2022-05-22;24;OCK;Domicile;R. Jaadi;Tit.;54;;;;0;0
2021/22;2022-05-22;24;OCK;Domicile;S. Benyachou;Tit.;65;;;;0;0
2021/22;2022-05-22;24;OCK;Domicile;Y. Attiatallah;Tit.;90;;;;0;0
2021/22;2022-05-22;24;OCK;Domicile;Y. Jabrane;Tit.;90;;1.0;;0;0
2021/22;2022-05-22;24;OCK;Domicile;A. El Hassouni;Remp.;25;;;;0;0
2021/22;2022-05-22;24;OCK;Domicile;A. Haimoud;Remp.;25;;;;0;0
2021/22;2022-05-22;24;OCK;Domicile;A. Serrhat;Remp.;13;;;;0;0
2021/22;2022-05-22;24;OCK;Domicile;J. Tsoumou;Remp.;36;1.0;;;0;0
2021/22;2022-05-22;24;OCK;Domicile;M. Chrachem;Remp.;13;;;;0;0
2021/22;2022-06-16;25;RCA;Extérieur;A. Dari;Tit.;90;;;;0;0
2021/22;2022-06-16;25;RCA;Extérieur;A. El Amloud;Tit.;83;;;;0;0
2021/22;2022-06-16;25;RCA;Extérieur;A. El Hassouni;Tit.;60;;1.0;;0;0
2021/22;2022-06-16;25;RCA;Extérieur;A. R. Tagnaouti;Tit.;90;;1.0;;0;0
2021/22;2022-06-16;25;RCA;Extérieur;C.I. Comara;Tit.;90;;;;0;0
2021/22;2022-06-16;25;RCA;Extérieur;G. Mbenza;Tit.;90;;;;0;0
2021/22;2022-06-16;25;RCA;Extérieur;J. Daoudi;Tit.;90;;;;0;0
2021/22;2022-06-16;25;RCA;Extérieur;R. Jaadi;Tit.;73;;1.0;;0;0
2021/22;2022-06-16;25;RCA;Extérieur;Y. Attiatallah;Tit.;83;;;;0;0
2021/22;2022-06-16;25;RCA;Extérieur;Y. Jabrane;Tit.;90;;;;0;0
2021/22;2022-06-16;25;RCA;Extérieur;Z. El-Moutaraji;Tit.;73;;;;0;0
2021/22;2022-06-16;25;RCA;Extérieur;A. Haimoud;Remp.;17;;;;0;0
2021/22;2022-06-16;25;RCA;Extérieur;B. Aouk;Remp.;17;;;;0;0
2021/22;2022-06-16;25;RCA;Extérieur;J. Tsoumou;Remp.;29;;;1.0;0;0
2021/22;2022-06-16;25;RCA;Extérieur;M. Chrachem;Remp.;7;;;;0;0
2021/22;2022-06-16;25;RCA;Extérieur;S. Benyachou;Remp.;7;;;;0;0
2021/22;2022-06-19;26;JSS;Domicile;A. Dari;Tit.;90;;;;0;0
2021/22;2022-06-19;26;JSS;Domicile;A. El Amloud;Tit.;90;;;;0;0
2021/22;2022-06-19;26;JSS;Domicile;A. Farhane;Tit.;90;;;;0;0
2021/22;2022-06-19;26;JSS;Domicile;A. Haimoud;Tit.;90;;;;0;0
2021/22;2022-06-19;26;JSS;Domicile;A. R. Tagnaouti;Tit.;90;;;;0;0
2021/22;2022-06-19;26;JSS;Domicile;B. Aouk;Tit.;90;1.0;;;0;0
2021/22;2022-06-19;26;JSS;Domicile;G. Mbenza;Tit.;83;1.0;;;0;0
2021/22;2022-06-19;26;JSS;Domicile;R. Jaadi;Tit.;67;;;;0;0
2021/22;2022-06-19;26;JSS;Domicile;Y. Attiatallah;Tit.;68;;;;0;0
2021/22;2022-06-19;26;JSS;Domicile;Y. Jabrane;Tit.;83;1.0;;;0;0
2021/22;2022-06-19;26;JSS;Domicile;Z. El-Moutaraji;Tit.;68;;;;0;0
2021/22;2022-06-19;26;JSS;Domicile;A. Serrhat;Remp.;23;;;;0;0
2021/22;2022-06-19;26;JSS;Domicile;J. Daoudi;Remp.;22;;;;0;0
2021/22;2022-06-19;26;JSS;Domicile;M. Chrachem;Remp.;7;;1.0;;0;0
2021/22;2022-06-19;26;JSS;Domicile;M. Rahim;Remp.;22;;1.0;;0;0
2021/22;2022-06-19;26;JSS;Domicile;S. Benyachou;Remp.;7;;;;0;0
2021/22;2022-06-22;27;RSB;Extérieur;A. Dari;Tit.;90;;;;0;0
2021/22;2022-06-22;27;RSB;Extérieur;A. El Amloud;Tit.;90;;;;0;0
2021/22;2022-06-22;27;RSB;Extérieur;A. Farhane;Tit.;90;;1.0;;0;0
2021/22;2022-06-22;27;RSB;Extérieur;A. Haimoud;Tit.;89;;1.0;;0;0
2021/22;2022-06-22;27;RSB;Extérieur;A. R. Tagnaouti;Tit.;90;;;;0;0
2021/22;2022-06-22;27;RSB;Extérieur;B. Aouk;Tit.;89;;;;0;0
2021/22;2022-06-22;27;RSB;Extérieur;G. Mbenza;Tit.;90;1.0;;;0;0
2021/22;2022-06-22;27;RSB;Extérieur;J. Daoudi;Tit.;90;;1.0;;0;0
2021/22;2022-06-22;27;RSB;Extérieur;M. Rahim;Tit.;90;;;;0;0
2021/22;2022-06-22;27;RSB;Extérieur;R. Jaadi;Tit.;89;;;;0;0
2021/22;2022-06-22;27;RSB;Extérieur;Z. El-Moutaraji;Tit.;89;;;;0;0
2021/22;2022-06-22;27;RSB;Extérieur;A. Serrhat;Remp.;1;;;;0;0
2021/22;2022-06-22;27;RSB;Extérieur;H. Asrir;Remp.;1;;;;0;0
2021/22;2022-06-22;27;RSB;Extérieur;M. Chrachem;Remp.;1;;;;0;0
2021/22;2022-06-22;27;RSB;Extérieur;S. Benyachou;Remp.;1;;;;0;0
2021/22;2022-06-25;28;DHJ;Domicile;A. Dari;Tit.;90;;;;0;0
2021/22;2022-06-25;28;DHJ;Domicile;A. El Amloud;Tit.;90;;1.0;;0;0
2021/22;2022-06-25;28;DHJ;Domicile;A. El Hassouni;Tit.;87;;1.0;;0;0
2021/22;2022-06-25;28;DHJ;Domicile;A. Farhane;Tit.;90;1.0;1.0;;0;0
2021/22;2022-06-25;28;DHJ;Domicile;A. Haimoud;Tit.;73;;;;0;0
2021/22;2022-06-25;28;DHJ;Domicile;B. Aouk;Tit.;63;;;;0;0
2021/22;2022-06-25;28;DHJ;Domicile;G. Mbenza;Tit.;88;1.0;;;0;0
2021/22;2022-06-25;28;DHJ;Domicile;I. Sioudi;Tit.;90;;;;0;0
2021/22;2022-06-25;28;DHJ;Domicile;M. Rahim;Tit.;90;;;;0;0
2021/22;2022-06-25;28;DHJ;Domicile;Y. Jabrane;Tit.;90;;;;0;0
2021/22;2022-06-25;28;DHJ;Domicile;Z. El-Moutaraji;Tit.;90;;;;0;0
2021/22;2022-06-25;28;DHJ;Domicile;A. Serrhat;Remp.;2;;;;0;0
2021/22;2022-06-25;28;DHJ;Domicile;J. Tsoumou;Remp.;17;;;;0;0
2021/22;2022-06-25;28;DHJ;Domicile;M. Chrachem;Remp.;27;;;;0;0
2021/22;2022-06-25;28;DHJ;Domicile;R. Jaadi;Remp.;3;;;;0;0
2021/22;2022-06-29;29;MCO;Extérieur;A. Dari;Tit.;90;;;;0;0
2021/22;2022-06-29;29;MCO;Extérieur;A. El Amloud;Tit.;90;;;;0;0
2021/22;2022-06-29;29;MCO;Extérieur;A. El Hassouni;Tit.;54;;;;0;0
2021/22;2022-06-29;29;MCO;Extérieur;A. Haimoud;Tit.;90;;;;0;0
2021/22;2022-06-29;29;MCO;Extérieur;A. R. Tagnaouti;Tit.;90;;;;0;0
2021/22;2022-06-29;29;MCO;Extérieur;C.I. Comara;Tit.;90;;;;0;0
2021/22;2022-06-29;29;MCO;Extérieur;G. Mbenza;Tit.;90;1.0;;;0;0
2021/22;2022-06-29;29;MCO;Extérieur;M. Rahim;Tit.;83;;;;0;0
2021/22;2022-06-29;29;MCO;Extérieur;R. Jaadi;Tit.;54;;1.0;;0;0
2021/22;2022-06-29;29;MCO;Extérieur;Y. Jabrane;Tit.;90;;;;0;0
2021/22;2022-06-29;29;MCO;Extérieur;Z. El-Moutaraji;Tit.;90;;;;0;0
2021/22;2022-06-29;29;MCO;Extérieur;B. Aouk;Remp.;36;;;;0;0
2021/22;2022-06-29;29;MCO;Extérieur;J. Tsoumou;Remp.;36;1.0;;;0;0
2021/22;2022-06-29;29;MCO;Extérieur;M. Chrachem;Remp.;7;;;;0;0
2021/22;2022-07-04;30;FUS;Domicile;A. Serrhat;Tit.;90;;;;0;0
2021/22;2022-07-04;30;FUS;Domicile;C.I. Comara;Tit.;90;1.0;;;0;0
2021/22;2022-07-04;30;FUS;Domicile;H. Ait Allal;Tit.;90;;;;0;0
2021/22;2022-07-04;30;FUS;Domicile;H. Asrir;Tit.;90;;;;0;0
2021/22;2022-07-04;30;FUS;Domicile;H. Janan Allah;Tit.;83;;;;0;0
2021/22;2022-07-04;30;FUS;Domicile;J. Daoudi;Tit.;67;;;;0;0
2021/22;2022-07-04;30;FUS;Domicile;J. Tsoumou;Tit.;76;;;;0;0
2021/22;2022-07-04;30;FUS;Domicile;M. Chrachem;Tit.;76;;;;0;0
2021/22;2022-07-04;30;FUS;Domicile;M. Rahim;Tit.;90;;;;0;0
2021/22;2022-07-04;30;FUS;Domicile;S. Benyachou;Tit.;76;;;;0;0
2021/22;2022-07-04;30;FUS;Domicile;T. Mourid;Tit.;90;;;;0;0
2021/22;2022-07-04;30;FUS;Domicile;A. El Hassouni;Remp.;23;;;;0;0
2021/22;2022-07-04;30;FUS;Domicile;B. Aouk;Remp.;14;;;;0;0
2021/22;2022-07-04;30;FUS;Domicile;C. Faidi;Remp.;14;;;;0;0
2021/22;2022-07-04;30;FUS;Domicile;EL Yazid Faffa;Remp.;7;;;;0;0
2021/22;2022-07-04;30;FUS;Domicile;Y. Attiatallah;Remp.;14;;;;0;0
2022/23;2022-09-02;1;FUS;Extérieur;A. El Amloud;Tit.;90;;;;0;0
2022/23;2022-09-02;1;FUS;Extérieur;A. El Hassouni;Tit.;86;1.0;;;0;0
2022/23;2022-09-02;1;FUS;Extérieur;A. R. Tagnaouti;Tit.;90;;;;0;0
2022/23;2022-09-02;1;FUS;Extérieur;A. Zola;Tit.;90;;;;0;0
2022/23;2022-09-02;1;FUS;Extérieur;B. Aouk;Tit.;69;;;;0;0
2022/23;2022-09-02;1;FUS;Extérieur;C.I. Comara;Tit.;90;;1.0;;0;0
2022/23;2022-09-02;1;FUS;Extérieur;H. Ahaddad;Tit.;68;;1.0;;0;0
2022/23;2022-09-02;1;FUS;Extérieur;R. Jaadi;Tit.;90;;;;0;0
2022/23;2022-09-02;1;FUS;Extérieur;Y. Attiatallah;Tit.;90;;;;0;0
2022/23;2022-09-02;1;FUS;Extérieur;Y. Jabrane;Tit.;90;;1.0;;0;0
2022/23;2022-09-02;1;FUS;Extérieur;Z. El-Moutaraji;Tit.;77;;;;0;0
2022/23;2022-09-02;1;FUS;Extérieur;B. Sambo;Remp.;4;;;;0;0
2022/23;2022-09-02;1;FUS;Extérieur;I. El-Moutaraji;Remp.;13;;;;0;0
2022/23;2022-09-02;1;FUS;Extérieur;J. Tsoumou;Remp.;21;;;;0;0
2022/23;2022-09-02;1;FUS;Extérieur;S. Bouhra;Remp.;22;;;;0;0
2022/23;2022-09-05;2;DHJ;Domicile;A. Aboulfath;Tit.;90;;;;0;0
2022/23;2022-09-05;2;DHJ;Domicile;A. El Amloud;Tit.;90;;;;0;0
2022/23;2022-09-05;2;DHJ;Domicile;A. El Hassouni;Tit.;71;1.0;;;0;0
2022/23;2022-09-05;2;DHJ;Domicile;A. R. Tagnaouti;Tit.;90;;1.0;;0;0
2022/23;2022-09-05;2;DHJ;Domicile;A. Zola;Tit.;90;;;;0;0
2022/23;2022-09-05;2;DHJ;Domicile;B. Aouk;Tit.;70;;;;0;0
2022/23;2022-09-05;2;DHJ;Domicile;B. Sambo;Tit.;80;1.0;;;0;0
2022/23;2022-09-05;2;DHJ;Domicile;J. Daoudi;Tit.;87;;1.0;;0;0
2022/23;2022-09-05;2;DHJ;Domicile;S. Benyachou;Tit.;80;;;;0;0
2022/23;2022-09-05;2;DHJ;Domicile;Y. Attiatallah;Tit.;90;1.0;;;0;0
2022/23;2022-09-05;2;DHJ;Domicile;Y. Jabrane;Tit.;90;;;;0;0
2022/23;2022-09-05;2;DHJ;Domicile;H. Ahaddad;Remp.;10;;;;0;0
2022/23;2022-09-05;2;DHJ;Domicile;I. El-Moutaraji;Remp.;3;;;;0;0
2022/23;2022-09-05;2;DHJ;Domicile;M. Ounajem;Remp.;20;;;;0;0
2022/23;2022-09-05;2;DHJ;Domicile;R. Jaadi;Remp.;19;;;;0;0
2022/23;2022-09-05;2;DHJ;Domicile;S. Bouhra;Remp.;10;;;;0;0
2022/23;2022-09-18;3;OCK;Extérieur;A. El Amloud;Tit.;90;;;;0;0
2022/23;2022-09-18;3;OCK;Extérieur;A. El Hassouni;Tit.;84;;;;0;0
2022/23;2022-09-18;3;OCK;Extérieur;A. R. Tagnaouti;Tit.;90;;;;0;0
2022/23;2022-09-18;3;OCK;Extérieur;A. Zola;Tit.;90;;;;0;0
2022/23;2022-09-18;3;OCK;Extérieur;B. Sambo;Tit.;89;;;;0;0
2022/23;2022-09-18;3;OCK;Extérieur;H. Benayada;Tit.;90;;;;0;0
2022/23;2022-09-18;3;OCK;Extérieur;R. Jaadi;Tit.;89;1.0;;;0;0
2022/23;2022-09-18;3;OCK;Extérieur;S. Bouhra;Tit.;71;;;;0;0
2022/23;2022-09-18;3;OCK;Extérieur;Y. Attiatallah;Tit.;90;;;;0;0
2022/23;2022-09-18;3;OCK;Extérieur;Y. Jabrane;Tit.;90;1.0;1.0;;0;0
2022/23;2022-09-18;3;OCK;Extérieur;Z. El-Moutaraji;Tit.;71;;;;0;0
2022/23;2022-09-18;3;OCK;Extérieur;A. Haimoud;Remp.;1;;;;0;0
2022/23;2022-09-18;3;OCK;Extérieur;B. Aouk;Remp.;1;;;;0;0
2022/23;2022-09-18;3;OCK;Extérieur;H. Ahaddad;Remp.;6;;;;0;0
2022/23;2022-09-18;3;OCK;Extérieur;J. Daoudi;Remp.;19;;;;0;0
2022/23;2022-09-18;3;OCK;Extérieur;M. Ounajem;Remp.;19;;;;0;0
2022/23;2022-10-02;4;RSB;Domicile;A. El Amloud;Tit.;90;;;;0;0
2022/23;2022-10-02;4;RSB;Domicile;A. R. Tagnaouti;Tit.;90;;;;0;0
2022/23;2022-10-02;4;RSB;Domicile;A. Zola;Tit.;90;;;;0;0
2022/23;2022-10-02;4;RSB;Domicile;B. Sambo;Tit.;88;1.0;;;0;0
2022/23;2022-10-02;4;RSB;Domicile;H. Benayada;Tit.;90;;;;0;0
2022/23;2022-10-02;4;RSB;Domicile;J. Daoudi;Tit.;88;1.0;1.0;;0;0
2022/23;2022-10-02;4;RSB;Domicile;M. Ounajem;Tit.;82;;;;0;0
2022/23;2022-10-02;4;RSB;Domicile;R. Jaadi;Tit.;90;;;;0;0
2022/23;2022-10-02;4;RSB;Domicile;Y. Attiatallah;Tit.;90;;;;0;0
2022/23;2022-10-02;4;RSB;Domicile;Y. Jabrane;Tit.;90;;;;0;0
2022/23;2022-10-02;4;RSB;Domicile;Z. El-Moutaraji;Tit.;71;;;;0;0
2022/23;2022-10-02;4;RSB;Domicile;A. Haimoud;Remp.;18;;;;0;0
2022/23;2022-10-02;4;RSB;Domicile;B. Aouk;Remp.;19;;1.0;;0;0
2022/23;2022-10-02;4;RSB;Domicile;K. Dembele;Remp.;2;;;;0;0
2022/23;2022-10-02;4;RSB;Domicile;S. Bouhra;Remp.;2;;;;0;0
2022/23;2022-10-19;5;IRT;Extérieur;A. El Amloud;Tit.;90;;;;0;0
2022/23;2022-10-19;5;IRT;Extérieur;A. El Hassouni;Tit.;80;;;;0;0
2022/23;2022-10-19;5;IRT;Extérieur;A. Farhane;Tit.;90;;;;0;0
2022/23;2022-10-19;5;IRT;Extérieur;A. R. Tagnaouti;Tit.;90;;;;0;0
2022/23;2022-10-19;5;IRT;Extérieur;B. Aouk;Tit.;52;;;1.0;0;0
2022/23;2022-10-19;5;IRT;Extérieur;B. Sambo;Tit.;80;;;;0;0
2022/23;2022-10-19;5;IRT;Extérieur;H. Benayada;Tit.;90;;;;0;0
2022/23;2022-10-19;5;IRT;Extérieur;M. Ounajem;Tit.;87;;;;0;0
2022/23;2022-10-19;5;IRT;Extérieur;R. Jaadi;Tit.;90;;;;0;0
2022/23;2022-10-19;5;IRT;Extérieur;Y. Attiatallah;Tit.;90;;;;0;0
2022/23;2022-10-19;5;IRT;Extérieur;Y. Jabrane;Tit.;90;;1.0;;0;0
2022/23;2022-10-19;5;IRT;Extérieur;H. Ahaddad;Remp.;10;;;;0;0
2022/23;2022-10-19;5;IRT;Extérieur;H. Boussefiane;Remp.;10;;;;0;0
2022/23;2022-10-19;5;IRT;Extérieur;S. Bouhra;Remp.;3;;;;0;0
2022/23;2022-10-23;6;RCA;Domicile;A. El Amloud;Tit.;90;;;;0;0
2022/23;2022-10-23;6;RCA;Domicile;A. El Hassouni;Tit.;89;1.0;1.0;;0;0
2022/23;2022-10-23;6;RCA;Domicile;A. R. Tagnaouti;Tit.;90;;1.0;;0;0
2022/23;2022-10-23;6;RCA;Domicile;A. Zola;Tit.;90;1.0;;;0;0
2022/23;2022-10-23;6;RCA;Domicile;B. Sambo;Tit.;89;;1.0;;0;0
2022/23;2022-10-23;6;RCA;Domicile;H. Benayada;Tit.;90;;1.0;;0;0
2022/23;2022-10-23;6;RCA;Domicile;M. Ounajem;Tit.;90;;1.0;;0;0
2022/23;2022-10-23;6;RCA;Domicile;R. Jaadi;Tit.;90;;;;0;0
2022/23;2022-10-23;6;RCA;Domicile;S. Bouhra;Tit.;72;;;;0;0
2022/23;2022-10-23;6;RCA;Domicile;Y. Attiatallah;Tit.;90;;1.0;;0;0
2022/23;2022-10-23;6;RCA;Domicile;Y. Jabrane;Tit.;90;;;;0;0
2022/23;2022-10-23;6;RCA;Domicile;A. Farhane;Remp.;1;;;;0;0
2022/23;2022-10-23;6;RCA;Domicile;A. Haimoud;Remp.;18;;;;0;0
2022/23;2022-10-23;6;RCA;Domicile;H. Ahaddad;Remp.;1;;;;0;0
2022/23;2022-10-29;7;MCO;Extérieur;A. El Amloud;Tit.;90;;;;0;0
2022/23;2022-10-29;7;MCO;Extérieur;A. El Hassouni;Tit.;84;;;;0;0
2022/23;2022-10-29;7;MCO;Extérieur;A. Farhane;Tit.;90;;;;0;0
2022/23;2022-10-29;7;MCO;Extérieur;A. R. Tagnaouti;Tit.;90;;;;0;0
2022/23;2022-10-29;7;MCO;Extérieur;A. Zola;Tit.;90;;1.0;;0;0
2022/23;2022-10-29;7;MCO;Extérieur;B. Sambo;Tit.;72;1.0;;;0;0
2022/23;2022-10-29;7;MCO;Extérieur;H. Benayada;Tit.;90;;;;0;0
2022/23;2022-10-29;7;MCO;Extérieur;M. Ounajem;Tit.;90;;;;0;0
2022/23;2022-10-29;7;MCO;Extérieur;R. Jaadi;Tit.;90;;1.0;;0;0
2022/23;2022-10-29;7;MCO;Extérieur;S. Bouhra;Tit.;72;;;;0;0
2022/23;2022-10-29;7;MCO;Extérieur;Y. Jabrane;Tit.;90;;;;0;0
2022/23;2022-10-29;7;MCO;Extérieur;B. Aouk;Remp.;18;;;;0;0
2022/23;2022-10-29;7;MCO;Extérieur;H. Ahaddad;Remp.;18;;1.0;;0;0
2022/23;2022-10-29;7;MCO;Extérieur;H. Baouche;Remp.;1;;;;0;0
2022/23;2022-10-29;7;MCO;Extérieur;Y. Attiatallah;Remp.;6;;;;0;0
2022/23;2022-11-06;8;UTS-TOUARGA;Domicile;A. R. Tagnaouti;Tit.;90;;;;0;0
2022/23;2022-11-06;8;UTS-TOUARGA;Domicile;Y. Attiatallah;Tit.;90;;1.0;;0;0
2022/23;2022-11-06;8;UTS-TOUARGA;Domicile;H. Benayada;Tit.;90;;;;0;0
2022/23;2022-11-06;8;UTS-TOUARGA;Domicile;A. Zola;Tit.;90;;;;0;0
2022/23;2022-11-06;8;UTS-TOUARGA;Domicile;A. Farhane;Tit.;75;;1.0;;0;0
2022/23;2022-11-06;8;UTS-TOUARGA;Domicile;R. Jaadi;Tit.;79;;;;0;0
2022/23;2022-11-06;8;UTS-TOUARGA;Domicile;Y. Jabrane;Tit.;90;;;;0;0
2022/23;2022-11-06;8;UTS-TOUARGA;Domicile;S. Bouhra;Tit.;61;;;;0;0
2022/23;2022-11-06;8;UTS-TOUARGA;Domicile;A. El Hassouni;Tit.;90;;;;0;0
2022/23;2022-11-06;8;UTS-TOUARGA;Domicile;M. Ounajem;Tit.;90;;;;0;0
2022/23;2022-11-06;8;UTS-TOUARGA;Domicile;B. Sambo;Tit.;90;;;;0;0
2022/23;2022-11-06;8;UTS-TOUARGA;Domicile;A. El Amloud;Remp.;15;;;;0;0
2022/23;2022-11-06;8;UTS-TOUARGA;Domicile;A. Haimoud;Remp.;29;;;;0;0
2022/23;2022-11-06;8;UTS-TOUARGA;Domicile;I. El-Moutaraji;Remp.;11;;;;0;0
2022/23;2022-12-29;9;FAR;Extérieur;A. El Amloud;Tit.;90;;;;0;0
2022/23;2022-12-29;9;FAR;Extérieur;A. El Hassouni;Tit.;90;;;;0;0
2022/23;2022-12-29;9;FAR;Extérieur;A. Farhane;Tit.;90;;;;0;0
2022/23;2022-12-29;9;FAR;Extérieur;A. R. Tagnaouti;Tit.;90;;;1.0;0;0
2022/23;2022-12-29;9;FAR;Extérieur;A. Zola;Tit.;90;;1.0;;0;0
2022/23;2022-12-29;9;FAR;Extérieur;B. Sambo;Tit.;82;;;;0;0
2022/23;2022-12-29;9;FAR;Extérieur;M. Ounajem;Tit.;56;;;;0;0
2022/23;2022-12-29;9;FAR;Extérieur;R. Jaadi;Tit.;67;;;;0;0
2022/23;2022-12-29;9;FAR;Extérieur;Y. Attiatallah;Tit.;90;;1.0;;0;0
2022/23;2022-12-29;9;FAR;Extérieur;Y. Jabrane;Tit.;90;;1.0;;0;0
2022/23;2022-12-29;9;FAR;Extérieur;Z. El-Moutaraji;Tit.;56;;;;0;0
2022/23;2022-12-29;9;FAR;Extérieur;A. Haimoud;Remp.;23;;1.0;;0;0
2022/23;2022-12-29;9;FAR;Extérieur;B. Aouk;Remp.;18;;;;0;0
2022/23;2022-12-29;9;FAR;Extérieur;S. Benyachou;Remp.;34;;;;0;0
2022/23;2022-12-29;9;FAR;Extérieur;S. Bouhra;Remp.;34;;;;0;0
2022/23;2023-01-05;10;SCCM;Domicile;A. El Amloud;Tit.;82;;;;0;0
2022/23;2023-01-05;10;SCCM;Domicile;A. El Hassouni;Tit.;90;1.0;;;0;0
2022/23;2023-01-05;10;SCCM;Domicile;A. Farhane;Tit.;71;;1.0;;0;0
2022/23;2023-01-05;10;SCCM;Domicile;A. Zola;Tit.;90;;;;0;0
2022/23;2023-01-05;10;SCCM;Domicile;B. Sambo;Tit.;64;;;;0;0
2022/23;2023-01-05;10;SCCM;Domicile;J. Daoudi;Tit.;90;;;1.0;0;0
2022/23;2023-01-05;10;SCCM;Domicile;M. Ounajem;Tit.;63;;;;0;0
2022/23;2023-01-05;10;SCCM;Domicile;R. Jaadi;Tit.;90;;;;0;0
2022/23;2023-01-05;10;SCCM;Domicile;Y. Attiatallah;Tit.;90;;;;0;0
2022/23;2023-01-05;10;SCCM;Domicile;Y. Moutie;Tit.;90;;;;0;0
2022/23;2023-01-05;10;SCCM;Domicile;Z. El-Moutaraji;Tit.;82;;;;0;0
2022/23;2023-01-05;10;SCCM;Domicile;B. Aouk;Remp.;8;;;;0;0
2022/23;2023-01-05;10;SCCM;Domicile;H. Ahaddad;Remp.;26;;;;0;0
2022/23;2023-01-05;10;SCCM;Domicile;H. Benayada;Remp.;19;;;;0;0
2022/23;2023-01-05;10;SCCM;Domicile;I. El-Moutaraji;Remp.;8;;1.0;;0;0
2022/23;2023-01-05;10;SCCM;Domicile;S. Bouhra;Remp.;27;;;;0;0
2022/23;2023-01-08;11;MAT;Extérieur;A. El Amloud;Tit.;90;;;;0;0
2022/23;2023-01-08;11;MAT;Extérieur;A. El Hassouni;Tit.;89;;1.0;;0;0
2022/23;2023-01-08;11;MAT;Extérieur;A. Farhane;Tit.;90;;;;0;0
2022/23;2023-01-08;11;MAT;Extérieur;A. Haimoud;Tit.;77;;;;0;0
2022/23;2023-01-08;11;MAT;Extérieur;A. Zola;Tit.;90;1.0;;;0;0
2022/23;2023-01-08;11;MAT;Extérieur;M. Ounajem;Tit.;89;;;;0;0
2022/23;2023-01-08;11;MAT;Extérieur;R. Jaadi;Tit.;89;;1.0;;0;0
2022/23;2023-01-08;11;MAT;Extérieur;Y. Attiatallah;Tit.;90;;;;0;0
2022/23;2023-01-08;11;MAT;Extérieur;Y. Jabrane;Tit.;90;;;;0;0
2022/23;2023-01-08;11;MAT;Extérieur;Y. Moutie;Tit.;90;-1.0;;;0;0
2022/23;2023-01-08;11;MAT;Extérieur;Z. El-Moutaraji;Tit.;78;1.0;1.0;;0;0
2022/23;2023-01-08;11;MAT;Extérieur;B. Aouk;Remp.;1;;;;0;0
2022/23;2023-01-08;11;MAT;Extérieur;H. Baouche;Remp.;1;;1.0;;0;0
2022/23;2023-01-08;11;MAT;Extérieur;H. Boussefiane;Remp.;12;;;;0;0
2022/23;2023-01-08;11;MAT;Extérieur;I. Khenouss;Remp.;13;;;;0;0
2022/23;2023-01-08;11;MAT;Extérieur;S. Benyachou;Remp.;1;;;;0;0
2022/23;2023-01-13;12;HUSA;Domicile;A. El Amloud;Tit.;90;;;;0;0
2022/23;2023-01-13;12;HUSA;Domicile;A. El Hassouni;Tit.;90;;;;0;0
2022/23;2023-01-13;12;HUSA;Domicile;A. Farhane;Tit.;90;;1.0;;0;0
2022/23;2023-01-13;12;HUSA;Domicile;A. R. Tagnaouti;Tit.;90;;;;0;0
2022/23;2023-01-13;12;HUSA;Domicile;A. Zola;Tit.;90;;;;0;0
2022/23;2023-01-13;12;HUSA;Domicile;I. Khenouss;Tit.;66;1.0;;;0;0
2022/23;2023-01-13;12;HUSA;Domicile;M. Ounajem;Tit.;16;;;;0;0
2022/23;2023-01-13;12;HUSA;Domicile;R. Jaadi;Tit.;89;;;;0;0
2022/23;2023-01-13;12;HUSA;Domicile;S. Benyachou;Tit.;66;;;;0;0
2022/23;2023-01-13;12;HUSA;Domicile;Y. Attiatallah;Tit.;90;;;;0;0
2022/23;2023-01-13;12;HUSA;Domicile;Y. Jabrane;Tit.;90;;;;0;0
2022/23;2023-01-13;12;HUSA;Domicile;B. Aouk;Remp.;16;;;;0;0
2022/23;2023-01-13;12;HUSA;Domicile;H. Baouche;Remp.;1;;;;0;0
2022/23;2023-01-13;12;HUSA;Domicile;H. Boussefiane;Remp.;24;;;;0;0
2022/23;2023-01-13;12;HUSA;Domicile;J. Daoudi;Remp.;24;;;;0;0
2022/23;2023-01-19;13;OCS;Extérieur;A. El Amloud;Tit.;90;;;;0;0
2022/23;2023-01-19;13;OCS;Extérieur;A. Farhane;Tit.;90;;;;0;0
2022/23;2023-01-19;13;OCS;Extérieur;A. R. Tagnaouti;Tit.;90;;;;0;0
2022/23;2023-01-19;13;OCS;Extérieur;A. Zola;Tit.;90;;;;0;0
2022/23;2023-01-19;13;OCS;Extérieur;H. Boussefiane;Tit.;63;;;;0;0
2022/23;2023-01-19;13;OCS;Extérieur;I. Khenouss;Tit.;74;;;;0;0
2022/23;2023-01-19;13;OCS;Extérieur;J. Daoudi;Tit.;63;;1.0;;0;0
2022/23;2023-01-19;13;OCS;Extérieur;M. Ounajem;Tit.;75;;1.0;;0;0
2022/23;2023-01-19;13;OCS;Extérieur;R. Jaadi;Tit.;90;;1.0;;0;0
2022/23;2023-01-19;13;OCS;Extérieur;Y. Attiatallah;Tit.;90;;1.0;;0;0
2022/23;2023-01-19;13;OCS;Extérieur;Y. Jabrane;Tit.;90;;;;0;0
2022/23;2023-01-19;13;OCS;Extérieur;A. El Hassouni;Remp.;16;;;;0;0
2022/23;2023-01-19;13;OCS;Extérieur;A. Haimoud;Remp.;27;;;;0;0
2022/23;2023-01-19;13;OCS;Extérieur;B. Aouk;Remp.;15;;;;0;0
2022/23;2023-01-19;13;OCS;Extérieur;S. Bouhra;Remp.;27;;;;0;0
2022/23;2023-01-22;14;JSS;Extérieur;A. Aboulfath;Tit.;90;;;;0;0
2022/23;2023-01-22;14;JSS;Extérieur;A. El Amloud;Tit.;90;;;;0;0
2022/23;2023-01-22;14;JSS;Extérieur;A. El Hassouni;Tit.;90;1.0;1.0;;0;0
2022/23;2023-01-22;14;JSS;Extérieur;A. Haimoud;Tit.;82;;1.0;;0;0
2022/23;2023-01-22;14;JSS;Extérieur;A. R. Tagnaouti;Tit.;90;;;;0;0
2022/23;2023-01-22;14;JSS;Extérieur;A. Zola;Tit.;90;;;;0;0
2022/23;2023-01-22;14;JSS;Extérieur;I. El-Moutaraji;Tit.;69;;;;0;0
2022/23;2023-01-22;14;JSS;Extérieur;J. Daoudi;Tit.;83;;1.0;;0;0
2022/23;2023-01-22;14;JSS;Extérieur;M. Ounajem;Tit.;69;;;;0;0
2022/23;2023-01-22;14;JSS;Extérieur;S. Bouhra;Tit.;89;;;;0;0
2022/23;2023-01-22;14;JSS;Extérieur;Y. Jabrane;Tit.;90;;;;0;0
2022/23;2023-01-22;14;JSS;Extérieur;H. Ahaddad;Remp.;8;;;;0;0
2022/23;2023-01-22;14;JSS;Extérieur;H. Ait Allal;Remp.;7;;;;0;0
2022/23;2023-01-22;14;JSS;Extérieur;H. Boussefiane;Remp.;21;;;;0;0
2022/23;2023-01-22;14;JSS;Extérieur;M. Ellafi;Remp.;1;;;;0;0
2022/23;2023-01-22;14;JSS;Extérieur;R. Jaadi;Remp.;21;;;;0;0
2022/23;2023-01-25;15;MAS;Domicile;A. Aboulfath;Tit.;90;;;;0;0
2022/23;2023-01-25;15;MAS;Domicile;A. El Amloud;Tit.;90;;;;0;0
2022/23;2023-01-25;15;MAS;Domicile;A. El Hassouni;Tit.;83;1.0;;;0;0
2022/23;2023-01-25;15;MAS;Domicile;A. Farhane;Tit.;90;;;;0;0
2022/23;2023-01-25;15;MAS;Domicile;A. R. Tagnaouti;Tit.;90;;1.0;;0;0
2022/23;2023-01-25;15;MAS;Domicile;H. Boussefiane;Tit.;61;;1.0;;0;0
2022/23;2023-01-25;15;MAS;Domicile;I. El-Moutaraji;Tit.;61;;1.0;;0;0
2022/23;2023-01-25;15;MAS;Domicile;R. Jaadi;Tit.;90;;;;0;0
2022/23;2023-01-25;15;MAS;Domicile;S. Bouhra;Tit.;74;;;;0;0
2022/23;2023-01-25;15;MAS;Domicile;Y. Attiatallah;Tit.;90;;;;0;0
2022/23;2023-01-25;15;MAS;Domicile;Y. Jabrane;Tit.;90;;;;0;0
2022/23;2023-01-25;15;MAS;Domicile;A. Haimoud;Remp.;7;;;;0;0
2022/23;2023-01-25;15;MAS;Domicile;D.L. Zee;Remp.;29;;;;0;0
2022/23;2023-01-25;15;MAS;Domicile;H. Ahaddad;Remp.;16;;;;0;0
2022/23;2023-01-25;15;MAS;Domicile;M. Ounajem;Remp.;29;;;;0;0
2022/23;2023-01-29;16;FUS;Domicile;A. Aboulfath;Tit.;89;;1.0;;0;0
2022/23;2023-01-29;16;FUS;Domicile;A. El Amloud;Tit.;90;;;;0;0
2022/23;2023-01-29;16;FUS;Domicile;A. El Hassouni;Tit.;80;;;;0;0
2022/23;2023-01-29;16;FUS;Domicile;A. Farhane;Tit.;90;;;;0;0
2022/23;2023-01-29;16;FUS;Domicile;A. Haimoud;Tit.;46;;;;0;0
2022/23;2023-01-29;16;FUS;Domicile;A. R. Tagnaouti;Tit.;90;;;;0;0
2022/23;2023-01-29;16;FUS;Domicile;A. Zola;Tit.;90;;;;0;0
2022/23;2023-01-29;16;FUS;Domicile;H. Ahaddad;Tit.;66;;1.0;;0;0
2022/23;2023-01-29;16;FUS;Domicile;I. El-Moutaraji;Tit.;66;;;;0;0
2022/23;2023-01-29;16;FUS;Domicile;Y. Attiatallah;Tit.;90;;1.0;;0;0
2022/23;2023-01-29;16;FUS;Domicile;Y. Jabrane;Tit.;90;;1.0;;0;0
2022/23;2023-01-29;16;FUS;Domicile;B. Sambo;Remp.;1;;;;0;0
2022/23;2023-01-29;16;FUS;Domicile;D.L. Zee;Remp.;24;;;;0;0
2022/23;2023-01-29;16;FUS;Domicile;H. Boussefiane;Remp.;44;;;;0;0
2022/23;2023-01-29;16;FUS;Domicile;R. Jaadi;Remp.;24;;;;0;0
2022/23;2023-01-29;16;FUS;Domicile;S. Bouhra;Remp.;10;;;;0;0
2022/23;2023-02-21;17;DHJ;Extérieur;A. Aboulfath;Tit.;90;;1.0;;0;0
2022/23;2023-02-21;17;DHJ;Extérieur;A. El Amloud;Tit.;90;;;;0;0
2022/23;2023-02-21;17;DHJ;Extérieur;A. El Hassouni;Tit.;71;;;;0;0
2022/23;2023-02-21;17;DHJ;Extérieur;A. Farhane;Tit.;90;;;;0;0
2022/23;2023-02-21;17;DHJ;Extérieur;A. Haimoud;Tit.;72;;;;0;0
2022/23;2023-02-21;17;DHJ;Extérieur;A. R. Tagnaouti;Tit.;90;;;;0;0
2022/23;2023-02-21;17;DHJ;Extérieur;B. Sambo;Tit.;83;1.0;;;0;0
2022/23;2023-02-21;17;DHJ;Extérieur;M. Ounajem;Tit.;82;;;;0;0
2022/23;2023-02-21;17;DHJ;Extérieur;S. Bouhra;Tit.;21;;;;0;0
2022/23;2023-02-21;17;DHJ;Extérieur;Y. Attiatallah;Tit.;90;;;;0;0
2022/23;2023-02-21;17;DHJ;Extérieur;Y. Jabrane;Tit.;90;;;;0;0
2022/23;2023-02-21;17;DHJ;Extérieur;A. Zola;Remp.;7;;;;0;0
2022/23;2023-02-21;17;DHJ;Extérieur;D.L. Zee;Remp.;8;;1.0;;0;0
2022/23;2023-02-21;17;DHJ;Extérieur;H. Boussefiane;Remp.;69;;1.0;;0;0
2022/23;2023-02-21;17;DHJ;Extérieur;I. El-Moutaraji;Remp.;19;;;;0;0
2022/23;2023-02-21;17;DHJ;Extérieur;J. Daoudi;Remp.;18;;;;0;0
2022/23;2023-02-28;18;OCK;Domicile;A. Aboulfath;Tit.;90;;;;0;0
2022/23;2023-02-28;18;OCK;Domicile;A. El Amloud;Tit.;90;;1.0;;0;0
2022/23;2023-02-28;18;OCK;Domicile;A. El Hassouni;Tit.;89;;;;0;0
2022/23;2023-02-28;18;OCK;Domicile;A. Farhane;Tit.;90;;;;0;0
2022/23;2023-02-28;18;OCK;Domicile;A. R. Tagnaouti;Tit.;90;;;;0;0
2022/23;2023-02-28;18;OCK;Domicile;B. Sambo;Tit.;90;2.0;;;0;0
2022/23;2023-02-28;18;OCK;Domicile;J. Daoudi;Tit.;90;;;;0;0
2022/23;2023-02-28;18;OCK;Domicile;M. Ounajem;Tit.;69;;;;0;0
2022/23;2023-02-28;18;OCK;Domicile;S. Bouhra;Tit.;83;1.0;;;0;0
2022/23;2023-02-28;18;OCK;Domicile;Y. Attiatallah;Tit.;84;;;;0;0
2022/23;2023-02-28;18;OCK;Domicile;Y. Jabrane;Tit.;90;;;;0;0
2022/23;2023-02-28;18;OCK;Domicile;A. Zola;Remp.;6;;;;0;0
2022/23;2023-02-28;18;OCK;Domicile;B. Aouk;Remp.;21;;;;0;0
2022/23;2023-02-28;18;OCK;Domicile;H. Boussefiane;Remp.;1;;;;0;0
2022/23;2023-02-28;18;OCK;Domicile;M. Ellafi;Remp.;7;;;;0;0
2022/23;2023-03-07;19;RSB;Extérieur;A. R. Tagnaouti;Tit.;90;;;;0;0
2022/23;2023-03-07;19;RSB;Extérieur;Y. Attiatallah;Tit.;90;;1.0;;0;0
2022/23;2023-03-07;19;RSB;Extérieur;A. El Amloud;Tit.;90;;;;0;0
2022/23;2023-03-07;19;RSB;Extérieur;A. Farhane;Tit.;90;1.0;;;0;0
2022/23;2023-03-07;19;RSB;Extérieur;A. Zola;Tit.;90;;;;0;0
2022/23;2023-03-07;19;RSB;Extérieur;Y. Jabrane;Tit.;90;;;;0;0
2022/23;2023-03-07;19;RSB;Extérieur;A. Haimoud;Tit.;53;;;;0;0
2022/23;2023-03-07;19;RSB;Extérieur;A. El Hassouni;Tit.;82;1.0;;;0;0
2022/23;2023-03-07;19;RSB;Extérieur;M. Ounajem;Tit.;53;;;;0;0
2022/23;2023-03-07;19;RSB;Extérieur;S. Bouhra;Tit.;78;;1.0;;0;0
2022/23;2023-03-07;19;RSB;Extérieur;B. Sambo;Tit.;81;1.0;;;0;0
2022/23;2023-03-07;19;RSB;Extérieur;A. Aboulfath;Remp.;8;;;;0;0
2022/23;2023-03-07;19;RSB;Extérieur;I. El-Moutaraji;Remp.;9;;;;0;0
2022/23;2023-03-07;19;RSB;Extérieur;M. Ellafi;Remp.;12;;1.0;;0;0
2022/23;2023-03-07;19;RSB;Extérieur;H. Boussefiane;Remp.;37;;1.0;;0;0
2022/23;2023-03-07;19;RSB;Extérieur;J. Daoudi;Remp.;37;;;;0;0
2022/23;2023-03-14;20;IRT;Domicile;A. R. Tagnaouti;Tit.;99;;;;0;0
2022/23;2023-03-14;20;IRT;Domicile;A. Aboulfath;Tit.;99;;;;0;0
2022/23;2023-03-14;20;IRT;Domicile;Y. Attiatallah;Tit.;90;;;;0;0
2022/23;2023-03-14;20;IRT;Domicile;A. El Amloud;Tit.;66;;1.0;;0;0
2022/23;2023-03-14;20;IRT;Domicile;A. Zola;Tit.;90;;;;0;0
2022/23;2023-03-14;20;IRT;Domicile;M. Ellafi;Tit.;66;;;;0;0
2022/23;2023-03-14;20;IRT;Domicile;A. Haimoud;Tit.;90;;;;0;0
2022/23;2023-03-14;20;IRT;Domicile;Y. Jabrane;Tit.;90;;;;0;0
2022/23;2023-03-14;20;IRT;Domicile;I. El-Moutaraji;Tit.;76;;;;0;0
2022/23;2023-03-14;20;IRT;Domicile;M. Ounajem;Tit.;90;1.0;;;0;0
2022/23;2023-03-14;20;IRT;Domicile;B. Sambo;Tit.;90;2.0;;;0;0
2022/23;2023-03-14;20;IRT;Domicile;H. Ait Allal;Remp.;24;;;;0;0
2022/23;2023-03-14;20;IRT;Domicile;H. Baouche;Remp.;14;;;;0;0
2022/23;2023-03-14;20;IRT;Domicile;S. Bouhra;Remp.;24;;;;0;0
2022/23;2023-03-14;20;IRT;Domicile;H. Boussefiane;Remp.;14;;;;0;0
2022/23;2023-03-14;20;IRT;Domicile;I. Khenouss;Remp.;5;;;;0;0
2022/23;2023-04-06;21;RCA;Extérieur;Y. Moutie;Tit.;90;;;;0;0
2022/23;2023-04-06;21;RCA;Extérieur;Y. Attiatallah;Tit.;85;;1.0;;0;0
2022/23;2023-04-06;21;RCA;Extérieur;A. El Amloud;Tit.;70;;;;0;0
2022/23;2023-04-06;21;RCA;Extérieur;A. Farhane;Tit.;90;;1.0;;0;0
2022/23;2023-04-06;21;RCA;Extérieur;A. Zola;Tit.;90;1.0;;;0;0
2022/23;2023-04-06;21;RCA;Extérieur;J. Daoudi;Tit.;70;;;;0;0
2022/23;2023-04-06;21;RCA;Extérieur;A. El Hassouni;Tit.;90;1.0;1.0;;0;0
2022/23;2023-04-06;21;RCA;Extérieur;Y. Jabrane;Tit.;90;;1.0;;0;0
2022/23;2023-04-06;21;RCA;Extérieur;S. Bouhra;Tit.;63;;;;0;0
2022/23;2023-04-06;21;RCA;Extérieur;H. Boussefiane;Tit.;63;;;;0;0
2022/23;2023-04-06;21;RCA;Extérieur;B. Sambo;Tit.;90;;;;0;0
2022/23;2023-04-06;21;RCA;Extérieur;H. Benayada;Remp.;20;;;;0;0
2022/23;2023-04-06;21;RCA;Extérieur;M. Ellafi;Remp.;27;;1.0;;0;0
2022/23;2023-04-06;21;RCA;Extérieur;R. Jaadi;Remp.;20;;1.0;;0;0
2022/23;2023-04-06;21;RCA;Extérieur;H. Ahaddad;Remp.;5;;;;0;0
2022/23;2023-04-06;21;RCA;Extérieur;Z. El-Moutaraji;Remp.;27;;;;0;0
2022/23;2023-04-09;22;MCO;Domicile;Y. Moutie;Tit.;90;;;;0;0
2022/23;2023-04-09;22;MCO;Domicile;A. Aboulfath;Tit.;90;;;;0;0
2022/23;2023-04-09;22;MCO;Domicile;Y. Attiatallah;Tit.;90;;;;0;0
2022/23;2023-04-09;22;MCO;Domicile;H. Benayada;Tit.;90;;;;0;0
2022/23;2023-04-09;22;MCO;Domicile;A. Zola;Tit.;90;;;;0;0
2022/23;2023-04-09;22;MCO;Domicile;A. Haimoud;Tit.;90;1.0;;;0;0
2022/23;2023-04-09;22;MCO;Domicile;Y. Jabrane;Tit.;90;;;;0;0
2022/23;2023-04-09;22;MCO;Domicile;I. El-Moutaraji;Tit.;84;;;;0;0
2022/23;2023-04-09;22;MCO;Domicile;Z. El-Moutaraji;Tit.;74;;;;0;0
2022/23;2023-04-09;22;MCO;Domicile;B. Sambo;Tit.;74;;;;0;0
2022/23;2023-04-09;22;MCO;Domicile;H. Boussefiane;Tit.;66;;1.0;;0;0
2022/23;2023-04-09;22;MCO;Domicile;H. Ahaddad;Remp.;24;;;;0;0
2022/23;2023-04-09;22;MCO;Domicile;S. Bouhra;Remp.;16;;;;0;0
2022/23;2023-04-09;22;MCO;Domicile;M. Ounajem;Remp.;16;;;;0;0
2022/23;2023-04-09;22;MCO;Domicile;J. Daoudi;Remp.;6;;;;0;0
2022/23;2023-04-16;23;UTS-TOUARGA;Extérieur;Y. Moutie;Tit.;90;;1.0;;0;0
2022/23;2023-04-16;23;UTS-TOUARGA;Extérieur;A. Aboulfath;Tit.;90;;;;0;0
2022/23;2023-04-16;23;UTS-TOUARGA;Extérieur;Y. Attiatallah;Tit.;89;;1.0;;0;0
2022/23;2023-04-16;23;UTS-TOUARGA;Extérieur;A. El Amloud;Tit.;59;;;;0;0
2022/23;2023-04-16;23;UTS-TOUARGA;Extérieur;A. Zola;Tit.;90;;;;0;0
2022/23;2023-04-16;23;UTS-TOUARGA;Extérieur;J. Daoudi;Tit.;90;;1.0;;0;0
2022/23;2023-04-16;23;UTS-TOUARGA;Extérieur;R. Jaadi;Tit.;58;;;;0;0
2022/23;2023-04-16;23;UTS-TOUARGA;Extérieur;A. El Hassouni;Tit.;59;;;;0;0
2022/23;2023-04-16;23;UTS-TOUARGA;Extérieur;A. Haimoud;Tit.;90;;1.0;;0;0
2022/23;2023-04-16;23;UTS-TOUARGA;Extérieur;Z. El-Moutaraji;Tit.;85;;;;0;0
2022/23;2023-04-16;23;UTS-TOUARGA;Extérieur;B. Sambo;Tit.;90;2.0;;;0;0
2022/23;2023-04-16;23;UTS-TOUARGA;Extérieur;S. Bouhra;Remp.;31;;1.0;;0;0
2022/23;2023-04-16;23;UTS-TOUARGA;Extérieur;Y. Jabrane;Remp.;32;;;;0;0
2022/23;2023-04-16;23;UTS-TOUARGA;Extérieur;H. Benayada;Remp.;31;;;;0;0
2022/23;2023-04-16;23;UTS-TOUARGA;Extérieur;H. Ait Allal;Remp.;5;;;;0;0
2022/23;2023-04-16;23;UTS-TOUARGA;Extérieur;S. El Anabi;Remp.;1;;;;0;0
2022/23;2023-05-03;24;FAR;Domicile;Y. Moutie;Tit.;90;-1.0;;;0;0
2022/23;2023-05-03;24;FAR;Domicile;A. Aboulfath;Tit.;90;;;;0;0
2022/23;2023-05-03;24;FAR;Domicile;H. Benayada;Tit.;90;;;;0;0
2022/23;2023-05-03;24;FAR;Domicile;A. El Amloud;Tit.;90;;;;0;0
2022/23;2023-05-03;24;FAR;Domicile;A. Zola;Tit.;90;;1.0;;0;0
2022/23;2023-05-03;24;FAR;Domicile;J. Daoudi;Tit.;90;;1.0;;0;0
2022/23;2023-05-03;24;FAR;Domicile;A. El Hassouni;Tit.;87;;1.0;;0;0
2022/23;2023-05-03;24;FAR;Domicile;R. Jaadi;Tit.;90;;;;0;0
2022/23;2023-05-03;24;FAR;Domicile;S. Bouhra;Tit.;80;;;;0;0
2022/23;2023-05-03;24;FAR;Domicile;M. Ounajem;Tit.;66;;;;0;0
2022/23;2023-05-03;24;FAR;Domicile;B. Sambo;Tit.;90;;;;0;0
2022/23;2023-05-03;24;FAR;Domicile;H. Ait Allal;Remp.;10;;;;0;0
2022/23;2023-05-03;24;FAR;Domicile;A. Haimoud;Remp.;3;;;;0;0
2022/23;2023-05-03;24;FAR;Domicile;Z. El-Moutaraji;Remp.;24;;;;0;0
2022/23;2023-05-06;25;SCCM;Extérieur;Y. Moutie;Tit.;90;-1.0;;;0;0
2022/23;2023-05-06;25;SCCM;Extérieur;A. Aboulfath;Tit.;90;;;;0;0
2022/23;2023-05-06;25;SCCM;Extérieur;H. Ait Allal;Tit.;90;;;;0;0
2022/23;2023-05-06;25;SCCM;Extérieur;H. Benayada;Tit.;90;;;;0;0
2022/23;2023-05-06;25;SCCM;Extérieur;A. El Amloud;Tit.;90;;;;0;0
2022/23;2023-05-06;25;SCCM;Extérieur;M. Ellafi;Tit.;69;;;;0;0
2022/23;2023-05-06;25;SCCM;Extérieur;J. Daoudi;Tit.;90;;;;0;0
2022/23;2023-05-06;25;SCCM;Extérieur;R. Jaadi;Tit.;90;;;;0;0
2022/23;2023-05-06;25;SCCM;Extérieur;S. Bouhra;Tit.;69;1.0;;;0;0
2022/23;2023-05-06;25;SCCM;Extérieur;M. Ounajem;Tit.;78;;;;0;0
2022/23;2023-05-06;25;SCCM;Extérieur;B. Sambo;Tit.;89;1.0;;;0;0
2022/23;2023-05-06;25;SCCM;Extérieur;A. Haimoud;Remp.;21;;;;0;0
2022/23;2023-05-06;25;SCCM;Extérieur;H. Ahaddad;Remp.;1;;;;0;0
2022/23;2023-05-06;25;SCCM;Extérieur;H. Boussefiane;Remp.;12;;;;0;0
2022/23;2023-05-06;25;SCCM;Extérieur;Z. El-Moutaraji;Remp.;21;;;;0;0
2022/23;2023-05-29;26;MAT;Domicile;Y. Moutie;Tit.;90;;;;0;0
2022/23;2023-05-29;26;MAT;Domicile;Y. Attiatallah;Tit.;90;1.0;;;0;0
2022/23;2023-05-29;26;MAT;Domicile;A. El Amloud;Tit.;90;;;;0;0
2022/23;2023-05-29;26;MAT;Domicile;A. Farhane;Tit.;90;1.0;;;0;0
2022/23;2023-05-29;26;MAT;Domicile;A. Zola;Tit.;90;;;;0;0
2022/23;2023-05-29;26;MAT;Domicile;M. Ellafi;Tit.;77;;;;0;0
2022/23;2023-05-29;26;MAT;Domicile;J. Daoudi;Tit.;87;;1.0;1.0;0;0
2022/23;2023-05-29;26;MAT;Domicile;R. Jaadi;Tit.;90;;;;0;0
2022/23;2023-05-29;26;MAT;Domicile;H. Ahaddad;Tit.;89;;;;0;0
2022/23;2023-05-29;26;MAT;Domicile;S. Bouhra;Tit.;64;;1.0;;0;0
2022/23;2023-05-29;26;MAT;Domicile;M. Ounajem;Tit.;89;;;;0;0
2022/23;2023-05-29;26;MAT;Domicile;H. Baouche;Remp.;1;;;;0;0
2022/23;2023-05-29;26;MAT;Domicile;A. El Hassouni;Remp.;13;;;;0;0
2022/23;2023-05-29;26;MAT;Domicile;Z. El-Moutaraji;Remp.;26;;;;0;0
2022/23;2023-05-29;26;MAT;Domicile;B. Sambo;Remp.;1;;;;0;0
2022/23;2023-06-14;27;HUSA;Extérieur;Y. Moutie;Tit.;90;;;;0;0
2022/23;2023-06-14;27;HUSA;Extérieur;A. Aboulfath;Tit.;90;;1.0;;0;0
2022/23;2023-06-14;27;HUSA;Extérieur;Y. Attiatallah;Tit.;90;;;;0;0
2022/23;2023-06-14;27;HUSA;Extérieur;A. El Amloud;Tit.;90;;;;0;0
2022/23;2023-06-14;27;HUSA;Extérieur;A. Farhane;Tit.;80;;;;0;0
2022/23;2023-06-14;27;HUSA;Extérieur;R. Jaadi;Tit.;90;;;;0;0
2022/23;2023-06-14;27;HUSA;Extérieur;Y. Jabrane;Tit.;90;;;;0;0
2022/23;2023-06-14;27;HUSA;Extérieur;I. El-Moutaraji;Tit.;90;;;;0;0
2022/23;2023-06-14;27;HUSA;Extérieur;S. Bouhra;Tit.;89;;;;0;0
2022/23;2023-06-14;27;HUSA;Extérieur;M. Ounajem;Tit.;80;;;;0;0
2022/23;2023-06-14;27;HUSA;Extérieur;B. Sambo;Tit.;66;;1.0;;0;0
2022/23;2023-06-14;27;HUSA;Extérieur;Y. Nadrani;Remp.;10;;;;0;0
2022/23;2023-06-14;27;HUSA;Extérieur;H. Ahaddad;Remp.;24;;;;0;0
2022/23;2023-06-14;27;HUSA;Extérieur;B. Aouk;Remp.;10;;;;0;0
2022/23;2023-06-14;27;HUSA;Extérieur;H. Boussefiane;Remp.;1;;;;0;0
2022/23;2023-06-17;28;OCS;Domicile;Y. Moutie;Tit.;90;-1.0;;;0;0
2022/23;2023-06-17;28;OCS;Domicile;A. Aboulfath;Tit.;90;;;;0;0
2022/23;2023-06-17;28;OCS;Domicile;Y. Attiatallah;Tit.;90;;;;0;0
2022/23;2023-06-17;28;OCS;Domicile;A. El Amloud;Tit.;90;;;;0;0
2022/23;2023-06-17;28;OCS;Domicile;Y. Nadrani;Tit.;90;;;;0;0
2022/23;2023-06-17;28;OCS;Domicile;J. Daoudi;Tit.;63;1.0;1.0;;0;0
2022/23;2023-06-17;28;OCS;Domicile;Y. Jabrane;Tit.;90;1.0;;;0;0
2022/23;2023-06-17;28;OCS;Domicile;S. Bouhra;Tit.;90;;;;0;0
2022/23;2023-06-17;28;OCS;Domicile;H. Boussefiane;Tit.;89;;;;0;0
2022/23;2023-06-17;28;OCS;Domicile;M. Ounajem;Tit.;82;;;;0;0
2022/23;2023-06-17;28;OCS;Domicile;B. Sambo;Tit.;46;;;;0;0
2022/23;2023-06-17;28;OCS;Domicile;H. Baouche;Remp.;27;;1.0;;0;0
2022/23;2023-06-17;28;OCS;Domicile;R. Jaadi;Remp.;44;;1.0;;0;0
2022/23;2023-06-17;28;OCS;Domicile;I. El-Moutaraji;Remp.;1;;;;0;0
2022/23;2023-06-17;28;OCS;Domicile;B. Aouk;Remp.;8;;;;0;0
2022/23;2023-06-20;29;JSS;Domicile;Y. Moutie;Tit.;90;;;;0;0
2022/23;2023-06-20;29;JSS;Domicile;A. Aboulfath;Tit.;90;;;;0;0
2022/23;2023-06-20;29;JSS;Domicile;Y. Attiatallah;Tit.;90;;;;0;0
2022/23;2023-06-20;29;JSS;Domicile;A. El Amloud;Tit.;90;1.0;;;0;0
2022/23;2023-06-20;29;JSS;Domicile;Y. Nadrani;Tit.;90;;1.0;;0;0
2022/23;2023-06-20;29;JSS;Domicile;R. Jaadi;Tit.;89;;1.0;;0;0
2022/23;2023-06-20;29;JSS;Domicile;Y. Jabrane;Tit.;90;1.0;;;0;0
2022/23;2023-06-20;29;JSS;Domicile;S. Bouhra;Tit.;78;;;;0;0
2022/23;2023-06-20;29;JSS;Domicile;H. Boussefiane;Tit.;68;;;;0;0
2022/23;2023-06-20;29;JSS;Domicile;M. Ounajem;Tit.;89;;;;0;0
2022/23;2023-06-20;29;JSS;Domicile;B. Sambo;Tit.;90;1.0;;;0;0
2022/23;2023-06-20;29;JSS;Domicile;M. Ellafi;Remp.;12;;;;0;0
2022/23;2023-06-20;29;JSS;Domicile;H. Baouche;Remp.;1;;;;0;0
2022/23;2023-06-20;29;JSS;Domicile;A. El Hassouni;Remp.;22;;;;0;0
2022/23;2023-06-20;29;JSS;Domicile;B. Aouk;Remp.;1;;;;0;0
2022/23;2023-06-23;30;MAS;Extérieur;Y. Moutie;Tit.;90;;;;0;0
2022/23;2023-06-23;30;MAS;Extérieur;A. Aboulfath;Tit.;90;;;;0;0
2022/23;2023-06-23;30;MAS;Extérieur;Y. Attiatallah;Tit.;90;;;;0;0
2022/23;2023-06-23;30;MAS;Extérieur;A. El Amloud;Tit.;89;;;;0;0
2022/23;2023-06-23;30;MAS;Extérieur;Y. Nadrani;Tit.;90;;;;0;0
2022/23;2023-06-23;30;MAS;Extérieur;R. Jaadi;Tit.;90;;;;0;0
2022/23;2023-06-23;30;MAS;Extérieur;Y. Jabrane;Tit.;90;1.0;1.0;;0;0
2022/23;2023-06-23;30;MAS;Extérieur;S. Bouhra;Tit.;78;;;;0;0
2022/23;2023-06-23;30;MAS;Extérieur;H. Boussefiane;Tit.;73;1.0;;;0;0
2022/23;2023-06-23;30;MAS;Extérieur;M. Ounajem;Tit.;90;;;;0;0
2022/23;2023-06-23;30;MAS;Extérieur;B. Sambo;Tit.;90;;;;0;0
2022/23;2023-06-23;30;MAS;Extérieur;H. Ait Allal;Remp.;12;;;;0;0
2022/23;2023-06-23;30;MAS;Extérieur;M. Ellafi;Remp.;17;;;;0;0
2022/23;2023-06-23;30;MAS;Extérieur;B. Aouk;Remp.;1;;;;0;0
2023/24;2023-08-31;1;FUS;Domicile;Y. Moutie;Tit.;90;;;;0;0
2023/24;2023-08-31;1;FUS;Domicile;Y. Attiatallah;Tit.;90;;1.0;;0;0
2023/24;2023-08-31;1;FUS;Domicile;A. El Amloud;Tit.;90;;;;0;0
2023/24;2023-08-31;1;FUS;Domicile;H. Ragragui;Tit.;89;;;;0;0
2023/24;2023-08-31;1;FUS;Domicile;A. Zola;Tit.;90;;;;0;0
2023/24;2023-08-31;1;FUS;Domicile;Z. Draoui;Tit.;90;;;;0;0
2023/24;2023-08-31;1;FUS;Domicile;Y. Jabrane;Tit.;90;;;;0;0
2023/24;2023-08-31;1;FUS;Domicile;I. El-Moutaraji;Tit.;46;;;;0;0
2023/24;2023-08-31;1;FUS;Domicile;S. Bouhra;Tit.;74;;;;0;0
2023/24;2023-08-31;1;FUS;Domicile;C. Bahri;Tit.;90;;;;0;0
2023/24;2023-08-31;1;FUS;Domicile;M. Ounajem;Tit.;57;;;;0;0
2023/24;2023-08-31;1;FUS;Domicile;A. Haimoud;Remp.;1;;1.0;;0;0
2023/24;2023-08-31;1;FUS;Domicile;M. Lahtimi;Remp.;33;;;;0;0
2023/24;2023-08-31;1;FUS;Domicile;H. El Houni;Remp.;44;;;;0;0
2023/24;2023-08-31;1;FUS;Domicile;I. Khenouss;Remp.;26;;;;0;0
2023/24;2023-09-03;2;SCCM;Extérieur;Y. Moutie;Tit.;90;;;;0;0
2023/24;2023-09-03;2;SCCM;Extérieur;Y. Attiatallah;Tit.;90;;;;0;0
2023/24;2023-09-03;2;SCCM;Extérieur;A. El Amloud;Tit.;90;1.0;;;0;0
2023/24;2023-09-03;2;SCCM;Extérieur;A. Farhane;Tit.;90;;;;0;0
2023/24;2023-09-03;2;SCCM;Extérieur;A. Zola;Tit.;90;1.0;;;0;0
2023/24;2023-09-03;2;SCCM;Extérieur;Z. Draoui;Tit.;90;;;;0;0
2023/24;2023-09-03;2;SCCM;Extérieur;A. Haimoud;Tit.;83;;;;0;0
2023/24;2023-09-03;2;SCCM;Extérieur;Y. Jabrane;Tit.;90;;;;0;0
2023/24;2023-09-03;2;SCCM;Extérieur;M. Lahtimi;Tit.;46;;;;0;0
2023/24;2023-09-03;2;SCCM;Extérieur;H. El Houni;Tit.;65;;;;0;0
2023/24;2023-09-03;2;SCCM;Extérieur;B. Sambo;Tit.;83;1.0;;;0;0
2023/24;2023-09-03;2;SCCM;Extérieur;A. Serrhat;Remp.;7;;;;0;0
2023/24;2023-09-03;2;SCCM;Extérieur;S. Bouhra;Remp.;25;;1.0;;0;0
2023/24;2023-09-03;2;SCCM;Extérieur;H. Boussefiane;Remp.;44;;;;0;0
2023/24;2023-09-03;2;SCCM;Extérieur;C. Bahri;Remp.;7;;;;0;0
2023/24;2023-09-21;3;JSS;Domicile;M. Meftah;Tit.;90;;;;0;0
2023/24;2023-09-21;3;JSS;Domicile;A. Aboulfath;Tit.;86;;;1.0;0;0
2023/24;2023-09-21;3;JSS;Domicile;Y. Attiatallah;Tit.;90;;;;0;0
2023/24;2023-09-21;3;JSS;Domicile;A. El Amloud;Tit.;90;;;;0;0
2023/24;2023-09-21;3;JSS;Domicile;A. Farhane;Tit.;90;;;;0;0
2023/24;2023-09-21;3;JSS;Domicile;Z. Draoui;Tit.;90;;;;0;0
2023/24;2023-09-21;3;JSS;Domicile;Y. Jabrane;Tit.;90;;;;0;0
2023/24;2023-09-21;3;JSS;Domicile;M. Lahtimi;Tit.;69;;;;0;0
2023/24;2023-09-21;3;JSS;Domicile;S. Bouhra;Tit.;69;;;;0;0
2023/24;2023-09-21;3;JSS;Domicile;H. El Houni;Tit.;88;;;;0;0
2023/24;2023-09-21;3;JSS;Domicile;B. Sambo;Tit.;82;;;;0;0
2023/24;2023-09-21;3;JSS;Domicile;A. Zola;Remp.;2;;;;0;0
2023/24;2023-09-21;3;JSS;Domicile;S. Ahnache;Remp.;21;;;;0;0
2023/24;2023-09-21;3;JSS;Domicile;H. Boussefiane;Remp.;21;;;;0;0
2023/24;2023-09-21;3;JSS;Domicile;C. Bahri;Remp.;8;;;;0;0
2023/24;2023-09-24;4;RSB;Extérieur;Y. Moutie;Tit.;90;;;;0;0
2023/24;2023-09-24;4;RSB;Extérieur;Y. Attiatallah;Tit.;90;;;;0;0
2023/24;2023-09-24;4;RSB;Extérieur;A. El Amloud;Tit.;90;;;;0;0
2023/24;2023-09-24;4;RSB;Extérieur;A. Farhane;Tit.;90;;;;0;0
2023/24;2023-09-24;4;RSB;Extérieur;J. Harkass;Tit.;90;;;;0;0
2023/24;2023-09-24;4;RSB;Extérieur;S. Ahnache;Tit.;89;;;;0;0
2023/24;2023-09-24;4;RSB;Extérieur;Z. Draoui;Tit.;90;;;;0;0
2023/24;2023-09-24;4;RSB;Extérieur;Y. Jabrane;Tit.;90;;1.0;;0;0
2023/24;2023-09-24;4;RSB;Extérieur;M. Lahtimi;Tit.;71;;1.0;;0;0
2023/24;2023-09-24;4;RSB;Extérieur;C. Bahri;Tit.;90;;;;0;0
2023/24;2023-09-24;4;RSB;Extérieur;H. El Houni;Tit.;72;;;;0;0
2023/24;2023-09-24;4;RSB;Extérieur;H. Boussefiane;Remp.;19;;;;0;0
2023/24;2023-09-24;4;RSB;Extérieur;M. Ounajem;Remp.;18;;;;0;0
2023/24;2023-09-24;4;RSB;Extérieur;B. Sambo;Remp.;1;;;;0;0
2023/24;2023-10-04;5;RCAZ;Domicile;Y. Moutie;Tit.;90;;;;0;0
2023/24;2023-10-04;5;RCAZ;Domicile;A. Aboulfath;Tit.;90;;;;0;0
2023/24;2023-10-04;5;RCAZ;Domicile;Y. Attiatallah;Tit.;90;;;;0;0
2023/24;2023-10-04;5;RCAZ;Domicile;A. El Amloud;Tit.;90;;1.0;;0;0
2023/24;2023-10-04;5;RCAZ;Domicile;J. Harkass;Tit.;90;;;;0;0
2023/24;2023-10-04;5;RCAZ;Domicile;Z. Draoui;Tit.;90;;;;0;0
2023/24;2023-10-04;5;RCAZ;Domicile;A. Haimoud;Tit.;46;;;;0;0
2023/24;2023-10-04;5;RCAZ;Domicile;Y. Jabrane;Tit.;90;1.0;1.0;;0;0
2023/24;2023-10-04;5;RCAZ;Domicile;M. Lahtimi;Tit.;46;;;;0;0
2023/24;2023-10-04;5;RCAZ;Domicile;H. El Houni;Tit.;89;;1.0;;0;0
2023/24;2023-10-04;5;RCAZ;Domicile;B. Sambo;Tit.;71;1.0;;;0;0
2023/24;2023-10-04;5;RCAZ;Domicile;S. Ahnache;Remp.;44;;1.0;;0;0
2023/24;2023-10-04;5;RCAZ;Domicile;S. Bouhra;Remp.;1;;;;0;0
2023/24;2023-10-04;5;RCAZ;Domicile;H. Boussefiane;Remp.;44;;;;0;0
2023/24;2023-10-04;5;RCAZ;Domicile;C. Bahri;Remp.;19;1.0;;;0;0
2023/24;2023-10-07;6;IRT;Extérieur;Y. Moutie;Tit.;90;;;;0;0
2023/24;2023-10-07;6;IRT;Extérieur;A. Aboulfath;Tit.;90;;1.0;;0;0
2023/24;2023-10-07;6;IRT;Extérieur;Y. Attiatallah;Tit.;89;;1.0;;0;0
2023/24;2023-10-07;6;IRT;Extérieur;A. El Amloud;Tit.;90;;;;0;0
2023/24;2023-10-07;6;IRT;Extérieur;J. Harkass;Tit.;90;;;;0;0
2023/24;2023-10-07;6;IRT;Extérieur;A. Serrhat;Tit.;90;;1.0;;0;0
2023/24;2023-10-07;6;IRT;Extérieur;S. Ahnache;Tit.;89;;;;0;0
2023/24;2023-10-07;6;IRT;Extérieur;Z. Draoui;Tit.;90;;1.0;;0;0
2023/24;2023-10-07;6;IRT;Extérieur;H. Boussefiane;Tit.;78;;;;0;0
2023/24;2023-10-07;6;IRT;Extérieur;C. Bahri;Tit.;88;3.0;;;0;0
2023/24;2023-10-07;6;IRT;Extérieur;H. El Houni;Tit.;67;;;;0;0
2023/24;2023-10-07;6;IRT;Extérieur;I. Chetti;Remp.;1;;;;0;0
2023/24;2023-10-07;6;IRT;Extérieur;M. Lahtimi;Remp.;23;;;;0;0
2023/24;2023-10-07;6;IRT;Extérieur;O. Mahrouss;Remp.;1;;;;0;0
2023/24;2023-10-07;6;IRT;Extérieur;S. Bouhra;Remp.;12;;;;0;0
2023/24;2023-10-07;6;IRT;Extérieur;M. Ounajem;Remp.;2;;;;0;0
2024/25;2024-08-30;1;MAS;Extérieur;A. Mhamdi;Tit.;90;;;;0;0
2024/25;2024-08-30;1;MAS;Extérieur;Z. Nassik;Tit.;90;;;;0;0
2024/25;2024-08-30;1;MAS;Extérieur;N. Marmouq;Tit.;90;;;;0;0
2024/25;2024-08-30;1;MAS;Extérieur;J. Harkass;Tit.;90;;;;0;0
2024/25;2024-08-30;1;MAS;Extérieur;M. Moufid;Tit.;90;;1.0;;0;0
2024/25;2024-08-30;1;MAS;Extérieur;O. Zemraoui;Tit.;60;;;;0;0
2024/25;2024-08-30;1;MAS;Extérieur;M. Raihi;Tit.;60;;;;0;0
2024/25;2024-08-30;1;MAS;Extérieur;C. Faidi;Tit.;60;;;;0;0
2024/25;2024-08-30;1;MAS;Extérieur;O. Mahrouss;Tit.;90;;;;0;0
2024/25;2024-08-30;1;MAS;Extérieur;H. Essakhi;Tit.;79;;;;0;0
2024/25;2024-08-30;1;MAS;Extérieur;M. Anzou;Tit.;89;;;;0;0
2024/25;2024-08-30;1;MAS;Extérieur;A. Dirani;Remp.;1;;;;0;0
2024/25;2024-08-30;1;MAS;Extérieur;I. El-Moutaraji;Remp.;11;;;;0;0
2024/25;2024-08-30;1;MAS;Extérieur;W. Nassi;Remp.;30;;1.0;;0;0
2024/25;2024-08-30;1;MAS;Extérieur;N. Chadli;Remp.;30;;;;0;0
2024/25;2024-08-30;1;MAS;Extérieur;C. Mailoula;Remp.;30;;;;0;0
2024/25;2024-09-14;2;MAT;Domicile;Y. Moutie;Tit.;90;;;;0;0
2024/25;2024-09-14;2;MAT;Domicile;M. Moufid;Tit.;90;;;;0;0
2024/25;2024-09-14;2;MAT;Domicile;Z. Nassik;Tit.;90;;;;0;0
2024/25;2024-09-14;2;MAT;Domicile;J. Harkass;Tit.;90;;1.0;;0;0
2024/25;2024-09-14;2;MAT;Domicile;A. Dirani;Tit.;90;;;;0;0
2024/25;2024-09-14;2;MAT;Domicile;O. Zemraoui;Tit.;58;;;;0;0
2024/25;2024-09-14;2;MAT;Domicile;C. Mailoula;Tit.;90;;;;0;0
2024/25;2024-09-14;2;MAT;Domicile;M. Raihi;Tit.;69;;;;0;0
2024/25;2024-09-14;2;MAT;Domicile;N. Chadli;Tit.;90;1.0;;;0;0
2024/25;2024-09-14;2;MAT;Domicile;O. Mahrouss;Tit.;85;;;;0;0
2024/25;2024-09-14;2;MAT;Domicile;H. Essakhi;Tit.;84;;;;0;0
2024/25;2024-09-14;2;MAT;Domicile;Pedrinhio;Remp.;5;;;;0;0
2024/25;2024-09-14;2;MAT;Domicile;I. Benktib;Remp.;6;;;;0;0
2024/25;2024-09-14;2;MAT;Domicile;W. Nassi;Remp.;21;;;;0;0
2024/25;2024-09-14;2;MAT;Domicile;M. Anzou;Remp.;32;;;;0;0
2024/25;2024-09-14;2;MAT;Domicile;M. Houbache;Remp.;0;;;1.0;0;0
2024/25;2024-09-20;3;UTS-TOUARGA;Extérieur;A. Mhamdi;Tit.;90;;;;0;0
2024/25;2024-09-20;3;UTS-TOUARGA;Extérieur;M. Moufid;Tit.;90;;1.0;;0;0
2024/25;2024-09-20;3;UTS-TOUARGA;Extérieur;A. Bouchta;Tit.;45;;;;0;0
2024/25;2024-09-20;3;UTS-TOUARGA;Extérieur;J. Harkass;Tit.;90;;;;0;0
2024/25;2024-09-20;3;UTS-TOUARGA;Extérieur;A. Dirani;Tit.;90;;1.0;;0;0
2024/25;2024-09-20;3;UTS-TOUARGA;Extérieur;I. Benktib;Tit.;45;;1.0;;0;0
2024/25;2024-09-20;3;UTS-TOUARGA;Extérieur;W. Nassi;Tit.;60;1.0;;;0;0
2024/25;2024-09-20;3;UTS-TOUARGA;Extérieur;H. Essakhi;Tit.;90;;;;0;0
2024/25;2024-09-20;3;UTS-TOUARGA;Extérieur;C. Mailoula;Tit.;60;;;;0;0
2024/25;2024-09-20;3;UTS-TOUARGA;Extérieur;N. Chadli;Tit.;89;;;;0;0
2024/25;2024-09-20;3;UTS-TOUARGA;Extérieur;O. Mahrouss;Tit.;90;;;;0;0
2024/25;2024-09-20;3;UTS-TOUARGA;Extérieur;M. Anzou;Remp.;1;;;;0;0
2024/25;2024-09-20;3;UTS-TOUARGA;Extérieur;N. Marmouq;Remp.;45;;;;0;0
2024/25;2024-09-20;3;UTS-TOUARGA;Extérieur;M. Niang;Remp.;30;;;;0;0
2024/25;2024-09-20;3;UTS-TOUARGA;Extérieur;M. Raihi;Remp.;30;;;;0;0
2024/25;2024-09-20;3;UTS-TOUARGA;Extérieur;O. Zemraoui;Remp.;45;;;;0;0
2024/25;2024-09-28;4;DHJ;Domicile;Y. Moutie;Tit.;90;;;;0;0
2024/25;2024-09-28;4;DHJ;Domicile;M. Moufid;Tit.;90;;;;0;0
2024/25;2024-09-28;4;DHJ;Domicile;Z. Nassik;Tit.;90;;;;0;0
2024/25;2024-09-28;4;DHJ;Domicile;N. Marmouq;Tit.;90;1.0;1.0;;0;0
2024/25;2024-09-28;4;DHJ;Domicile;A. Dirani;Tit.;90;;;;0;0
2024/25;2024-09-28;4;DHJ;Domicile;N. Chadli;Tit.;79;;;;0;0
2024/25;2024-09-28;4;DHJ;Domicile;W. Nassi;Tit.;57;1.0;;;0;0
2024/25;2024-09-28;4;DHJ;Domicile;M. Niang;Tit.;59;;;;0;0
2024/25;2024-09-28;4;DHJ;Domicile;I. El-Moutaraji;Tit.;90;1.0;;;0;0
2024/25;2024-09-28;4;DHJ;Domicile;H. Essakhi;Tit.;90;;;;0;0
2024/25;2024-09-28;4;DHJ;Domicile;O. Mahrouss;Tit.;60;;;;0;0
2024/25;2024-09-28;4;DHJ;Domicile;M. Raihi;Remp.;33;1.0;;;0;0
2024/25;2024-09-28;4;DHJ;Domicile;Arthur W.;Remp.;59;;;;0;0
2024/25;2024-09-28;4;DHJ;Domicile;Renan;Remp.;11;;1.0;;0;0
2024/25;2024-09-28;4;DHJ;Domicile;M. Moubarik;Remp.;30;;;;0;0
2024/25;2024-10-05;5;HUSA;Extérieur;Y. Moutie;Tit.;90;;;;0;0
2024/25;2024-10-05;5;HUSA;Extérieur;M. Moufid;Tit.;90;;1.0;;0;0
2024/25;2024-10-05;5;HUSA;Extérieur;Z. Nassik;Tit.;90;;1.0;;0;0
2024/25;2024-10-05;5;HUSA;Extérieur;J. Harkass;Tit.;90;;;;0;0
2024/25;2024-10-05;5;HUSA;Extérieur;N. Marmouq;Tit.;90;;1.0;;0;0
2024/25;2024-10-05;5;HUSA;Extérieur;I. El-Moutaraji;Tit.;81;;;;0;0
2024/25;2024-10-05;5;HUSA;Extérieur;M. Moubarik;Tit.;60;;;;0;0
2024/25;2024-10-05;5;HUSA;Extérieur;M. Niang;Tit.;60;;;;0;0
2024/25;2024-10-05;5;HUSA;Extérieur;N. Chadli;Tit.;75;;;;0;0
2024/25;2024-10-05;5;HUSA;Extérieur;W. Nassi;Tit.;60;;;;0;0
2024/25;2024-10-05;5;HUSA;Extérieur;H. Essakhi;Tit.;90;1.0;;;0;0
2024/25;2024-10-05;5;HUSA;Extérieur;M. Anzou;Remp.;30;;;;0;0
2024/25;2024-10-05;5;HUSA;Extérieur;O. Zemraoui;Remp.;30;;;;0;0
2024/25;2024-10-05;5;HUSA;Extérieur;M. Raihi;Remp.;15;;1.0;;0;0
2024/25;2024-10-05;5;HUSA;Extérieur;Arthur W.;Remp.;30;;;;0;0
2024/25;2024-10-05;5;HUSA;Extérieur;Renan;Remp.;9;;;;0;0
2024/25;2024-10-19;6;SCCM;Domicile;Y. Moutie;Tit.;90;;;;0;0
2024/25;2024-10-19;6;SCCM;Domicile;M. Moufid;Tit.;90;;1.0;;0;0
2024/25;2024-10-19;6;SCCM;Domicile;A. Boutouil;Tit.;65;;;;0;0
2024/25;2024-10-19;6;SCCM;Domicile;J. Harkass;Tit.;90;1.0;;;0;0
2024/25;2024-10-19;6;SCCM;Domicile;A. Dirani;Tit.;90;;;;0;0
2024/25;2024-10-19;6;SCCM;Domicile;N. Chadli;Tit.;90;;;;0;0
2024/25;2024-10-19;6;SCCM;Domicile;M. Niang;Tit.;87;2.0;;;0;0
2024/25;2024-10-19;6;SCCM;Domicile;H. Essakhi;Tit.;90;;;;0;0
2024/25;2024-10-19;6;SCCM;Domicile;W. Nassi;Tit.;78;;;;0;0
2024/25;2024-10-19;6;SCCM;Domicile;Pedrinhio;Tit.;65;;1.0;;0;0
2024/25;2024-10-19;6;SCCM;Domicile;Arthur W.;Tit.;78;;;;0;0
2024/25;2024-10-19;6;SCCM;Domicile;A. Sidi Bouna;Remp.;12;;;;0;0
2024/25;2024-10-19;6;SCCM;Domicile;Z. Nassik;Remp.;3;;;;0;0
2024/25;2024-10-19;6;SCCM;Domicile;I. El-Moutaraji;Remp.;25;;;;0;0
2024/25;2024-10-19;6;SCCM;Domicile;O. Mahrouss;Remp.;25;;;;0;0
2024/25;2024-10-19;6;SCCM;Domicile;O. Farrouk;Remp.;12;;;;0;0
2024/25;2024-10-23;7;CODM;Extérieur;Y. Moutie;Tit.;90;;1.0;;0;0
2024/25;2024-10-23;7;CODM;Extérieur;I. Benktib;Tit.;81;;1.0;;0;0
2024/25;2024-10-23;7;CODM;Extérieur;A. Boutouil;Tit.;45;;;;0;0
2024/25;2024-10-23;7;CODM;Extérieur;J. Harkass;Tit.;90;;1.0;;0;0
2024/25;2024-10-23;7;CODM;Extérieur;A. Dirani;Tit.;90;;;;0;0
2024/25;2024-10-23;7;CODM;Extérieur;W. Nassi;Tit.;59;;;;0;0
2024/25;2024-10-23;7;CODM;Extérieur;Pedrinhio;Tit.;59;;;;0;0
2024/25;2024-10-23;7;CODM;Extérieur;O. Mahrouss;Tit.;90;;1.0;;0;0
2024/25;2024-10-23;7;CODM;Extérieur;M. Niang;Tit.;90;;;;0;0
2024/25;2024-10-23;7;CODM;Extérieur;N. Chadli;Tit.;90;;;;0;0
2024/25;2024-10-23;7;CODM;Extérieur;Arthur W.;Tit.;45;;;;0;0
2024/25;2024-10-23;7;CODM;Extérieur;A. Sidi Bouna;Remp.;31;;;;0;0
2024/25;2024-10-23;7;CODM;Extérieur;C. Mailoula;Remp.;9;;;;0;0
2024/25;2024-10-23;7;CODM;Extérieur;I. El-Moutaraji;Remp.;31;;;;0;0
2024/25;2024-10-23;7;CODM;Extérieur;M. Anzou;Remp.;45;;;;0;0
2024/25;2024-10-23;7;CODM;Extérieur;Z. Nassik;Remp.;45;;;;0;0
2024/25;2024-10-26;8;RSB;Domicile;Y. Moutie;Tit.;90;;;;0;0
2024/25;2024-10-26;8;RSB;Domicile;M. Moufid;Tit.;90;;;;0;0
2024/25;2024-10-26;8;RSB;Domicile;A. Bouchta;Tit.;73;;;;0;0
2024/25;2024-10-26;8;RSB;Domicile;A. Dirani;Tit.;90;;;;0;0
2024/25;2024-10-26;8;RSB;Domicile;J. Harkass;Tit.;90;;;;0;0
2024/25;2024-10-26;8;RSB;Domicile;N. Chadli;Tit.;84;;;;0;0
2024/25;2024-10-26;8;RSB;Domicile;H. Essakhi;Tit.;90;;;;0;0
2024/25;2024-10-26;8;RSB;Domicile;W. Nassi;Tit.;65;;;;0;0
2024/25;2024-10-26;8;RSB;Domicile;M. Moubarik;Tit.;90;;;;0;0
2024/25;2024-10-26;8;RSB;Domicile;Arthur W.;Tit.;65;;;;0;0
2024/25;2024-10-26;8;RSB;Domicile;M. Niang;Tit.;90;;1.0;;0;0
2024/25;2024-10-26;8;RSB;Domicile;S. Bouhra;Remp.;25;;1.0;;0;0
2024/25;2024-10-26;8;RSB;Domicile;C. Mailoula;Remp.;6;;;;0;0
2024/25;2024-10-26;8;RSB;Domicile;M. Raihi;Remp.;17;;;;0;0
2024/25;2024-10-26;8;RSB;Domicile;A. Sidi Bouna;Remp.;25;;;;0;0
2024/25;2024-11-03;9;FUS;Extérieur;Y. Moutie;Tit.;90;;;;0;0
2024/25;2024-11-03;9;FUS;Extérieur;M. Moufid;Tit.;90;;;;0;0
2024/25;2024-11-03;9;FUS;Extérieur;A. Bouchta;Tit.;90;;;;0;0
2024/25;2024-11-03;9;FUS;Extérieur;N. Marmouq;Tit.;90;;;;0;0
2024/25;2024-11-03;9;FUS;Extérieur;J. Harkass;Tit.;90;;;;0;0
2024/25;2024-11-03;9;FUS;Extérieur;A. Sidi Bouna;Tit.;58;;;;0;0
2024/25;2024-11-03;9;FUS;Extérieur;M. Moubarik;Tit.;90;;;;0;0
2024/25;2024-11-03;9;FUS;Extérieur;S. Bouhra;Tit.;58;;;;0;0
2024/25;2024-11-03;9;FUS;Extérieur;I. El-Moutaraji;Tit.;81;;;;0;0
2024/25;2024-11-03;9;FUS;Extérieur;H. Essakhi;Tit.;90;;;;0;0
2024/25;2024-11-03;9;FUS;Extérieur;W. Nassi;Tit.;74;;;;0;0
2024/25;2024-11-03;9;FUS;Extérieur;M. Raihi;Remp.;32;;1.0;;0;0
2024/25;2024-11-03;9;FUS;Extérieur;Arthur W.;Remp.;9;;;;0;0
2024/25;2024-11-03;9;FUS;Extérieur;C. Mailoula;Remp.;32;1.0;1.0;;0;0
2024/25;2024-11-03;9;FUS;Extérieur;M. Anzou;Remp.;16;;;;0;0
2024/25;2024-11-09;10;IRT;Domicile;Y. Moutie;Tit.;90;;;;0;0
2024/25;2024-11-09;10;IRT;Domicile;M. Moufid;Tit.;78;;;;0;0
2024/25;2024-11-09;10;IRT;Domicile;A. Bouchta;Tit.;79;;;;0;0
2024/25;2024-11-09;10;IRT;Domicile;N. Marmouq;Tit.;90;;;;0;0
2024/25;2024-11-09;10;IRT;Domicile;J. Harkass;Tit.;90;;1.0;;0;0
2024/25;2024-11-09;10;IRT;Domicile;M. Moubarik;Tit.;90;;;;0;0
2024/25;2024-11-09;10;IRT;Domicile;I. El-Moutaraji;Tit.;90;1.0;;;0;0
2024/25;2024-11-09;10;IRT;Domicile;S. Bouhra;Tit.;57;;;;0;0
2024/25;2024-11-09;10;IRT;Domicile;C. Mailoula;Tit.;90;;;;0;0
2024/25;2024-11-09;10;IRT;Domicile;W. Nassi;Tit.;57;;;;0;0
2024/25;2024-11-09;10;IRT;Domicile;H. Essakhi;Tit.;90;;;;0;0
2024/25;2024-11-09;10;IRT;Domicile;M. Anzou;Remp.;4;;;;0;0
2024/25;2024-11-09;10;IRT;Domicile;O. Zemraoui;Remp.;11;;;;0;0
2024/25;2024-11-09;10;IRT;Domicile;A. Sidi Bouna;Remp.;33;1.0;;;0;0
2024/25;2024-11-09;10;IRT;Domicile;M. Raihi;Remp.;12;;;;0;0
2024/25;2024-11-09;10;IRT;Domicile;N. Chadli;Remp.;29;;1.0;;0;0
2024/25;2024-11-22;11;RCA;Extérieur;Y. Moutie;Tit.;90;;1.0;;0;0
2024/25;2024-11-22;11;RCA;Extérieur;M. Moufid;Tit.;89;;;;0;0
2024/25;2024-11-22;11;RCA;Extérieur;A. Bouchta;Tit.;90;;;;0;0
2024/25;2024-11-22;11;RCA;Extérieur;A. Boutouil;Tit.;90;;;;0;0
2024/25;2024-11-22;11;RCA;Extérieur;J. Harkass;Tit.;90;;;;0;0
2024/25;2024-11-22;11;RCA;Extérieur;W. Nassi;Tit.;58;;;;0;0
2024/25;2024-11-22;11;RCA;Extérieur;I. El-Moutaraji;Tit.;58;;1.0;;0;0
2024/25;2024-11-22;11;RCA;Extérieur;C. Mailoula;Tit.;74;;;;0;0
2024/25;2024-11-22;11;RCA;Extérieur;O. Zemraoui;Tit.;59;;;;0;0
2024/25;2024-11-22;11;RCA;Extérieur;M. Moubarik;Tit.;90;;;;0;0
2024/25;2024-11-22;11;RCA;Extérieur;H. Essakhi;Tit.;90;;;;0;0
2024/25;2024-11-22;11;RCA;Extérieur;M. Raihi;Remp.;32;1.0;;;0;0
2024/25;2024-11-22;11;RCA;Extérieur;N. Marmouq;Remp.;1;;;;0;0
2024/25;2024-11-22;11;RCA;Extérieur;M. Niang;Remp.;32;;1.0;;0;0
2024/25;2024-11-22;11;RCA;Extérieur;Arthur W.;Remp.;16;;;;0;0
2024/25;2024-11-22;11;RCA;Extérieur;A. Sidi Bouna;Remp.;31;;;;0;0
2024/25;2024-11-29;12;OCS;Domicile;Y. Moutie;Tit.;90;;;;0;0
2024/25;2024-11-29;12;OCS;Domicile;M. Moufid;Tit.;90;;;;0;0
2024/25;2024-11-29;12;OCS;Domicile;A. Bouchta;Tit.;90;;1.0;;0;0
2024/25;2024-11-29;12;OCS;Domicile;A. Boutouil;Tit.;90;;1.0;;0;0
2024/25;2024-11-29;12;OCS;Domicile;J. Harkass;Tit.;90;;;;0;0
2024/25;2024-11-29;12;OCS;Domicile;A. Sidi Bouna;Tit.;72;;;;0;0
2024/25;2024-11-29;12;OCS;Domicile;I. Benktib;Tit.;82;;;;0;0
2024/25;2024-11-29;12;OCS;Domicile;H. Essakhi;Tit.;90;;;;0;0
2024/25;2024-11-29;12;OCS;Domicile;C. Mailoula;Tit.;62;;;;0;0
2024/25;2024-11-29;12;OCS;Domicile;M. Raihi;Tit.;72;;;;0;0
2024/25;2024-11-29;12;OCS;Domicile;O. Zemraoui;Tit.;62;1.0;;;0;0
2024/25;2024-11-29;12;OCS;Domicile;M. Niang;Remp.;28;;;;0;0
2024/25;2024-11-29;12;OCS;Domicile;N. Chadli;Remp.;18;;1.0;;0;0
2024/25;2024-11-29;12;OCS;Domicile;A. Dirani;Remp.;8;;;;0;0
2024/25;2024-11-29;12;OCS;Domicile;S. Bouhra;Remp.;18;;;;0;0
2024/25;2024-11-29;12;OCS;Domicile;M. Moubarik;Remp.;28;;;;0;0
2024/25;2024-12-14;13;JSS;Domicile;Y. Moutie;Tit.;90;;;;0;0
2024/25;2024-12-14;13;JSS;Domicile;M. Moufid;Tit.;90;;1.0;;0;0
2024/25;2024-12-14;13;JSS;Domicile;A. Bouchta;Tit.;85;;;;0;0
2024/25;2024-12-14;13;JSS;Domicile;A. Boutouil;Tit.;80;;;;0;0
2024/25;2024-12-14;13;JSS;Domicile;J. Harkass;Tit.;90;;1.0;;0;0
2024/25;2024-12-14;13;JSS;Domicile;A. Sidi Bouna;Tit.;62;1.0;;;0;0
2024/25;2024-12-14;13;JSS;Domicile;M. Raihi;Tit.;70;;;;0;0
2024/25;2024-12-14;13;JSS;Domicile;O. Zemraoui;Tit.;90;1.0;;;0;0
2024/25;2024-12-14;13;JSS;Domicile;C. Mailoula;Tit.;79;;;;0;0
2024/25;2024-12-14;13;JSS;Domicile;M. Moubarik;Tit.;90;1.0;;;0;0
2024/25;2024-12-14;13;JSS;Domicile;H. Essakhi;Tit.;90;;;;0;0
2024/25;2024-12-14;13;JSS;Domicile;I. El-Moutaraji;Remp.;20;;;;0;0
2024/25;2024-12-14;13;JSS;Domicile;A. Dirani;Remp.;10;;;;0;0
2024/25;2024-12-14;13;JSS;Domicile;S. Bouhra;Remp.;21;;;;0;0
2024/25;2024-12-14;13;JSS;Domicile;Pedrinhio;Remp.;11;;;;0;0
2024/25;2024-12-14;13;JSS;Domicile;Z. Nassik;Remp.;5;;;;0;0
2024/25;2024-12-19;14;FAR;Extérieur;Y. Moutie;Tit.;90;;;;0;0
2024/25;2024-12-19;14;FAR;Extérieur;M. Moufid;Tit.;90;;1.0;;0;0
2024/25;2024-12-19;14;FAR;Extérieur;A. Bouchta;Tit.;79;;;;0;0
2024/25;2024-12-19;14;FAR;Extérieur;A. Boutouil;Tit.;74;;1.0;1.0;0;0
2024/25;2024-12-19;14;FAR;Extérieur;A. Dirani;Tit.;90;;;;0;0
2024/25;2024-12-19;14;FAR;Extérieur;A. Sidi Bouna;Tit.;80;;;;0;0
2024/25;2024-12-19;14;FAR;Extérieur;M. Raihi;Tit.;87;1.0;;;0;0
2024/25;2024-12-19;14;FAR;Extérieur;C. Mailoula;Tit.;87;;;;0;0
2024/25;2024-12-19;14;FAR;Extérieur;O. Zemraoui;Tit.;59;1.0;;;0;0
2024/25;2024-12-19;14;FAR;Extérieur;M. Moubarik;Tit.;90;;;;0;0
2024/25;2024-12-19;14;FAR;Extérieur;H. Essakhi;Tit.;90;;;;0;0
2024/25;2024-12-19;14;FAR;Extérieur;N. Marmouq;Remp.;10;;;;0;0
2024/25;2024-12-19;14;FAR;Extérieur;I. Benktib;Remp.;3;;;;0;0
2024/25;2024-12-19;14;FAR;Extérieur;N. Chadli;Remp.;31;;1.0;;0;0
2024/25;2024-12-19;14;FAR;Extérieur;Pedrinhio;Remp.;11;;;;0;0
2024/25;2024-12-19;14;FAR;Extérieur;W. Nassi;Remp.;3;;;;0;0
2024/25;2024-12-23;15;RCAZ;Extérieur;Y. Moutie;Tit.;90;;;;0;0
2024/25;2024-12-23;15;RCAZ;Extérieur;M. Moufid;Tit.;52;;;;0;0
2024/25;2024-12-23;15;RCAZ;Extérieur;A. Bouchta;Tit.;90;;1.0;;0;0
2024/25;2024-12-23;15;RCAZ;Extérieur;J. Harkass;Tit.;90;;1.0;;0;0
2024/25;2024-12-23;15;RCAZ;Extérieur;A. Dirani;Tit.;90;;;;0;0
2024/25;2024-12-23;15;RCAZ;Extérieur;C. Mailoula;Tit.;70;;1.0;;0;0
2024/25;2024-12-23;15;RCAZ;Extérieur;H. Essakhi;Tit.;90;;;;0;0
2024/25;2024-12-23;15;RCAZ;Extérieur;O. Zemraoui;Tit.;84;;;;0;0
2024/25;2024-12-23;15;RCAZ;Extérieur;A. Sidi Bouna;Tit.;52;;;;0;0
2024/25;2024-12-23;15;RCAZ;Extérieur;M. Moubarik;Tit.;90;;;;0;0
2024/25;2024-12-23;15;RCAZ;Extérieur;M. Raihi;Tit.;70;;1.0;;0;0
2024/25;2024-12-23;15;RCAZ;Extérieur;I. El-Moutaraji;Remp.;20;;;;0;0
2024/25;2024-12-23;15;RCAZ;Extérieur;Arthur W.;Remp.;6;;;;0;0
2024/25;2024-12-23;15;RCAZ;Extérieur;N. Marmouq;Remp.;38;;1.0;;0;0
2024/25;2024-12-23;15;RCAZ;Extérieur;S. Bouhra;Remp.;20;;;;0;0
2024/25;2024-12-23;15;RCAZ;Extérieur;W. Nassi;Remp.;38;;;;0;0
2024/25;2024-12-28;16;MAS;Domicile;Y. Moutie;Tit.;90;;;;0;0
2024/25;2024-12-28;16;MAS;Domicile;A. Boutouil;Tit.;90;;;;0;0
2024/25;2024-12-28;16;MAS;Domicile;A. Bouchta;Tit.;45;;;;0;0
2024/25;2024-12-28;16;MAS;Domicile;J. Harkass;Tit.;90;;;;0;0
2024/25;2024-12-28;16;MAS;Domicile;A. Dirani;Tit.;90;;1.0;;0;0
2024/25;2024-12-28;16;MAS;Domicile;O. Zemraoui;Tit.;83;;;;0;0
2024/25;2024-12-28;16;MAS;Domicile;I. Benktib;Tit.;11;;;1.0;0;0
2024/25;2024-12-28;16;MAS;Domicile;I. El-Moutaraji;Tit.;83;;;;0;0
2024/25;2024-12-28;16;MAS;Domicile;C. Mailoula;Tit.;90;;;;0;0
2024/25;2024-12-28;16;MAS;Domicile;M. Raihi;Tit.;83;1.0;;;0;0
2024/25;2024-12-28;16;MAS;Domicile;H. Essakhi;Tit.;90;;;;0;0
2024/25;2024-12-28;16;MAS;Domicile;W. Nassi;Remp.;7;;;;0;0
2024/25;2024-12-28;16;MAS;Domicile;A. Sidi Bouna;Remp.;45;;;;0;0
2024/25;2024-12-28;16;MAS;Domicile;Pedrinhio;Remp.;7;;;;0;0
2024/25;2024-12-28;16;MAS;Domicile;N. Chadli;Remp.;7;;;;0;0
2024/25;2025-01-04;17;MAT;Extérieur;O. Aqzdaou;Tit.;90;;;;0;0
2024/25;2025-01-04;17;MAT;Extérieur;M. Moufid;Tit.;90;;1.0;;0;0
2024/25;2025-01-04;17;MAT;Extérieur;A. Bouchta;Tit.;89;;1.0;;0;0
2024/25;2025-01-04;17;MAT;Extérieur;A. Boutouil;Tit.;90;;1.0;;0;0
2024/25;2025-01-04;17;MAT;Extérieur;J. Harkass;Tit.;90;;1.0;;0;0
2024/25;2025-01-04;17;MAT;Extérieur;M. Raihi;Tit.;80;2.0;;;0;0
2024/25;2025-01-04;17;MAT;Extérieur;A. Sidi Bouna;Tit.;70;;;;0;0
2024/25;2025-01-04;17;MAT;Extérieur;H. Essakhi;Tit.;90;;;;0;0
2024/25;2025-01-04;17;MAT;Extérieur;I. El-Moutaraji;Tit.;90;;;;0;0
2024/25;2025-01-04;17;MAT;Extérieur;O. Zemraoui;Tit.;80;;1.0;;0;0
2024/25;2025-01-04;17;MAT;Extérieur;C. Mailoula;Tit.;89;;;;0;0
2024/25;2025-01-04;17;MAT;Extérieur;Z. Nassik;Remp.;1;;;;0;0
2024/25;2025-01-04;17;MAT;Extérieur;N. Marmouq;Remp.;10;;;;0;0
2024/25;2025-01-04;17;MAT;Extérieur;A. Dirani;Remp.;1;;;;0;0
2024/25;2025-01-04;17;MAT;Extérieur;Arthur W.;Remp.;20;;;;0;0
2024/25;2025-01-04;17;MAT;Extérieur;W. Nassi;Remp.;10;;;;0;0
2024/25;2025-01-12;18;UTS-TOUARGA;Domicile;O. Aqzdaou;Tit.;90;;;;0;0
2024/25;2025-01-12;18;UTS-TOUARGA;Domicile;M. Moufid;Tit.;90;;;;0;0
2024/25;2025-01-12;18;UTS-TOUARGA;Domicile;A. Bouchta;Tit.;90;;;;0;0
2024/25;2025-01-12;18;UTS-TOUARGA;Domicile;A. Boutouil;Tit.;90;;1.0;;0;0
2024/25;2025-01-12;18;UTS-TOUARGA;Domicile;J. Harkass;Tit.;90;;;;0;0
2024/25;2025-01-12;18;UTS-TOUARGA;Domicile;M. Raihi;Tit.;76;1.0;;;0;0
2024/25;2025-01-12;18;UTS-TOUARGA;Domicile;A. Sidi Bouna;Tit.;76;;1.0;;0;0
2024/25;2025-01-12;18;UTS-TOUARGA;Domicile;H. Essakhi;Tit.;61;;;;0;0
2024/25;2025-01-12;18;UTS-TOUARGA;Domicile;I. El-Moutaraji;Tit.;90;;;;0;0
2024/25;2025-01-12;18;UTS-TOUARGA;Domicile;O. Zemraoui;Tit.;45;;;;0;0
2024/25;2025-01-12;18;UTS-TOUARGA;Domicile;C. Mailoula;Tit.;89;;;;0;0
2024/25;2025-01-12;18;UTS-TOUARGA;Domicile;A. Dirani;Remp.;1;;;;0;0
2024/25;2025-01-12;18;UTS-TOUARGA;Domicile;Arthur W.;Remp.;14;;;;0;0
2024/25;2025-01-12;18;UTS-TOUARGA;Domicile;S. Bouhra;Remp.;29;;;;0;0
2024/25;2025-01-12;18;UTS-TOUARGA;Domicile;M. Anzou;Remp.;14;;;;0;0
2024/25;2025-01-12;18;UTS-TOUARGA;Domicile;M. Moubarik;Remp.;45;1.0;;;0;0
2024/25;2025-01-19;19;DHJ;Extérieur;Y. Moutie;Tit.;90;;1.0;;0;0
2024/25;2025-01-19;19;DHJ;Extérieur;M. Moufid;Tit.;90;;;;0;0
2024/25;2025-01-19;19;DHJ;Extérieur;A. Bouchta;Tit.;90;;;;0;0
2024/25;2025-01-19;19;DHJ;Extérieur;A. Dirani;Tit.;76;;1.0;;0;0
2024/25;2025-01-19;19;DHJ;Extérieur;J. Harkass;Tit.;90;;;;0;0
2024/25;2025-01-19;19;DHJ;Extérieur;M. Raihi;Tit.;76;1.0;;;0;0
2024/25;2025-01-19;19;DHJ;Extérieur;S. Bouhra;Tit.;61;;;;0;0
2024/25;2025-01-19;19;DHJ;Extérieur;M. Moubarik;Tit.;90;;;;0;0
2024/25;2025-01-19;19;DHJ;Extérieur;I. El-Moutaraji;Tit.;90;;1.0;;0;0
2024/25;2025-01-19;19;DHJ;Extérieur;C. Mailoula;Tit.;89;1.0;;;0;0
2024/25;2025-01-19;19;DHJ;Extérieur;A. Sidi Bouna;Tit.;61;;;;0;0
2024/25;2025-01-19;19;DHJ;Extérieur;Z. Nassik;Remp.;1;;;;0;0
2024/25;2025-01-19;19;DHJ;Extérieur;Arthur W.;Remp.;14;;;;0;0
2024/25;2025-01-19;19;DHJ;Extérieur;N. Marmouq;Remp.;14;;;;0;0
2024/25;2025-01-19;19;DHJ;Extérieur;M. Anzou;Remp.;29;;;;0;0
2024/25;2025-01-19;19;DHJ;Extérieur;H. Essakhi;Remp.;29;;;;0;0
2024/25;2025-02-09;20;HUSA;Domicile;M. Benabid;Tit.;90;;;;0;0
2024/25;2025-02-09;20;HUSA;Domicile;M. Moufid;Tit.;64;;;;0;0
2024/25;2025-02-09;20;HUSA;Domicile;A. Bouchta;Tit.;83;;;;0;0
2024/25;2025-02-09;20;HUSA;Domicile;A. Boutouil;Tit.;90;;;;0;0
2024/25;2025-02-09;20;HUSA;Domicile;J. Harkass;Tit.;90;1.0;;;0;0
2024/25;2025-02-09;20;HUSA;Domicile;M. Moubarik;Tit.;90;;;;0;0
2024/25;2025-02-09;20;HUSA;Domicile;S. Bouhra;Tit.;64;;;;0;0
2024/25;2025-02-09;20;HUSA;Domicile;M. Raihi;Tit.;73;;;;0;0
2024/25;2025-02-09;20;HUSA;Domicile;I. El-Moutaraji;Tit.;90;1.0;;;0;0
2024/25;2025-02-09;20;HUSA;Domicile;Arthur W.;Tit.;65;;;;0;0
2024/25;2025-02-09;20;HUSA;Domicile;C. Mailoula;Tit.;90;;;;0;0
2024/25;2025-02-09;20;HUSA;Domicile;W. Nassi;Remp.;25;;;;0;0
2024/25;2025-02-09;20;HUSA;Domicile;F. Moufi;Remp.;26;;;;0;0
2024/25;2025-02-09;20;HUSA;Domicile;S. Oubeng;Remp.;7;;;;0;0
2024/25;2025-02-09;20;HUSA;Domicile;M. Malssa;Remp.;17;;;;0;0
2024/25;2025-02-09;20;HUSA;Domicile;T. Lorch;Remp.;26;;;;0;0
2024/25;2025-02-15;21;SCCM;Extérieur;M. Benabid;Tit.;90;-1.0;;;0;0
2024/25;2025-02-15;21;SCCM;Extérieur;F. Moufi;Tit.;60;;;;0;0
2024/25;2025-02-15;21;SCCM;Extérieur;Z. Nassik;Tit.;90;;;;0;0
2024/25;2025-02-15;21;SCCM;Extérieur;A. Boutouil;Tit.;90;;;;0;0
2024/25;2025-02-15;21;SCCM;Extérieur;J. Harkass;Tit.;90;;;;0;0
2024/25;2025-02-15;21;SCCM;Extérieur;M. Raihi;Tit.;77;1.0;1.0;;0;0
2024/25;2025-02-15;21;SCCM;Extérieur;M. Moubarik;Tit.;90;;;;0;0
2024/25;2025-02-15;21;SCCM;Extérieur;S. Bouhra;Tit.;61;;;;0;0
2024/25;2025-02-15;21;SCCM;Extérieur;I. El-Moutaraji;Tit.;90;;;;0;0
2024/25;2025-02-15;21;SCCM;Extérieur;Arthur W.;Tit.;60;;1.0;;0;0
2024/25;2025-02-15;21;SCCM;Extérieur;C. Mailoula;Tit.;77;1.0;;;0;0
2024/25;2025-02-15;21;SCCM;Extérieur;T. Lorch;Remp.;13;;;;0;0
2024/25;2025-02-15;21;SCCM;Extérieur;H. Essakhi;Remp.;30;1.0;;;0;0
2024/25;2025-02-15;21;SCCM;Extérieur;M. Malssa;Remp.;30;1.0;1.0;;0;0
2024/25;2025-02-15;21;SCCM;Extérieur;S. Oubeng;Remp.;29;;;;0;0
2024/25;2025-02-22;22;CODM;Domicile;M. Benabid;Tit.;90;;;;0;0
2024/25;2025-02-22;22;CODM;Domicile;F. Moufi;Tit.;90;;;;0;0
2024/25;2025-02-22;22;CODM;Domicile;Z. Nassik;Tit.;90;;;;0;0
2024/25;2025-02-22;22;CODM;Domicile;A. Boutouil;Tit.;90;;;;0;0
2024/25;2025-02-22;22;CODM;Domicile;J. Harkass;Tit.;90;;;;0;0
2024/25;2025-02-22;22;CODM;Domicile;I. El-Moutaraji;Tit.;90;;;;0;0
2024/25;2025-02-22;22;CODM;Domicile;M. Malssa;Tit.;60;;1.0;;0;0
2024/25;2025-02-22;22;CODM;Domicile;O. Zemraoui;Tit.;60;;;;0;0
2024/25;2025-02-22;22;CODM;Domicile;T. Lorch;Tit.;60;;;;0;0
2024/25;2025-02-22;22;CODM;Domicile;H. Essakhi;Tit.;90;;;;0;0
2024/25;2025-02-22;22;CODM;Domicile;C. Mailoula;Tit.;75;;;;0;0
2024/25;2025-02-22;22;CODM;Domicile;S. Bouhra;Remp.;30;;;;0;0
2024/25;2025-02-22;22;CODM;Domicile;S. Oubeng;Remp.;30;;;;0;0
2024/25;2025-02-22;22;CODM;Domicile;S. Mawlimu;Remp.;30;;;;0;0
2024/25;2025-02-22;22;CODM;Domicile;Z. Fathi;Remp.;15;;;;0;0
2024/25;2025-02-25;23;RSB;Extérieur;M. Benabid;Tit.;90;;;;0;0
2024/25;2025-02-25;23;RSB;Extérieur;F. Moufi;Tit.;90;;;;0;0
2024/25;2025-02-25;23;RSB;Extérieur;Z. Nassik;Tit.;57;;;;0;0
2024/25;2025-02-25;23;RSB;Extérieur;A. Boutouil;Tit.;90;;;;0;0
2024/25;2025-02-25;23;RSB;Extérieur;J. Harkass;Tit.;90;;;;0;0
2024/25;2025-02-25;23;RSB;Extérieur;I. El-Moutaraji;Tit.;9;;;;0;0
2024/25;2025-02-25;23;RSB;Extérieur;M. Moubarik;Tit.;90;;;;0;0
2024/25;2025-02-25;23;RSB;Extérieur;M. Raihi;Tit.;57;;1.0;;0;0
2024/25;2025-02-25;23;RSB;Extérieur;S. Bouhra;Tit.;76;;1.0;;0;0
2024/25;2025-02-25;23;RSB;Extérieur;C. Mailoula;Tit.;75;;;;0;0
2024/25;2025-02-25;23;RSB;Extérieur;T. Lorch;Tit.;90;;;;0;0
2024/25;2025-02-25;23;RSB;Extérieur;M. Moufid;Remp.;33;;;;0;0
2024/25;2025-02-25;23;RSB;Extérieur;W. Nassi;Remp.;15;;;;0;0
2024/25;2025-02-25;23;RSB;Extérieur;H. Essakhi;Remp.;81;;;;0;0
2024/25;2025-02-25;23;RSB;Extérieur;O. Zemraoui;Remp.;33;;;;0;0
2024/25;2025-02-25;23;RSB;Extérieur;S. Oubeng;Remp.;14;;;;0;0
2024/25;2025-03-09;24;FUS;Domicile;M. Benabid;Tit.;90;;;;0;0
2024/25;2025-03-09;24;FUS;Domicile;F. Moufi;Tit.;90;;1.0;;0;0
2024/25;2025-03-09;24;FUS;Domicile;Z. Nassik;Tit.;45;;;;0;0
2024/25;2025-03-09;24;FUS;Domicile;A. Boutouil;Tit.;90;;;;0;0
2024/25;2025-03-09;24;FUS;Domicile;J. Harkass;Tit.;90;;;;0;0
2024/25;2025-03-09;24;FUS;Domicile;Arthur W.;Tit.;45;;;;0;0
2024/25;2025-03-09;24;FUS;Domicile;H. Essakhi;Tit.;90;1.0;;;0;0
2024/25;2025-03-09;24;FUS;Domicile;O. Zemraoui;Tit.;90;1.0;;;0;0
2024/25;2025-03-09;24;FUS;Domicile;M. Moubarik;Tit.;30;;;;0;0
2024/25;2025-03-09;24;FUS;Domicile;S. Bouhra;Tit.;45;;;;0;0
2024/25;2025-03-09;24;FUS;Domicile;T. Lorch;Tit.;74;;;;0;0
2024/25;2025-03-09;24;FUS;Domicile;Z. Fathi;Remp.;16;;;;0;0
2024/25;2025-03-09;24;FUS;Domicile;C. Mailoula;Remp.;45;;;;0;0
2024/25;2025-03-09;24;FUS;Domicile;M. Moufid;Remp.;45;;;;0;0
2024/25;2025-03-09;24;FUS;Domicile;Pedrinhio;Remp.;60;;;;0;0
2024/25;2025-03-09;24;FUS;Domicile;S. Oubeng;Remp.;45;;;;0;0
2024/25;2025-03-15;25;IRT;Extérieur;M. Benabid;Tit.;90;;;;0;0
2024/25;2025-03-15;25;IRT;Extérieur;M. Moufid;Tit.;90;;;;0;0
2024/25;2025-03-15;25;IRT;Extérieur;J. Harkass;Tit.;90;;1.0;;0;0
2024/25;2025-03-15;25;IRT;Extérieur;A. Dirani;Tit.;90;;1.0;;0;0
2024/25;2025-03-15;25;IRT;Extérieur;A. Bouchta;Tit.;90;;;;0;0
2024/25;2025-03-15;25;IRT;Extérieur;S. Oubeng;Tit.;84;;;;0;0
2024/25;2025-03-15;25;IRT;Extérieur;O. Zemraoui;Tit.;64;;;;0;0
2024/25;2025-03-15;25;IRT;Extérieur;M. Raihi;Tit.;84;;;;0;0
2024/25;2025-03-15;25;IRT;Extérieur;F. Moufi;Tit.;90;;1.0;;0;0
2024/25;2025-03-15;25;IRT;Extérieur;H. Essakhi;Tit.;90;;;;0;0
2024/25;2025-03-15;25;IRT;Extérieur;T. Lorch;Tit.;64;1.0;;;0;0
2024/25;2025-03-15;25;IRT;Extérieur;C. Mailoula;Remp.;26;;;;0;0
2024/25;2025-03-15;25;IRT;Extérieur;S. Mawlimu;Remp.;6;;;;0;0
2024/25;2025-03-15;25;IRT;Extérieur;W. Nassi;Remp.;6;;;;0;0
2024/25;2025-03-15;25;IRT;Extérieur;Z. Fathi;Remp.;26;;;;0;0
2024/25;2025-04-12;26;RCA;Domicile;M. Benabid;Tit.;90;;;;0;0
2024/25;2025-04-12;26;RCA;Domicile;M. Moufid;Tit.;61;;1.0;;0;0
2024/25;2025-04-12;26;RCA;Domicile;J. Harkass;Tit.;90;;;;0;0
2024/25;2025-04-12;26;RCA;Domicile;A. Boutouil;Tit.;90;;;;0;0
2024/25;2025-04-12;26;RCA;Domicile;A. Bouchta;Tit.;90;;1.0;;0;0
2024/25;2025-04-12;26;RCA;Domicile;M. Raihi;Tit.;61;1.0;;;0;0
2024/25;2025-04-12;26;RCA;Domicile;I. El-Moutaraji;Tit.;80;;;;0;0
2024/25;2025-04-12;26;RCA;Domicile;F. Moufi;Tit.;90;;1.0;;0;0
2024/25;2025-04-12;26;RCA;Domicile;M. Moubarik;Tit.;90;;;;0;0
2024/25;2025-04-12;26;RCA;Domicile;O. Zemraoui;Tit.;80;;;;0;0
2024/25;2025-04-12;26;RCA;Domicile;T. Lorch;Tit.;89;;;;0;0
2024/25;2025-04-12;26;RCA;Domicile;Z. Fathi;Remp.;10;;;;0;0
2024/25;2025-04-12;26;RCA;Domicile;S. Oubeng;Remp.;29;;;;0;0
2024/25;2025-04-12;26;RCA;Domicile;C. Mailoula;Remp.;29;;;;0;0
2024/25;2025-04-12;26;RCA;Domicile;M. Malssa;Remp.;10;;;;0;0
2024/25;2025-04-12;26;RCA;Domicile;H. Essakhi;Remp.;1;;;;0;0
2024/25;2025-04-23;27;OCS;Extérieur;M. Benabid;Tit.;90;;;;0;0
2024/25;2025-04-23;27;OCS;Extérieur;M. Moufid;Tit.;90;;1.0;;0;0
2024/25;2025-04-23;27;OCS;Extérieur;J. Harkass;Tit.;90;;;;0;0
2024/25;2025-04-23;27;OCS;Extérieur;A. Dirani;Tit.;90;;1.0;;0;0
2024/25;2025-04-23;27;OCS;Extérieur;F. Moufi;Tit.;90;;;;0;0
2024/25;2025-04-23;27;OCS;Extérieur;T. Lorch;Tit.;56;;;;0;0
2024/25;2025-04-23;27;OCS;Extérieur;I. El-Moutaraji;Tit.;81;;;;0;0
2024/25;2025-04-23;27;OCS;Extérieur;O. Zemraoui;Tit.;70;1.0;;;0;0
2024/25;2025-04-23;27;OCS;Extérieur;M. Raihi;Tit.;70;;;;0;0
2024/25;2025-04-23;27;OCS;Extérieur;M. Moubarik;Tit.;72;;1.0;1.0;0;0
2024/25;2025-04-23;27;OCS;Extérieur;C. Mailoula;Tit.;81;;;;0;0
2024/25;2025-04-23;27;OCS;Extérieur;M. El Jadidi;Remp.;9;;;;0;0
2024/25;2025-04-23;27;OCS;Extérieur;Z. Fathi;Remp.;20;;;;0;0
2024/25;2025-04-23;27;OCS;Extérieur;M. Houbache;Remp.;9;;;;0;0
2024/25;2025-04-23;27;OCS;Extérieur;H. Essakhi;Remp.;20;;;;0;0
2024/25;2025-04-23;27;OCS;Extérieur;S. Oubeng;Remp.;34;;;;0;0
2024/25;2025-05-03;28;FAR;Domicile;M. Benabid;Tit.;90;;;;0;0
2024/25;2025-05-03;28;FAR;Domicile;M. Moufid;Tit.;90;;;;0;0
2024/25;2025-05-03;28;FAR;Domicile;J. Harkass;Tit.;90;;1.0;;0;0
2024/25;2025-05-03;28;FAR;Domicile;A. Boutouil;Tit.;90;;;;0;0
2024/25;2025-05-03;28;FAR;Domicile;A. Bouchta;Tit.;90;;1.0;;0;0
2024/25;2025-05-03;28;FAR;Domicile;O. Zemraoui;Tit.;90;;;;0;0
2024/25;2025-05-03;28;FAR;Domicile;R. Mahtou;Tit.;75;;;;0;0
2024/25;2025-05-03;28;FAR;Domicile;Z. Fathi;Tit.;61;;;;0;0
2024/25;2025-05-03;28;FAR;Domicile;S. Oubeng;Tit.;90;1.0;;;0;0
2024/25;2025-05-03;28;FAR;Domicile;T. Lorch;Tit.;75;1.0;;;0;0
2024/25;2025-05-03;28;FAR;Domicile;C. Mailoula;Tit.;87;;;;0;0
2024/25;2025-05-03;28;FAR;Domicile;A. Dirani;Remp.;3;;;;0;0
2024/25;2025-05-03;28;FAR;Domicile;M. Raihi;Remp.;15;;;;0;0
2024/25;2025-05-03;28;FAR;Domicile;I. El-Moutaraji;Remp.;15;;;;0;0
2024/25;2025-05-03;28;FAR;Domicile;S. Bouhra;Remp.;29;;1.0;;0;0
2024/25;2025-05-08;29;JSS;Extérieur;M. Benabid;Tit.;85;;;;0;0
2024/25;2025-05-08;29;JSS;Extérieur;F. Moufi;Tit.;90;;;;0;0
2024/25;2025-05-08;29;JSS;Extérieur;A. Dirani;Tit.;90;;;;0;0
2024/25;2025-05-08;29;JSS;Extérieur;A. Boutouil;Tit.;90;1.0;;;0;0
2024/25;2025-05-08;29;JSS;Extérieur;A. Bouchta;Tit.;90;;;;0;0
2024/25;2025-05-08;29;JSS;Extérieur;M. Moubarik;Tit.;90;;;;0;0
2024/25;2025-05-08;29;JSS;Extérieur;Z. Fathi;Tit.;45;;;;0;0
2024/25;2025-05-08;29;JSS;Extérieur;T. Lorch;Tit.;78;;;;0;0
2024/25;2025-05-08;29;JSS;Extérieur;O. Zemraoui;Tit.;85;;;;0;0
2024/25;2025-05-08;29;JSS;Extérieur;C. Mailoula;Tit.;90;1.0;;;0;0
2024/25;2025-05-08;29;JSS;Extérieur;S. Oubeng;Tit.;89;;;;0;0
2024/25;2025-05-08;29;JSS;Extérieur;M. Raihi;Remp.;45;;;;0;0
2024/25;2025-05-08;29;JSS;Extérieur;Y. Moutie;Remp.;5;;;;0;0
2024/25;2025-05-08;29;JSS;Extérieur;I. El-Moutaraji;Remp.;5;;;;0;0
2024/25;2025-05-08;29;JSS;Extérieur;S. Bouhra;Remp.;12;;;;0;0
2024/25;2025-05-08;29;JSS;Extérieur;S. Mawlimu;Remp.;1;;;;0;0
2024/25;2025-05-11;30;RCAZ;Domicile;M. Benabid;Tit.;90;;;;0;0
2024/25;2025-05-11;30;RCAZ;Domicile;F. Moufi;Tit.;90;;;;0;0
2024/25;2025-05-11;30;RCAZ;Domicile;A. Dirani;Tit.;90;;;;0;0
2024/25;2025-05-11;30;RCAZ;Domicile;A. Boutouil;Tit.;67;;;;0;0
2024/25;2025-05-11;30;RCAZ;Domicile;A. Bouchta;Tit.;90;;;;0;0
2024/25;2025-05-11;30;RCAZ;Domicile;M. Moubarik;Tit.;90;;;;0;0
2024/25;2025-05-11;30;RCAZ;Domicile;O. Zemraoui;Tit.;37;;;;0;0
2024/25;2025-05-11;30;RCAZ;Domicile;M. Raihi;Tit.;81;1.0;;;0;0
2024/25;2025-05-11;30;RCAZ;Domicile;C. Mailoula;Tit.;90;1.0;;;0;0
2024/25;2025-05-11;30;RCAZ;Domicile;T. Lorch;Tit.;81;;;;0;0
2024/25;2025-05-11;30;RCAZ;Domicile;S. Oubeng;Tit.;68;;;;0;0
2024/25;2025-05-11;30;RCAZ;Domicile;C. El Allaly;Remp.;9;;;;0;0
2024/25;2025-05-11;30;RCAZ;Domicile;M. Malssa;Remp.;22;;;;0;0
2024/25;2025-05-11;30;RCAZ;Domicile;I. El-Moutaraji;Remp.;53;;;;0;0
2024/25;2025-05-11;30;RCAZ;Domicile;M. El Jadidi;Remp.;23;;;;0;0
2024/25;2025-05-11;30;RCAZ;Domicile;S. Bouhra;Remp.;9;;;;0;0
2025/26;2025-09-12;1;KACM;Domicile;M. Benabid;Tit.;90;;;;0;0
2025/26;2025-09-12;1;KACM;Domicile;M. Moufid;Tit.;90;;;;0;0
2025/26;2025-09-12;1;KACM;Domicile;A. Bouchta;Tit.;90;;;;0;0
2025/26;2025-09-12;1;KACM;Domicile;A. Aboulfath;Tit.;90;;1.0;;0;0
2025/26;2025-09-12;1;KACM;Domicile;B. Meijers;Tit.;90;;;;0;0
2025/26;2025-09-12;1;KACM;Domicile;M. Raihi;Tit.;56;;;;0;0
2025/26;2025-09-12;1;KACM;Domicile;S. Aziz Ki;Tit.;56;;;;0;0
2025/26;2025-09-12;1;KACM;Domicile;W. Sabbar;Tit.;90;1.0;;;0;0
2025/26;2025-09-12;1;KACM;Domicile;A. Lamirat;Tit.;77;;;;0;0
2025/26;2025-09-12;1;KACM;Domicile;H. Hannouri;Tit.;90;;;;0;0
2025/26;2025-09-12;1;KACM;Domicile;N. Amrabet;Tit.;77;;;;0;0
2025/26;2025-09-12;1;KACM;Domicile;W. Nassi;Remp.;13;;;;0;0
2025/26;2025-09-12;1;KACM;Domicile;O. Zemraoui;Remp.;34;;;;0;0
2025/26;2025-09-12;1;KACM;Domicile;T. Lorch;Remp.;34;;;;0;0
2025/26;2025-09-12;1;KACM;Domicile;J. Bakasu;Remp.;13;;;;0;0
2025/26;2025-09-19;2;USYM;Extérieur;M. Benabid;Tit.;90;;;;0;0
2025/26;2025-09-19;2;USYM;Extérieur;M. Moufid;Tit.;90;;;;0;0
2025/26;2025-09-19;2;USYM;Extérieur;A. Bouchta;Tit.;90;;;;0;0
2025/26;2025-09-19;2;USYM;Extérieur;A. Aboulfath;Tit.;90;;;;0;0
2025/26;2025-09-19;2;USYM;Extérieur;B. Meijers;Tit.;90;;;;0;0
2025/26;2025-09-19;2;USYM;Extérieur;O. Zemraoui;Tit.;45;;;;0;0
2025/26;2025-09-19;2;USYM;Extérieur;N. Amrabet;Tit.;67;;;;0;0
2025/26;2025-09-19;2;USYM;Extérieur;S. Aziz Ki;Tit.;77;;;;0;0
2025/26;2025-09-19;2;USYM;Extérieur;T. Lorch;Tit.;67;1.0;;;0;0
2025/26;2025-09-19;2;USYM;Extérieur;A. Lamirat;Tit.;90;;;;0;0
2025/26;2025-09-19;2;USYM;Extérieur;H. Hannouri;Tit.;77;;;;0;0
2025/26;2025-09-19;2;USYM;Extérieur;R. Mahtou;Remp.;13;;;;0;0
2025/26;2025-09-19;2;USYM;Extérieur;Z. El-Moutaraji;Remp.;23;;;;0;0
2025/26;2025-09-19;2;USYM;Extérieur;J. Bakasu;Remp.;45;;;;0;0
2025/26;2025-09-19;2;USYM;Extérieur;M. Raihi;Remp.;13;;;;0;0
2025/26;2025-09-19;2;USYM;Extérieur;W. Nassi;Remp.;23;;;;0;0
2025/26;2025-09-28;3;RCAZ;Domicile;M. Benabid;Tit.;90;;;;0;0
2025/26;2025-09-28;3;RCAZ;Domicile;M. Moufid;Tit.;89;1.0;;;0;0
2025/26;2025-09-28;3;RCAZ;Domicile;A. Bouchta;Tit.;90;;1.0;;0;0
2025/26;2025-09-28;3;RCAZ;Domicile;A. Aboulfath;Tit.;90;;;;0;0
2025/26;2025-09-28;3;RCAZ;Domicile;B. Meijers;Tit.;90;;1.0;;0;0
2025/26;2025-09-28;3;RCAZ;Domicile;N. Amrabet;Tit.;78;;;;0;0
2025/26;2025-09-28;3;RCAZ;Domicile;A. Lamirat;Tit.;90;;;;0;0
2025/26;2025-09-28;3;RCAZ;Domicile;J. Bakasu;Tit.;78;;;;0;0
2025/26;2025-09-28;3;RCAZ;Domicile;O. Zemraoui;Tit.;90;;;;0;0
2025/26;2025-09-28;3;RCAZ;Domicile;H. Hannouri;Tit.;86;2.0;;;0;0
2025/26;2025-09-28;3;RCAZ;Domicile;T. Lorch;Tit.;86;;;;0;0
2025/26;2025-09-28;3;RCAZ;Domicile;Z. El-Moutaraji;Remp.;4;;;;0;0
2025/26;2025-09-28;3;RCAZ;Domicile;T. Orebonye;Remp.;4;;;;0;0
2025/26;2025-09-28;3;RCAZ;Domicile;W. Nassi;Remp.;12;;;;0;0
2025/26;2025-09-28;3;RCAZ;Domicile;M. Bouchouari;Remp.;1;;;;0;0
2025/26;2025-09-28;3;RCAZ;Domicile;M. Raihi;Remp.;12;;;;0;0
2025/26;2025-10-03;4;CODM;Extérieur;M. Benabid;Tit.;90;;1.0;;0;0
2025/26;2025-10-03;4;CODM;Extérieur;M. Moufid;Tit.;89;;1.0;;0;0
2025/26;2025-10-03;4;CODM;Extérieur;A. Bouchta;Tit.;90;;;;0;0
2025/26;2025-10-03;4;CODM;Extérieur;A. Aboulfath;Tit.;90;;1.0;;0;0
2025/26;2025-10-03;4;CODM;Extérieur;G. Ferreira;Tit.;90;;1.0;;0;0
2025/26;2025-10-03;4;CODM;Extérieur;J. Bakasu;Tit.;90;1.0;;;0;0
2025/26;2025-10-03;4;CODM;Extérieur;A. Lamirat;Tit.;90;;1.0;;0;0
2025/26;2025-10-03;4;CODM;Extérieur;O. Zemraoui;Tit.;63;;;;0;0
2025/26;2025-10-03;4;CODM;Extérieur;H. Hannouri;Tit.;88;1.0;1.0;;0;0
2025/26;2025-10-03;4;CODM;Extérieur;N. Amrabet;Tit.;63;;1.0;;0;0
2025/26;2025-10-03;4;CODM;Extérieur;T. Lorch;Tit.;88;1.0;;;0;0
2025/26;2025-10-03;4;CODM;Extérieur;M. Bouchouari;Remp.;1;;;;0;0
2025/26;2025-10-03;4;CODM;Extérieur;W. Nassi;Remp.;27;;;;0;0
2025/26;2025-10-03;4;CODM;Extérieur;S. Aziz Ki;Remp.;27;;;;0;0
2025/26;2025-10-03;4;CODM;Extérieur;Z. El-Moutaraji;Remp.;2;;;;0;0
2025/26;2025-10-03;4;CODM;Extérieur;T. Orebonye;Remp.;2;;;;0;0
2025/26;2025-10-29;5;RCA;Domicile;M. Benabid;Tit.;90;;;;0;0
2025/26;2025-10-29;5;RCA;Domicile;M. Moufid;Tit.;90;;;;0;0
2025/26;2025-10-29;5;RCA;Domicile;A. Bouchta;Tit.;90;;;;0;0
2025/26;2025-10-29;5;RCA;Domicile;A. Aboulfath;Tit.;90;;1.0;;0;0
2025/26;2025-10-29;5;RCA;Domicile;G. Ferreira;Tit.;90;;;;0;0
2025/26;2025-10-29;5;RCA;Domicile;A. Lamirat;Tit.;90;;1.0;;0;0
2025/26;2025-10-29;5;RCA;Domicile;J. Bakasu;Tit.;90;;;;0;0
2025/26;2025-10-29;5;RCA;Domicile;S. Aziz Ki;Tit.;77;;;;0;0
2025/26;2025-10-29;5;RCA;Domicile;H. Hannouri;Tit.;90;;;;0;0
2025/26;2025-10-29;5;RCA;Domicile;N. Amrabet;Tit.;89;;;;0;0
2025/26;2025-10-29;5;RCA;Domicile;T. Lorch;Tit.;77;;;;0;0
2025/26;2025-10-29;5;RCA;Domicile;M. Anzou;Remp.;1;;;;0;0
2025/26;2025-10-29;5;RCA;Domicile;W. Nassi;Remp.;13;;;;0;0
2025/26;2025-10-29;5;RCA;Domicile;O. Zemraoui;Remp.;13;;;;0;0
2025/26;2025-11-02;7;IRT;Domicile;M. Benabid;Tit.;90;;;;0;0
2025/26;2025-11-02;7;IRT;Domicile;M. Bouchouari;Tit.;90;;1.0;;0;0
2025/26;2025-11-02;7;IRT;Domicile;A. Bouchta;Tit.;90;;;;0;0
2025/26;2025-11-02;7;IRT;Domicile;A. Aboulfath;Tit.;90;;1.0;;0;0
2025/26;2025-11-02;7;IRT;Domicile;G. Ferreira;Tit.;85;;1.0;1.0;0;0
2025/26;2025-11-02;7;IRT;Domicile;J. Bakasu;Tit.;90;;;;0;0
2025/26;2025-11-02;7;IRT;Domicile;O. Zemraoui;Tit.;67;;;;0;0
2025/26;2025-11-02;7;IRT;Domicile;N. Amrabet;Tit.;67;;;;0;0
2025/26;2025-11-02;7;IRT;Domicile;W. Nassi;Tit.;90;1.0;;;0;0
2025/26;2025-11-02;7;IRT;Domicile;A. Lamirat;Tit.;90;;1.0;;0;0
2025/26;2025-11-02;7;IRT;Domicile;H. Hannouri;Tit.;88;1.0;;;0;0
2025/26;2025-11-02;7;IRT;Domicile;B. Meijers;Remp.;2;;;;0;0
2025/26;2025-11-02;7;IRT;Domicile;S. Aziz Ki;Remp.;23;;;;0;0
2025/26;2025-11-02;7;IRT;Domicile;C. El Allaly;Remp.;23;;;;0;0
2025/26;2025-11-05;6;HUSA;Extérieur;M. Benabid;Tit.;90;;1.0;;0;0
2025/26;2025-11-05;6;HUSA;Extérieur;M. Bouchouari;Tit.;90;;;;0;0
2025/26;2025-11-05;6;HUSA;Extérieur;A. Bouchta;Tit.;66;;;;0;0
2025/26;2025-11-05;6;HUSA;Extérieur;B. Meijers;Tit.;90;;1.0;;0;0
2025/26;2025-11-05;6;HUSA;Extérieur;A. Lamirat;Tit.;90;;;;0;0
2025/26;2025-11-05;6;HUSA;Extérieur;T. Lorch;Tit.;66;1.0;1.0;;0;0
2025/26;2025-11-05;6;HUSA;Extérieur;J. Bakasu;Tit.;90;;1.0;;0;0
2025/26;2025-11-05;6;HUSA;Extérieur;S. Aziz Ki;Tit.;85;1.0;;;0;0
2025/26;2025-11-05;6;HUSA;Extérieur;W. Sabbar;Tit.;90;;;;0;0
2025/26;2025-11-05;6;HUSA;Extérieur;W. Nassi;Tit.;45;;;;0;0
2025/26;2025-11-05;6;HUSA;Extérieur;H. Hannouri;Tit.;85;;;;0;0
2025/26;2025-11-05;6;HUSA;Extérieur;Z. El-Moutaraji;Remp.;5;;;;0;0
2025/26;2025-11-05;6;HUSA;Extérieur;M. Anzou;Remp.;45;;;;0;0
2025/26;2025-11-05;6;HUSA;Extérieur;T. Orebonye;Remp.;5;;;;0;0
2025/26;2025-11-05;6;HUSA;Extérieur;N. Amrabet;Remp.;24;;;;0;0
2025/26;2025-11-05;6;HUSA;Extérieur;M. Moufid;Remp.;24;;;;0;0
2025/26;2025-11-09;8;OCS;Extérieur;M. Benabid;Tit.;90;;;;0;0
2025/26;2025-11-09;8;OCS;Extérieur;M. Bouchouari;Tit.;90;;;;0;0
2025/26;2025-11-09;8;OCS;Extérieur;A. Bouchta;Tit.;90;;;;0;0
2025/26;2025-11-09;8;OCS;Extérieur;A. Aboulfath;Tit.;90;;;;0;0
2025/26;2025-11-09;8;OCS;Extérieur;G. Ferreira;Tit.;90;;;;0;0
2025/26;2025-11-09;8;OCS;Extérieur;T. Lorch;Tit.;66;1.0;;;0;0
2025/26;2025-11-09;8;OCS;Extérieur;A. Lamirat;Tit.;45;;;;0;0
2025/26;2025-11-09;8;OCS;Extérieur;N. Amrabet;Tit.;69;1.0;;;0;0
2025/26;2025-11-09;8;OCS;Extérieur;S. Aziz Ki;Tit.;69;;;;0;0
2025/26;2025-11-09;8;OCS;Extérieur;J. Bakasu;Tit.;90;;1.0;;0;0
2025/26;2025-11-09;8;OCS;Extérieur;H. Hannouri;Tit.;89;;;;0;0
2025/26;2025-11-09;8;OCS;Extérieur;M. Anzou;Remp.;1;;;;0;0
2025/26;2025-11-09;8;OCS;Extérieur;Z. El-Moutaraji;Remp.;21;;;;0;0
2025/26;2025-11-09;8;OCS;Extérieur;W. Sabbar;Remp.;45;;1.0;;0;0
2025/26;2025-11-09;8;OCS;Extérieur;O. Zemraoui;Remp.;21;;;;0;0
2025/26;2025-11-09;8;OCS;Extérieur;W. Nassi;Remp.;21;;;;0;0
2025/26;2026-02-21;13;OD;Extérieur;M. Benabid;Tit.;90;-1.0;;;0;0
2025/26;2026-02-21;13;OD;Extérieur;M. Moufid;Tit.;68;;1.0;;0;0
2025/26;2026-02-21;13;OD;Extérieur;A. Aboulfath;Tit.;68;;;;0;0
2025/26;2026-02-21;13;OD;Extérieur;S. Mossadak;Tit.;90;;;;0;0
2025/26;2026-02-21;13;OD;Extérieur;N. Khali;Tit.;90;;;;0;0
2025/26;2026-02-21;13;OD;Extérieur;N. Byar;Tit.;68;;;;0;0
2025/26;2026-02-21;13;OD;Extérieur;R. Vaca;Tit.;90;2.0;;;0;0
2025/26;2026-02-21;13;OD;Extérieur;N. Amrabet;Tit.;80;1.0;;;0;0
2025/26;2026-02-21;13;OD;Extérieur;H. Ziyech;Tit.;86;;1.0;;0;0
2025/26;2026-02-21;13;OD;Extérieur;W. Sabbar;Tit.;90;1.0;;;0;0
2025/26;2026-02-21;13;OD;Extérieur;W. Ben Idder;Tit.;90;;;;0;0
2025/26;2026-02-21;13;OD;Extérieur;A. El Ouafi;Remp.;22;;;;0;0
2025/26;2026-02-21;13;OD;Extérieur;M. Raihi;Remp.;22;;;;0;0
2025/26;2026-02-21;13;OD;Extérieur;H. Hannouri;Remp.;4;;;;0;0
2025/26;2026-02-21;13;OD;Extérieur;W. Nassi;Remp.;10;;;;0;0
2025/26;2026-02-21;13;OD;Extérieur;M. Bouchouari;Remp.;22;;;;0;0
2025/26;2026-03-01;14;RSB;Domicile;M. Benabid;Tit.;90;;;;0;0
2025/26;2026-03-01;14;RSB;Domicile;M. Moufid;Tit.;90;;;;0;0
2025/26;2026-03-01;14;RSB;Domicile;A. Aboulfath;Tit.;90;;1.0;;0;0
2025/26;2026-03-01;14;RSB;Domicile;S. Mossadak;Tit.;90;;;;0;0
2025/26;2026-03-01;14;RSB;Domicile;A. Bouchta;Tit.;77;;;;0;0
2025/26;2026-03-01;14;RSB;Domicile;J. Bakasu;Tit.;90;;1.0;;0;0
2025/26;2026-03-01;14;RSB;Domicile;R. Vaca;Tit.;90;;;;0;0
2025/26;2026-03-01;14;RSB;Domicile;H. Ziyech;Tit.;90;1.0;;;0;0
2025/26;2026-03-01;14;RSB;Domicile;W. Sabbar;Tit.;90;;;;0;0
2025/26;2026-03-01;14;RSB;Domicile;W. Ben Idder;Tit.;66;;;;0;0
2025/26;2026-03-01;14;RSB;Domicile;N. Amrabet;Tit.;89;;;;0;0
2025/26;2026-03-01;14;RSB;Domicile;W. Nassi;Remp.;1;;;;0;0
2025/26;2026-03-01;14;RSB;Domicile;N. Khali;Remp.;13;;;;0;0
2025/26;2026-03-01;14;RSB;Domicile;M. Bouchouari;Remp.;24;;;;0;0
2025/26;2026-03-04;9;FAR;Domicile;M. Benabid;Tit.;90;;;;0;0
2025/26;2026-03-04;9;FAR;Domicile;M. Moufid;Tit.;54;;1.0;;0;0
2025/26;2026-03-04;9;FAR;Domicile;A. Aboulfath;Tit.;90;;;;0;0
2025/26;2026-03-04;9;FAR;Domicile;S. Mossadak;Tit.;90;;;;0;0
2025/26;2026-03-04;9;FAR;Domicile;N. Khali;Tit.;58;;1.0;;0;0
2025/26;2026-03-04;9;FAR;Domicile;W. Nassi;Tit.;90;;;;0;0
2025/26;2026-03-04;9;FAR;Domicile;W. Sabbar;Tit.;66;;;;0;0
2025/26;2026-03-04;9;FAR;Domicile;H. Ziyech;Tit.;58;1.0;;;0;0
2025/26;2026-03-04;9;FAR;Domicile;A. Lamirat;Tit.;90;;1.0;;0;0
2025/26;2026-03-04;9;FAR;Domicile;R. Vaca;Tit.;66;;;;0;0
2025/26;2026-03-04;9;FAR;Domicile;H. Hannouri;Tit.;90;;;;0;0
2025/26;2026-03-04;9;FAR;Domicile;H. El Wasti;Remp.;32;;;;0;0
2025/26;2026-03-04;9;FAR;Domicile;N. Byar;Remp.;24;;1.0;;0;0
2025/26;2026-03-04;9;FAR;Domicile;W. Ben Idder;Remp.;24;;1.0;;0;0
2025/26;2026-03-04;9;FAR;Domicile;M. Bouchouari;Remp.;32;;;;0;0
2025/26;2026-03-04;9;FAR;Domicile;A. Bouchta;Remp.;36;;;;0;0
2025/26;2026-03-08;15;UTS-TOUARGA;Extérieur;M. Benabid;Tit.;90;;;;0;0
2025/26;2026-03-08;15;UTS-TOUARGA;Extérieur;A. Aboulfath;Tit.;90;;;;0;0
2025/26;2026-03-08;15;UTS-TOUARGA;Extérieur;A. Bouchta;Tit.;90;;;;0;0
2025/26;2026-03-08;15;UTS-TOUARGA;Extérieur;A. El Ouafi;Tit.;90;;;;0;0
2025/26;2026-03-08;15;UTS-TOUARGA;Extérieur;M. Bouchouari;Tit.;28;;;;0;0
2025/26;2026-03-08;15;UTS-TOUARGA;Extérieur;J. Bakasu;Tit.;58;;;;0;0
2025/26;2026-03-08;15;UTS-TOUARGA;Extérieur;N. Byar;Tit.;28;;;;0;0
2025/26;2026-03-08;15;UTS-TOUARGA;Extérieur;R. Vaca;Tit.;90;;;;0;0
2025/26;2026-03-08;15;UTS-TOUARGA;Extérieur;M. Paniagua;Tit.;58;;;;0;0
2025/26;2026-03-08;15;UTS-TOUARGA;Extérieur;W. Nassi;Tit.;83;;1.0;1.0;0;0
2025/26;2026-03-08;15;UTS-TOUARGA;Extérieur;W. Ben Idder;Tit.;90;1.0;;;0;0
2025/26;2026-03-08;15;UTS-TOUARGA;Extérieur;W. Sabbar;Remp.;34;1.0;;;0;0
2025/26;2026-03-08;15;UTS-TOUARGA;Extérieur;H. Hannouri;Remp.;62;1.0;;;0;0
2025/26;2026-03-08;15;UTS-TOUARGA;Extérieur;H. El Wasti;Remp.;32;;;;0;0
2025/26;2026-03-08;15;UTS-TOUARGA;Extérieur;S. Mossadak;Remp.;62;1.0;1.0;;0;0
2025/26;2026-03-15;Quart de finale aller;OCS;Extérieur;M. Benabid;Tit.;90;-1.0;0.0;0.0;0;0
2025/26;2026-03-15;Quart de finale aller;OCS;Extérieur;A. El Ouafi;Tit.;90;0.0;0.0;0.0;0;0
2025/26;2026-03-15;Quart de finale aller;OCS;Extérieur;A. Aboulfath;Tit.;90;0.0;0.0;0.0;0;0
2025/26;2026-03-15;Quart de finale aller;OCS;Extérieur;S. Mossadak;Tit.;90;0.0;0.0;0.0;0;0
2025/26;2026-03-15;Quart de finale aller;OCS;Extérieur;A. Bouchta;Tit.;83;0.0;0.0;0.0;0;0
2025/26;2026-03-15;Quart de finale aller;OCS;Extérieur;J. Bakasu;Tit.;65;0.0;0.0;0.0;0;0
2025/26;2026-03-15;Quart de finale aller;OCS;Extérieur;W. Sabbar;Tit.;90;0.0;0.0;0.0;0;0
2025/26;2026-03-15;Quart de finale aller;OCS;Extérieur;R. Vaca;Tit.;90;1.0;0.0;0.0;0;0
2025/26;2026-03-15;Quart de finale aller;OCS;Extérieur;M. Paniagua;Tit.;46;0.0;0.0;0.0;0;0
2025/26;2026-03-15;Quart de finale aller;OCS;Extérieur;W. Ben Yedder;Tit.;65;0.0;0.0;0.0;0;0
2025/26;2026-03-15;Quart de finale aller;OCS;Extérieur;H. Hannouri;Tit.;90;0.0;1.0;0.0;0;0
2025/26;2026-03-15;Quart de finale aller;OCS;Extérieur;W. Nassi;Remp.;44;0.0;0.0;0.0;0;0
2025/26;2026-03-15;Quart de finale aller;OCS;Extérieur;A. Lamirat;Remp.;25;0.0;0.0;0.0;0;0
2025/26;2026-03-15;Quart de finale aller;OCS;Extérieur;H. El Wasti;Remp.;25;0.0;0.0;0.0;0;0
2025/26;2026-03-15;Quart de finale aller;OCS;Extérieur;M. Moufid;Remp.;7;0.0;0.0;0.0;0;0
2025/26;2026-03-22;Quart de finale retour;OCS;Domicile;M. Benabid;Tit.;24;0.0;0.0;1.0;0;0
2025/26;2026-03-22;Quart de finale retour;OCS;Domicile;A. El Ouafi;Tit.;64;0.0;0.0;0.0;0;0
2025/26;2026-03-22;Quart de finale retour;OCS;Domicile;A. Aboulfath;Tit.;90;0.0;1.0;0.0;0;0
2025/26;2026-03-22;Quart de finale retour;OCS;Domicile;A. Bouchta;Tit.;82;0.0;0.0;0.0;0;0
2025/26;2026-03-22;Quart de finale retour;OCS;Domicile;M. Moufid;Tit.;90;1.0;0.0;0.0;0;0
2025/26;2026-03-22;Quart de finale retour;OCS;Domicile;A. Lamirat;Tit.;90;0.0;0.0;0.0;0;0
2025/26;2026-03-22;Quart de finale retour;OCS;Domicile;W. Sabbar;Tit.;90;0.0;0.0;0.0;0;0
2025/26;2026-03-22;Quart de finale retour;OCS;Domicile;M. Raihi;Tit.;46;0.0;0.0;0.0;0;0
2025/26;2026-03-22;Quart de finale retour;OCS;Domicile;M. Paniagua;Tit.;30;0.0;0.0;0.0;0;0
2025/26;2026-03-22;Quart de finale retour;OCS;Domicile;H. Hannouri;Tit.;90;0.0;0.0;0.0;0;0
2025/26;2026-03-22;Quart de finale retour;OCS;Domicile;W. Ben Yedder;Tit.;31;0.0;0.0;0.0;0;0
2025/26;2026-03-22;Quart de finale retour;OCS;Domicile;A. Mhamdi;Remp.;60;0.0;1.0;0.0;0;0
2025/26;2026-03-22;Quart de finale retour;OCS;Domicile;S. Mossadak;Remp.;59;0.0;0.0;0.0;0;0
2025/26;2026-03-22;Quart de finale retour;OCS;Domicile;H. Ziyech;Remp.;44;1.0;0.0;0.0;0;0
2025/26;2026-03-22;Quart de finale retour;OCS;Domicile;N. Amrabet;Remp.;26;0.0;0.0;0.0;0;0
2025/26;2026-03-22;Quart de finale retour;OCS;Domicile;H. El Wasti;Remp.;8;0.0;0.0;0.0;0;0
2025/26;2026-04-03;10;FUS;Extérieur;M. Benabid;Tit.;90;;;;0;0
2025/26;2026-04-03;10;FUS;Extérieur;S. Mossadak;Tit.;90;;;;0;0
2025/26;2026-04-03;10;FUS;Extérieur;M. Moufid;Tit.;90;;;;0;0
2025/26;2026-04-03;10;FUS;Extérieur;A. El Ouafi;Tit.;90;;;;0;0
2025/26;2026-04-03;10;FUS;Extérieur;H. El Wasti;Tit.;90;;;;0;0
2025/26;2026-04-03;10;FUS;Extérieur;M. Raihi;Tit.;45;;;;0;0
2025/26;2026-04-03;10;FUS;Extérieur;Z. El-Moutaraji;Tit.;80;;;;0;0
2025/26;2026-04-03;10;FUS;Extérieur;J. Bakasu;Tit.;90;;;;0;0
2025/26;2026-04-03;10;FUS;Extérieur;A. Lamirat;Tit.;90;;;;0;0
2025/26;2026-04-03;10;FUS;Extérieur;H. Ziyech;Tit.;42;;;;0;0
2025/26;2026-04-03;10;FUS;Extérieur;W. Ben Idder;Tit.;70;;;;0;0
2025/26;2026-04-03;10;FUS;Extérieur;H. Hannouri;Remp.;20;;;;0;0
2025/26;2026-04-03;10;FUS;Extérieur;N. Amrabet;Remp.;48;;1.0;;0;0
2025/26;2026-04-03;10;FUS;Extérieur;W. Sabbar;Remp.;45;;;;0;0
2025/26;2026-04-03;10;FUS;Extérieur;M. Bouchouari;Remp.;10;;;;0;0
2025/26;2026-04-06;11;DHJ;Domicile;M. Benabid;Tit.;90;;;;0;0
2025/26;2026-04-06;11;DHJ;Domicile;S. Mossadak;Tit.;90;;;;0;0
2025/26;2026-04-06;11;DHJ;Domicile;M. Moufid;Tit.;90;;;;0;0
2025/26;2026-04-06;11;DHJ;Domicile;A. El Ouafi;Tit.;90;;;;0;0
2025/26;2026-04-06;11;DHJ;Domicile;N. Khali;Tit.;90;;;;0;0
2025/26;2026-04-06;11;DHJ;Domicile;N. Byar;Tit.;89;;;;0;0
2025/26;2026-04-06;11;DHJ;Domicile;W. Nassi;Tit.;69;;;;0;0
2025/26;2026-04-06;11;DHJ;Domicile;R. Vaca;Tit.;90;1.0;1.0;;0;0
2025/26;2026-04-06;11;DHJ;Domicile;J. Bakasu;Tit.;90;;1.0;;0;0
2025/26;2026-04-06;11;DHJ;Domicile;M. Paniagua;Tit.;90;;;;0;0
2025/26;2026-04-06;11;DHJ;Domicile;W. Ben Idder;Tit.;69;;;;0;0
2025/26;2026-04-06;11;DHJ;Domicile;A. Lamirat;Remp.;1;;;;0;0
2025/26;2026-04-06;11;DHJ;Domicile;H. Hannouri;Remp.;21;;;;0;0
2025/26;2026-04-06;11;DHJ;Domicile;N. Amrabet;Remp.;21;;;;0;0
2025/26;2026-04-12;12;MAS;Extérieur;M. Benabid;Tit.;90;;;;0;0
2025/26;2026-04-12;12;MAS;Extérieur;S. Mossadak;Tit.;90;;;;0;0
2025/26;2026-04-12;12;MAS;Extérieur;M. Moufid;Tit.;90;;;;0;0
2025/26;2026-04-12;12;MAS;Extérieur;A. Aboulfath;Tit.;90;;;;0;0
2025/26;2026-04-12;12;MAS;Extérieur;H. El Wasti;Tit.;90;;;;0;0
2025/26;2026-04-12;12;MAS;Extérieur;N. Amrabet;Tit.;90;;;;0;0
2025/26;2026-04-12;12;MAS;Extérieur;R. Vaca;Tit.;90;;;;0;0
2025/26;2026-04-12;12;MAS;Extérieur;J. Bakasu;Tit.;90;;1.0;;0;0
2025/26;2026-04-12;12;MAS;Extérieur;A. Lamirat;Tit.;79;;;;0;0
2025/26;2026-04-12;12;MAS;Extérieur;W. Nassi;Tit.;79;;;;0;0
2025/26;2026-04-12;12;MAS;Extérieur;M. Paniagua;Tit.;90;;;;0;0
2025/26;2026-04-12;12;MAS;Extérieur;W. Ben Idder;Remp.;11;;;;0;0
2025/26;2026-04-12;12;MAS;Extérieur;N. Byar;Remp.;11;;;;0;0
2025/26;2026-04-25;16;KACM;Extérieur;M. Benabid;Tit.;90;;;;0;0
2025/26;2026-04-25;16;KACM;Extérieur;S. Mossadak;Tit.;90;;1.0;;0;0
2025/26;2026-04-25;16;KACM;Extérieur;M. Moufid;Tit.;75;;;;0;0
2025/26;2026-04-25;16;KACM;Extérieur;N. Khali;Tit.;90;;1.0;;0;0
2025/26;2026-04-25;16;KACM;Extérieur;A. El Ouafi;Tit.;90;;;;0;0
2025/26;2026-04-25;16;KACM;Extérieur;G. Ferreira;Tit.;90;;;;0;0
2025/26;2026-04-25;16;KACM;Extérieur;R. Vaca;Tit.;75;;;;0;0
2025/26;2026-04-25;16;KACM;Extérieur;N. Amrabet;Tit.;88;;;;0;0
2025/26;2026-04-25;16;KACM;Extérieur;J. Bakasu;Tit.;90;;;;0;0
2025/26;2026-04-25;16;KACM;Extérieur;A. Lamirat;Tit.;89;;;;0;0
2025/26;2026-04-25;16;KACM;Extérieur;W. Ben Idder;Tit.;67;;;;0;0
2025/26;2026-04-25;16;KACM;Extérieur;N. Byar;Remp.;1;;;;0;0
2025/26;2026-04-25;16;KACM;Extérieur;W. Nassi;Remp.;15;;;;0;0
2025/26;2026-04-25;16;KACM;Extérieur;M. Bouchouari;Remp.;15;;;;0;0
2025/26;2026-04-25;16;KACM;Extérieur;H. Ziyech;Remp.;2;;;;0;0
2025/26;2026-04-25;16;KACM;Extérieur;A. Colibaly;Remp.;23;;;;0;0
2025/26;2026-04-29;17;USYM;Domicile;M. Benabid;Tit.;90;;;;0;0
2025/26;2026-04-29;17;USYM;Domicile;S. Mossadak;Tit.;90;;;;0;0
2025/26;2026-04-29;17;USYM;Domicile;A. Aboulfath;Tit.;90;;;;0;0
2025/26;2026-04-29;17;USYM;Domicile;N. Khali;Tit.;90;;;;0;0
2025/26;2026-04-29;17;USYM;Domicile;M. Bouchouari;Tit.;90;;;;0;0
2025/26;2026-04-29;17;USYM;Domicile;A. El Ouafi;Tit.;76;;;;0;0
2025/26;2026-04-29;17;USYM;Domicile;R. Vaca;Tit.;70;;1.0;;0;0
2025/26;2026-04-29;17;USYM;Domicile;N. Byar;Tit.;70;;1.0;;0;0
2025/26;2026-04-29;17;USYM;Domicile;H. Ziyech;Tit.;90;;;;0;0
2025/26;2026-04-29;17;USYM;Domicile;N. Amrabet;Tit.;45;;;;0;0
2025/26;2026-04-29;17;USYM;Domicile;W. Ben Idder;Tit.;45;;;;0;0
2025/26;2026-04-29;17;USYM;Domicile;M. Raihi;Remp.;14;;;;0;0
2025/26;2026-04-29;17;USYM;Domicile;A. Lamirat;Remp.;20;;;;0;0
2025/26;2026-04-29;17;USYM;Domicile;W. Nassi;Remp.;45;;;;0;0
2025/26;2026-04-29;17;USYM;Domicile;A. Colibaly;Remp.;20;;;;0;0
2025/26;2026-04-29;17;USYM;Domicile;J. Bakasu;Remp.;45;;;;0;0
2025/26;2026-05-03;18;RCAZ;Extérieur;M. Benabid;Tit.;90;;;;0;0
2025/26;2026-05-03;18;RCAZ;Extérieur;H. El Wasti;Tit.;64;;;;0;0
2025/26;2026-05-03;18;RCAZ;Extérieur;J. Bakasu;Tit.;90;;;;0;0
2025/26;2026-05-03;18;RCAZ;Extérieur;A. Colibaly;Tit.;77;;1.0;;0;0
2025/26;2026-05-03;18;RCAZ;Extérieur;N. Khali;Tit.;90;;;;0;0
2025/26;2026-05-03;18;RCAZ;Extérieur;A. Lamirat;Tit.;90;;;;0;0
2025/26;2026-05-03;18;RCAZ;Extérieur;M. Moufid;Tit.;90;;;;0;0
2025/26;2026-05-03;18;RCAZ;Extérieur;W. Nassi;Tit.;90;;;;0;0
2025/26;2026-05-03;18;RCAZ;Extérieur;S. Mossadak;Tit.;49;;;;0;0
2025/26;2026-05-03;18;RCAZ;Extérieur;A. El Ouafi;Tit.;90;;;;0;0
2025/26;2026-05-03;18;RCAZ;Extérieur;R. Vaca;Tit.;77;;;;0;0
2025/26;2026-05-03;18;RCAZ;Extérieur;N. Amrabet;Remp.;26;;;;0;0
2025/26;2026-05-03;18;RCAZ;Extérieur;M. Raihi;Remp.;13;;;;0;0
2025/26;2026-05-03;18;RCAZ;Extérieur;W. Ben Idder;Remp.;13;;;;0;0
2025/26;2026-05-03;18;RCAZ;Extérieur;G. Ferreira;Remp.;41;;1.0;;0;0
2025/26;2026-05-06;19;CODM;Domicile;M. Benabid;Tit.;90;0.0;0.0;0.0;0;0
2025/26;2026-05-06;19;CODM;Domicile;M. Moufid;Tit.;90;0.0;0.0;0.0;0;0
2025/26;2026-05-06;19;CODM;Domicile;A. Bouchta;Tit.;90;0.0;0.0;0.0;0;0
2025/26;2026-05-06;19;CODM;Domicile;S. Mossadak;Tit.;90;0.0;1.0;0.0;0;0
2025/26;2026-05-06;19;CODM;Domicile;G. Ferreira;Tit.;10;0.0;0.0;0.0;0;0
2025/26;2026-05-06;19;CODM;Domicile;N. Byar;Tit.;90;0.0;0.0;0.0;0;0
2025/26;2026-05-06;19;CODM;Domicile;M. Raihi;Tit.;73;0.0;0.0;0.0;0;0
2025/26;2026-05-06;19;CODM;Domicile;H. Ziyech;Tit.;60;2.0;0.0;0.0;0;0
2025/26;2026-05-06;19;CODM;Domicile;R. Vaca;Tit.;60;0.0;0.0;0.0;0;0
2025/26;2026-05-06;19;CODM;Domicile;J. Bakasu;Tit.;90;0.0;0.0;0.0;0;0
2025/26;2026-05-06;19;CODM;Domicile;H. Hannouri;Tit.;73;0.0;0.0;0.0;0;0
2025/26;2026-05-06;19;CODM;Domicile;A. El Ouafi;Remp.;80;0.0;0.0;0.0;0;0
2025/26;2026-05-06;19;CODM;Domicile;W. Ben Idder;Remp.;30;0.0;0.0;0.0;0;0
2025/26;2026-05-06;19;CODM;Domicile;N. Amrabet;Remp.;30;0.0;0.0;0.0;0;0
2025/26;2026-05-06;19;CODM;Domicile;W. Nassi;Remp.;17;0.0;0.0;0.0;0;0
2025/26;2026-05-06;19;CODM;Domicile;H. El Wasti;Remp.;17;0.0;1.0;0.0;0;0
2017;2017-10-28;Finale;Al Ahly;Extérieur;Z. Laaroubi;Tit.;90;;1.0;;0;0
2017;2017-10-28;Finale;Al Ahly;Extérieur;A. Noussair;Tit.;90;;;;0;0
2017;2017-10-28;Finale;Al Ahly;Extérieur;Y. Rabeh;Tit.;90;;;;0;0
2017;2017-10-28;Finale;Al Ahly;Extérieur;M. Ouatara;Tit.;90;;;;0;0
2017;2017-10-28;Finale;Al Ahly;Extérieur;W. El Karti;Tit.;90;;;;0;0
2017;2017-10-28;Finale;Al Ahly;Extérieur;S. Saidi;Tit.;90;;1.0;;0;0
2017;2017-10-28;Finale;Al Ahly;Extérieur;B. Gadarine;Tit.;90;;;;0;0
2017;2017-10-28;Finale;Al Ahly;Extérieur;M. Ounajem;Tit.;27;;;;0;0
2017;2017-10-28;Finale;Al Ahly;Extérieur;B. Nekkach;Tit.;90;;1.0;;0;0
2017;2017-10-28;Finale;Al Ahly;Extérieur;A. Bencharki;Tit.;90;1.0;;;0;0
2017;2017-10-28;Finale;Al Ahly;Extérieur;I. Haddad;Tit.;83;;;;0;0
2017;2017-10-28;Finale;Al Ahly;Extérieur;A. Khadrouf;Remp.;63;;;;0;0
2017;2017-10-28;Finale;Al Ahly;Extérieur;G. Nicaise Daho;Remp.;7;;;;0;0
2017;2017-11-04;Finale;Al Ahly;Domicile;Z. Laaroubi;Tit.;90;;1.0;;0;0
2017;2017-11-04;Finale;Al Ahly;Domicile;A. Noussair;Tit.;90;;;;0;0
2017;2017-11-04;Finale;Al Ahly;Domicile;Y. Rabeh;Tit.;90;;1.0;;0;0
2017;2017-11-04;Finale;Al Ahly;Domicile;A. Atouchi;Tit.;90;;;;0;0
2017;2017-11-04;Finale;Al Ahly;Domicile;W. El Karti;Tit.;90;1.0;;;0;0
2017;2017-11-04;Finale;Al Ahly;Domicile;S. Saidi;Tit.;90;;;;0;0
2017;2017-11-04;Finale;Al Ahly;Domicile;B. Gadarine;Tit.;90;;;;0;0
2017;2017-11-04;Finale;Al Ahly;Domicile;A. Khadrouf;Tit.;86;;1.0;;0;0
2017;2017-11-04;Finale;Al Ahly;Domicile;B. Nekkach;Tit.;90;;;;0;0
2017;2017-11-04;Finale;Al Ahly;Domicile;A. Bencharki;Tit.;90;;;;0;0
2017;2017-11-04;Finale;Al Ahly;Domicile;I. Haddad;Tit.;89;;;;0;0
2017;2017-11-04;Finale;Al Ahly;Domicile;M. Ouatara;Remp.;1;;;;0;0
2017;2017-11-04;Finale;Al Ahly;Domicile;Z. El Hachimi;Remp.;4;;;;0;0
2017;2017-09-29;Demi-finale;USMA - Algérie;Extérieur;Z. Laaroubi;Tit.;90;;;;0;0
2017;2017-09-29;Demi-finale;USMA - Algérie;Extérieur;A. Noussair;Tit.;90;;;;0;0
2017;2017-09-29;Demi-finale;USMA - Algérie;Extérieur;Y. Rabeh;Tit.;90;;;;0;0
2017;2017-09-29;Demi-finale;USMA - Algérie;Extérieur;A. Atouchi;Tit.;90;;;;0;0
2017;2017-09-29;Demi-finale;USMA - Algérie;Extérieur;W. El Karti;Tit.;88;;;;0;0
2017;2017-09-29;Demi-finale;USMA - Algérie;Extérieur;S. Saidi;Tit.;90;;;;0;0
2017;2017-09-29;Demi-finale;USMA - Algérie;Extérieur;B. Gadarine;Tit.;90;;1.0;;0;0
2017;2017-09-29;Demi-finale;USMA - Algérie;Extérieur;M. Ounajem;Tit.;86;;;;0;0
2017;2017-09-29;Demi-finale;USMA - Algérie;Extérieur;B. Nekkach;Tit.;90;;;;0;0
2017;2017-09-29;Demi-finale;USMA - Algérie;Extérieur;A. Bencharki;Tit.;90;;;;0;0
2017;2017-09-29;Demi-finale;USMA - Algérie;Extérieur;G. Nicaise Daho;Tit.;72;;;;0;0
2017;2017-09-29;Demi-finale;USMA - Algérie;Extérieur;A. Khadrouf;Remp.;2;;;;0;0
2017;2017-09-29;Demi-finale;USMA - Algérie;Extérieur;I. Haddad;Remp.;18;;;;0;0
2017;2017-10-21;Demi-finale;USMA - Algérie;Domicile;Z. Laaroubi;Tit.;90;;;;0;0
2017;2017-10-21;Demi-finale;USMA - Algérie;Domicile;A. Noussair;Tit.;90;;;;0;0
2017;2017-10-21;Demi-finale;USMA - Algérie;Domicile;Y. Rabeh;Tit.;90;;;;0;0
2017;2017-10-21;Demi-finale;USMA - Algérie;Domicile;A. Atouchi;Tit.;90;;1.0;1.0;0;0
2017;2017-10-21;Demi-finale;USMA - Algérie;Domicile;W. El Karti;Tit.;90;1.0;;;0;0
2017;2017-10-21;Demi-finale;USMA - Algérie;Domicile;S. Saidi;Tit.;90;;;;0;0
2017;2017-10-21;Demi-finale;USMA - Algérie;Domicile;B. Gadarine;Tit.;74;;;;0;0
2017;2017-10-21;Demi-finale;USMA - Algérie;Domicile;M. Ounajem;Tit.;90;;;;0;0
2017;2017-10-21;Demi-finale;USMA - Algérie;Domicile;B. Nekkach;Tit.;90;;1.0;;0;0
2017;2017-10-21;Demi-finale;USMA - Algérie;Domicile;A. Bencharki;Tit.;90;2.0;;;0;0
2017;2017-10-21;Demi-finale;USMA - Algérie;Domicile;I. Haddad;Tit.;64;;;;0;0
2017;2017-10-21;Demi-finale;USMA - Algérie;Domicile;A. Khadrouf;Remp.;26;;;;0;0
2017;2017-10-21;Demi-finale;USMA - Algérie;Domicile;Z. El Hachimi;Remp.;16;;;;0;0
2017;2017-09-17;Quart-finale;Sundowns / AFS;Extérieur;Z. Laaroubi;Tit.;90;;;;0;0
2017;2017-09-17;Quart-finale;Sundowns / AFS;Extérieur;B. Gadarine;Tit.;90;;;;0;0
2017;2017-09-17;Quart-finale;Sundowns / AFS;Extérieur;A. Noussair;Tit.;90;;;;0;0
2017;2017-09-17;Quart-finale;Sundowns / AFS;Extérieur;Y. Rabeh;Tit.;90;;;;0;0
2017;2017-09-17;Quart-finale;Sundowns / AFS;Extérieur;A. Atouchi;Tit.;90;;;;0;0
2017;2017-09-17;Quart-finale;Sundowns / AFS;Extérieur;S. Saidi;Tit.;90;;;;0;0
2017;2017-09-17;Quart-finale;Sundowns / AFS;Extérieur;J. Ait Ben Idder;Tit.;67;;;;0;0
2017;2017-09-17;Quart-finale;Sundowns / AFS;Extérieur;B. Nekkach;Tit.;90;;;;0;0
2017;2017-09-17;Quart-finale;Sundowns / AFS;Extérieur;G. Nicaise Daho;Tit.;90;;;;0;0
2017;2017-09-17;Quart-finale;Sundowns / AFS;Extérieur;I. Haddad;Tit.;78;;1.0;;0;0
2017;2017-09-17;Quart-finale;Sundowns / AFS;Extérieur;M. Ounajem;Tit.;90;;1.0;;0;0
2017;2017-09-17;Quart-finale;Sundowns / AFS;Extérieur;A. Khadrouf;Remp.;12;;;;0;0
2017;2017-09-17;Quart-finale;Sundowns / AFS;Extérieur;W. El Karti;Remp.;23;;;;0;0
2017;2017-09-23;Quart-finale;Sundowns / AFS;Domicile;Z. Laaroubi;Tit.;90;;;;0;0
2017;2017-09-23;Quart-finale;Sundowns / AFS;Domicile;B. Gadarine;Tit.;90;;;;0;0
2017;2017-09-23;Quart-finale;Sundowns / AFS;Domicile;A. Noussair;Tit.;90;;1.0;;0;0
2017;2017-09-23;Quart-finale;Sundowns / AFS;Domicile;Y. Rabeh;Tit.;90;;;;0;0
2017;2017-09-23;Quart-finale;Sundowns / AFS;Domicile;A. Atouchi;Tit.;90;;1.0;;0;1
2017;2017-09-23;Quart-finale;Sundowns / AFS;Domicile;S. Saidi;Tit.;90;1.0;;;0;0
2017;2017-09-23;Quart-finale;Sundowns / AFS;Domicile;A. Bencharki;Tit.;90;;;;1;0
2017;2017-09-23;Quart-finale;Sundowns / AFS;Domicile;B. Nekkach;Tit.;90;;;;0;0
2017;2017-09-23;Quart-finale;Sundowns / AFS;Domicile;G. Nicaise Daho;Tit.;76;;;;0;0
2017;2017-09-23;Quart-finale;Sundowns / AFS;Domicile;I. Haddad;Tit.;84;;;;0;0
2017;2017-09-23;Quart-finale;Sundowns / AFS;Domicile;M. Ounajem;Tit.;90;;;;1;0
2017;2017-09-23;Quart-finale;Sundowns / AFS;Domicile;A. Khadrouf;Remp.;6;;;;1;0
2017;2017-09-23;Quart-finale;Sundowns / AFS;Domicile;W. El Karti;Remp.;14;;;;0;0
2020/21;2020-12-23;Deuxième tour;Stade Malien;Extérieur;A. Aboulfath;Tit.;90;;;;0;0
2020/21;2020-12-23;Deuxième tour;Stade Malien;Extérieur;A. Dari;Tit.;90;;;;0;0
2020/21;2020-12-23;Deuxième tour;Stade Malien;Extérieur;A. El Amloud;Tit.;51;;;;0;0
2020/21;2020-12-23;Deuxième tour;Stade Malien;Extérieur;A. El Kaabi;Tit.;90;;;;0;0
2020/21;2020-12-23;Deuxième tour;Stade Malien;Extérieur;A. R. Tagnaouti;Tit.;90;;;;0;0
2020/21;2020-12-23;Deuxième tour;Stade Malien;Extérieur;B. Aouk;Tit.;74;;;;0;0
2020/21;2020-12-23;Deuxième tour;Stade Malien;Extérieur;B. Gadarine;Tit.;90;;;;0;0
2020/21;2020-12-23;Deuxième tour;Stade Malien;Extérieur;S. Msuva;Tit.;90;;;;0;0
2020/21;2020-12-23;Deuxième tour;Stade Malien;Extérieur;S. Saidi;Tit.;90;;;;0;0
2020/21;2020-12-23;Deuxième tour;Stade Malien;Extérieur;W. El Karti;Tit.;74;;;;0;0
2020/21;2020-12-23;Deuxième tour;Stade Malien;Extérieur;Y. Attiatallah;Tit.;90;;;;0;0
2020/21;2020-12-23;Deuxième tour;Stade Malien;Extérieur;A. Serrhat;Remp.;39;;;;0;0
2020/21;2020-12-23;Deuxième tour;Stade Malien;Extérieur;M. Babatunde;Remp.;16;;;;0;0
2020/21;2020-12-23;Deuxième tour;Stade Malien;Extérieur;M. Ellafi;Remp.;16;;;;0;0
2020/21;2021-01-06;Deuxième tour;Stade Malien;Domicile;A. Aboulfath;Tit.;90;;;;0;0
2020/21;2021-01-06;Deuxième tour;Stade Malien;Domicile;A. Dari;Tit.;90;;;;0;0
2020/21;2021-01-06;Deuxième tour;Stade Malien;Domicile;A. El Amloud;Tit.;89;;;;0;0
2020/21;2021-01-06;Deuxième tour;Stade Malien;Domicile;A. El Kaabi;Tit.;90;1.0;;;0;0
2020/21;2021-01-06;Deuxième tour;Stade Malien;Domicile;A. R. Tagnaouti;Tit.;90;;;;0;0
2020/21;2021-01-06;Deuxième tour;Stade Malien;Domicile;M. Ellafi;Tit.;77;2.0;;;0;0
2020/21;2021-01-06;Deuxième tour;Stade Malien;Domicile;S. Msuva;Tit.;86;;;;0;0
2020/21;2021-01-06;Deuxième tour;Stade Malien;Domicile;S. Saidi;Tit.;90;;;;0;0
2020/21;2021-01-06;Deuxième tour;Stade Malien;Domicile;W. El Karti;Tit.;90;;1.0;;0;0
2020/21;2021-01-06;Deuxième tour;Stade Malien;Domicile;Y. Attiatallah;Tit.;90;;;;0;0
2020/21;2021-01-06;Deuxième tour;Stade Malien;Domicile;Y. Jabrane;Tit.;90;;1.0;;0;0
2020/21;2021-01-06;Deuxième tour;Stade Malien;Domicile;M. Babatunde;Remp.;13;;;;0;0
2020/21;2021-01-06;Deuxième tour;Stade Malien;Domicile;M. Rahim;Remp.;1;;;;0;0
2020/21;2021-01-06;Deuxième tour;Stade Malien;Domicile;Z. El-Moutaraji;Remp.;4;;;;0;0
2020/21;2021-02-23;Phase de poules;Petro Luanda;Extérieur;A. R. Tagnaouti;Tit.;12;;;;0;0
2020/21;2021-02-23;Phase de poules;Petro Luanda;Extérieur;Y. Attiatallah;Tit.;90;;;;0;0
2020/21;2021-02-23;Phase de poules;Petro Luanda;Extérieur;A. Aboulfath;Tit.;90;;;;0;0
2020/21;2021-02-23;Phase de poules;Petro Luanda;Extérieur;A. Dari;Tit.;90;;1.0;;0;0
2020/21;2021-02-23;Phase de poules;Petro Luanda;Extérieur;A. El Amloud;Tit.;90;;;;0;0
2020/21;2021-02-23;Phase de poules;Petro Luanda;Extérieur;S. El Moudane;Tit.;68;;;;0;0
2020/21;2021-02-23;Phase de poules;Petro Luanda;Extérieur;Y. Jabrane;Tit.;90;;;;0;0
2020/21;2021-02-23;Phase de poules;Petro Luanda;Extérieur;S. Msuva;Tit.;46;;;;0;0
2020/21;2021-02-23;Phase de poules;Petro Luanda;Extérieur;W. El Karti;Tit.;46;;;;0;0
2020/21;2021-02-23;Phase de poules;Petro Luanda;Extérieur;M. Ellafi;Tit.;89;;;;0;0
2020/21;2021-02-23;Phase de poules;Petro Luanda;Extérieur;A. El Kaabi;Tit.;90;1.0;;;0;0
2020/21;2021-02-23;Phase de poules;Petro Luanda;Extérieur;C.I. Comara;Remp.;1;;;;0;0
2020/21;2021-02-23;Phase de poules;Petro Luanda;Extérieur;S. Saidi;Remp.;22;;;;0;0
2020/21;2021-02-23;Phase de poules;Petro Luanda;Extérieur;A. El Hassouni;Remp.;44;;;;0;0
2020/21;2021-02-23;Phase de poules;Petro Luanda;Extérieur;M. Ounajem;Remp.;44;;;;0;0
2020/21;2021-02-23;Phase de poules;Petro Luanda;Extérieur;Y. Henin;Remp.;78;;;;0;0
2020/21;2021-02-28;Phase de poules;Kaizer Chiefs;Domicile;A. R. Tagnaouti;Tit.;90;;;;0;0
2020/21;2021-02-28;Phase de poules;Kaizer Chiefs;Domicile;A. El Amloud;Tit.;90;;;;0;0
2020/21;2021-02-28;Phase de poules;Kaizer Chiefs;Domicile;A. Dari;Tit.;78;;;;0;0
2020/21;2021-02-28;Phase de poules;Kaizer Chiefs;Domicile;A. Aboulfath;Tit.;90;;;;0;0
2020/21;2021-02-28;Phase de poules;Kaizer Chiefs;Domicile;Y. Attiatallah;Tit.;88;;1.0;;0;0
2020/21;2021-02-28;Phase de poules;Kaizer Chiefs;Domicile;Y. Jabrane;Tit.;90;1.0;;;0;0
2020/21;2021-02-28;Phase de poules;Kaizer Chiefs;Domicile;S. Saidi;Tit.;68;;;;0;0
2020/21;2021-02-28;Phase de poules;Kaizer Chiefs;Domicile;M. Ounajem;Tit.;68;1.0;;;0;0
2020/21;2021-02-28;Phase de poules;Kaizer Chiefs;Domicile;W. El Karti;Tit.;90;;;;0;0
2020/21;2021-02-28;Phase de poules;Kaizer Chiefs;Domicile;M. Ellafi;Tit.;79;;;;0;0
2020/21;2021-02-28;Phase de poules;Kaizer Chiefs;Domicile;A. El Kaabi;Tit.;90;1.0;;;0;0
2020/21;2021-02-28;Phase de poules;Kaizer Chiefs;Domicile;Z. El-Moutaraji;Remp.;11;;;;0;0
2020/21;2021-02-28;Phase de poules;Kaizer Chiefs;Domicile;S. Msuva;Remp.;22;1.0;;;0;0
2020/21;2021-02-28;Phase de poules;Kaizer Chiefs;Domicile;A. El Hassouni;Remp.;22;;;;0;0
2020/21;2021-02-28;Phase de poules;Kaizer Chiefs;Domicile;M. Rahim;Remp.;2;;;;0;0
2020/21;2021-02-28;Phase de poules;Kaizer Chiefs;Domicile;C.I. Comara;Remp.;12;;;;0;0
2020/21;2021-03-06;Phase de poules;Horoya;Domicile;A. R. Tagnaouti;Tit.;90;;;;0;0
2020/21;2021-03-06;Phase de poules;Horoya;Domicile;A. El Amloud;Tit.;90;;;;0;0
2020/21;2021-03-06;Phase de poules;Horoya;Domicile;A. Aboulfath;Tit.;90;;1.0;;0;0
2020/21;2021-03-06;Phase de poules;Horoya;Domicile;C.I. Comara;Tit.;90;;;;0;0
2020/21;2021-03-06;Phase de poules;Horoya;Domicile;Y. Attiatallah;Tit.;90;;;;0;0
2020/21;2021-03-06;Phase de poules;Horoya;Domicile;Y. Jabrane;Tit.;90;;;;0;0
2020/21;2021-03-06;Phase de poules;Horoya;Domicile;W. El Karti;Tit.;89;;;;0;0
2020/21;2021-03-06;Phase de poules;Horoya;Domicile;M. Ounajem;Tit.;68;;;;0;0
2020/21;2021-03-06;Phase de poules;Horoya;Domicile;A. El Hassouni;Tit.;48;;;;0;0
2020/21;2021-03-06;Phase de poules;Horoya;Domicile;M. Ellafi;Tit.;68;;;;0;0
2020/21;2021-03-06;Phase de poules;Horoya;Domicile;A. El Kaabi;Tit.;89;1.0;;;0;0
2020/21;2021-03-06;Phase de poules;Horoya;Domicile;S. Saidi;Remp.;42;;;;0;0
2020/21;2021-03-06;Phase de poules;Horoya;Domicile;Z. El-Moutaraji;Remp.;22;;;;0;0
2020/21;2021-03-06;Phase de poules;Horoya;Domicile;S. Msuva;Remp.;22;1.0;;;0;0
2020/21;2021-03-06;Phase de poules;Horoya;Domicile;S. El Moudane;Remp.;1;;;;0;0
2020/21;2021-03-06;Phase de poules;Horoya;Domicile;M. Rahim;Remp.;1;;;;0;0
2020/21;2021-03-16;Phase de poules;Horoya;Extérieur;A. R. Tagnaouti;Tit.;90;;1.0;;0;0
2020/21;2021-03-16;Phase de poules;Horoya;Extérieur;Y. Attiatallah;Tit.;90;;;;0;0
2020/21;2021-03-16;Phase de poules;Horoya;Extérieur;A. Aboulfath;Tit.;90;;;;0;0
2020/21;2021-03-16;Phase de poules;Horoya;Extérieur;A. Dari;Tit.;90;;;;0;0
2020/21;2021-03-16;Phase de poules;Horoya;Extérieur;A. El Amloud;Tit.;90;;;;0;0
2020/21;2021-03-16;Phase de poules;Horoya;Extérieur;Y. Jabrane;Tit.;90;;1.0;;0;0
2020/21;2021-03-16;Phase de poules;Horoya;Extérieur;S. Saidi;Tit.;69;;;;0;0
2020/21;2021-03-16;Phase de poules;Horoya;Extérieur;M. Ellafi;Tit.;64;;;;0;0
2020/21;2021-03-16;Phase de poules;Horoya;Extérieur;W. El Karti;Tit.;89;;;;0;0
2020/21;2021-03-16;Phase de poules;Horoya;Extérieur;M. Ounajem;Tit.;64;;;;0;0
2020/21;2021-03-16;Phase de poules;Horoya;Extérieur;A. El Kaabi;Tit.;90;;;;0;0
2020/21;2021-03-16;Phase de poules;Horoya;Extérieur;Z. El-Moutaraji;Remp.;26;;;;0;0
2020/21;2021-03-16;Phase de poules;Horoya;Extérieur;S. Msuva;Remp.;26;;;;0;0
2020/21;2021-03-16;Phase de poules;Horoya;Extérieur;S. El Moudane;Remp.;21;;;;0;0
2020/21;2021-03-16;Phase de poules;Horoya;Extérieur;C.I. Comara;Remp.;1;;;;0;0
2020/21;2021-04-03;Phase de poules;Kaizer Chiefs;Extérieur;I. Sioudi;Tit.;90;;;;0;0
2020/21;2021-04-03;Phase de poules;Kaizer Chiefs;Extérieur;B. Gadarine;Tit.;90;;;;0;0
2020/21;2021-04-03;Phase de poules;Kaizer Chiefs;Extérieur;C.I. Comara;Tit.;90;;;;0;0
2020/21;2021-04-03;Phase de poules;Kaizer Chiefs;Extérieur;A. Farhane;Tit.;90;;1.0;;0;0
2020/21;2021-04-03;Phase de poules;Kaizer Chiefs;Extérieur;M. Rahim;Tit.;90;;;;0;0
2020/21;2021-04-03;Phase de poules;Kaizer Chiefs;Extérieur;B. Aouk;Tit.;52;;;;0;0
2020/21;2021-04-03;Phase de poules;Kaizer Chiefs;Extérieur;S. El Moudane;Tit.;90;;;;0;0
2020/21;2021-04-03;Phase de poules;Kaizer Chiefs;Extérieur;A. Serrhat;Tit.;90;;;;0;0
2020/21;2021-04-03;Phase de poules;Kaizer Chiefs;Extérieur;H. Ait Allal;Tit.;84;;;;0;0
2020/21;2021-04-03;Phase de poules;Kaizer Chiefs;Extérieur;Z. El-Moutaraji;Tit.;90;;;;0;0
2020/21;2021-04-03;Phase de poules;Kaizer Chiefs;Extérieur;M. Babatunde;Tit.;46;;;;0;0
2020/21;2021-04-03;Phase de poules;Kaizer Chiefs;Extérieur;H. Asrir;Remp.;44;;;;0;0
2020/21;2021-04-03;Phase de poules;Kaizer Chiefs;Extérieur;M. Chrachem;Remp.;38;;;;0;0
2020/21;2021-04-03;Phase de poules;Kaizer Chiefs;Extérieur;B. Z. Guennon;Remp.;6;;;;0;0
2020/21;2021-04-10;Phase de poules;Petro Luanda;Domicile;A. R. Tagnaouti;Tit.;90;;;;0;0
2020/21;2021-04-10;Phase de poules;Petro Luanda;Domicile;A. El Amloud;Tit.;90;;;;0;0
2020/21;2021-04-10;Phase de poules;Petro Luanda;Domicile;A. Aboulfath;Tit.;90;;;;0;0
2020/21;2021-04-10;Phase de poules;Petro Luanda;Domicile;A. Dari;Tit.;90;;;;0;0
2020/21;2021-04-10;Phase de poules;Petro Luanda;Domicile;Y. Attiatallah;Tit.;90;;;;0;0
2020/21;2021-04-10;Phase de poules;Petro Luanda;Domicile;S. Saidi;Tit.;71;;;;0;0
2020/21;2021-04-10;Phase de poules;Petro Luanda;Domicile;Y. Jabrane;Tit.;90;;;;0;0
2020/21;2021-04-10;Phase de poules;Petro Luanda;Domicile;M. Ounajem;Tit.;70;1.0;;;0;0
2020/21;2021-04-10;Phase de poules;Petro Luanda;Domicile;W. El Karti;Tit.;89;1.0;;;0;0
2020/21;2021-04-10;Phase de poules;Petro Luanda;Domicile;M. Ellafi;Tit.;46;;;;0;0
2020/21;2021-04-10;Phase de poules;Petro Luanda;Domicile;A. El Hassouni;Tit.;81;;;;0;0
2020/21;2021-04-10;Phase de poules;Petro Luanda;Domicile;A. Serrhat;Remp.;1;;;;0;0
2020/21;2021-04-10;Phase de poules;Petro Luanda;Domicile;Z. El-Moutaraji;Remp.;44;;1.0;;0;0
2020/21;2021-04-10;Phase de poules;Petro Luanda;Domicile;S. El Moudane;Remp.;19;;1.0;;0;0
2020/21;2021-04-10;Phase de poules;Petro Luanda;Domicile;M. Rahim;Remp.;9;;;;0;0
2020/21;2021-04-10;Phase de poules;Petro Luanda;Domicile;H. Ait Allal;Remp.;20;;;;0;0
2020/21;2021-05-14;Quart-finale;MCA;Extérieur;A. R. Tagnaouti;Tit.;90;;1.0;;0;0
2020/21;2021-05-14;Quart-finale;MCA;Extérieur;Y. Attiatallah;Tit.;90;;;;0;0
2020/21;2021-05-14;Quart-finale;MCA;Extérieur;A. Aboulfath;Tit.;90;;;;0;0
2020/21;2021-05-14;Quart-finale;MCA;Extérieur;A. Dari;Tit.;90;;1.0;;0;0
2020/21;2021-05-14;Quart-finale;MCA;Extérieur;A. El Amloud;Tit.;90;;;;0;0
2020/21;2021-05-14;Quart-finale;MCA;Extérieur;W. El Karti;Tit.;90;;;;0;0
2020/21;2021-05-14;Quart-finale;MCA;Extérieur;Y. Jabrane;Tit.;90;1.0;;;0;0
2020/21;2021-05-14;Quart-finale;MCA;Extérieur;A. El Hassouni;Tit.;87;;;;0;0
2020/21;2021-05-14;Quart-finale;MCA;Extérieur;M. Ellafi;Tit.;60;;;;0;0
2020/21;2021-05-14;Quart-finale;MCA;Extérieur;A. El Kaabi;Tit.;90;;;;0;0
2020/21;2021-05-14;Quart-finale;MCA;Extérieur;S. Msuva;Tit.;87;;;;0;0
2020/21;2021-05-14;Quart-finale;MCA;Extérieur;S. Saidi;Remp.;3;;;;0;0
2020/21;2021-05-14;Quart-finale;MCA;Extérieur;B. Aouk;Remp.;3;;;;0;0
2020/21;2021-05-14;Quart-finale;MCA;Extérieur;M. Ounajem;Remp.;30;;;;0;0
2020/21;2021-05-22;Quart-finale;MCA;Domicile;A. R. Tagnaouti;Tit.;90;;;;0;0
2020/21;2021-05-22;Quart-finale;MCA;Domicile;A. El Amloud;Tit.;90;;;;0;0
2020/21;2021-05-22;Quart-finale;MCA;Domicile;A. Dari;Tit.;90;;;;0;0
2020/21;2021-05-22;Quart-finale;MCA;Domicile;A. Aboulfath;Tit.;90;;;;0;0
2020/21;2021-05-22;Quart-finale;MCA;Domicile;Y. Attiatallah;Tit.;90;;;;0;0
2020/21;2021-05-22;Quart-finale;MCA;Domicile;Y. Jabrane;Tit.;90;;;;0;0
2020/21;2021-05-22;Quart-finale;MCA;Domicile;A. El Hassouni;Tit.;87;;;;0;0
2020/21;2021-05-22;Quart-finale;MCA;Domicile;M. Ounajem;Tit.;89;;;;0;0
2020/21;2021-05-22;Quart-finale;MCA;Domicile;W. El Karti;Tit.;90;1.0;;;0;0
2020/21;2021-05-22;Quart-finale;MCA;Domicile;M. Ellafi;Tit.;87;;1.0;;0;0
2020/21;2021-05-22;Quart-finale;MCA;Domicile;A. El Kaabi;Tit.;90;;;;0;0
2020/21;2021-05-22;Quart-finale;MCA;Domicile;B. Gadarine;Remp.;1;;;;0;0
2020/21;2021-05-22;Quart-finale;MCA;Domicile;S. Msuva;Remp.;3;;;;0;0
2020/21;2021-05-22;Quart-finale;MCA;Domicile;C.I. Comara;Remp.;3;;;;0;0
2020/21;2021-06-19;Demi-finale;Kaizer Chiefs;Domicile;A. R. Tagnaouti;Tit.;90;;;;0;0
2020/21;2021-06-19;Demi-finale;Kaizer Chiefs;Domicile;A. El Amloud;Tit.;90;;;;0;0
2020/21;2021-06-19;Demi-finale;Kaizer Chiefs;Domicile;A. Dari;Tit.;90;;;;0;0
2020/21;2021-06-19;Demi-finale;Kaizer Chiefs;Domicile;A. Aboulfath;Tit.;90;;;;0;0
2020/21;2021-06-19;Demi-finale;Kaizer Chiefs;Domicile;Y. Attiatallah;Tit.;90;;;;0;0
2020/21;2021-06-19;Demi-finale;Kaizer Chiefs;Domicile;Y. Jabrane;Tit.;90;;;;0;0
2020/21;2021-06-19;Demi-finale;Kaizer Chiefs;Domicile;A. El Hassouni;Tit.;89;;;;0;0
2020/21;2021-06-19;Demi-finale;Kaizer Chiefs;Domicile;M. Ounajem;Tit.;90;;;;0;0
2020/21;2021-06-19;Demi-finale;Kaizer Chiefs;Domicile;W. El Karti;Tit.;90;;;;0;0
2020/21;2021-06-19;Demi-finale;Kaizer Chiefs;Domicile;M. Ellafi;Tit.;68;;;;0;0
2020/21;2021-06-19;Demi-finale;Kaizer Chiefs;Domicile;A. El Kaabi;Tit.;90;;;;0;0
2020/21;2021-06-19;Demi-finale;Kaizer Chiefs;Domicile;S. Saidi;Remp.;1;;;;0;0
2020/21;2021-06-19;Demi-finale;Kaizer Chiefs;Domicile;S. Msuva;Remp.;22;;;;0;0
2020/21;2021-06-26;Demi-finale;Kaizer Chiefs;Extérieur;A. R. Tagnaouti;Tit.;90;;;;0;0
2020/21;2021-06-26;Demi-finale;Kaizer Chiefs;Extérieur;Y. Attiatallah;Tit.;90;;;;0;0
2020/21;2021-06-26;Demi-finale;Kaizer Chiefs;Extérieur;A. Farhane;Tit.;90;;1.0;;0;0
2020/21;2021-06-26;Demi-finale;Kaizer Chiefs;Extérieur;Y. Jabrane;Tit.;90;;1.0;;0;0
2020/21;2021-06-26;Demi-finale;Kaizer Chiefs;Extérieur;A. Dari;Tit.;90;;;;0;0
2020/21;2021-06-26;Demi-finale;Kaizer Chiefs;Extérieur;A. El Amloud;Tit.;90;;;;0;0
2020/21;2021-06-26;Demi-finale;Kaizer Chiefs;Extérieur;M. Ounajem;Tit.;89;;;;0;0
2020/21;2021-06-26;Demi-finale;Kaizer Chiefs;Extérieur;A. El Hassouni;Tit.;70;;1.0;;0;0
2020/21;2021-06-26;Demi-finale;Kaizer Chiefs;Extérieur;S. Msuva;Tit.;46;;;;0;0
2020/21;2021-06-26;Demi-finale;Kaizer Chiefs;Extérieur;W. El Karti;Tit.;90;;;;0;0
2020/21;2021-06-26;Demi-finale;Kaizer Chiefs;Extérieur;A. El Kaabi;Tit.;90;;;;0;0
2020/21;2021-06-26;Demi-finale;Kaizer Chiefs;Extérieur;A. Skouma;Remp.;20;;;;0;0
2020/21;2021-06-26;Demi-finale;Kaizer Chiefs;Extérieur;Z. El-Moutaraji;Remp.;1;;;;0;0
2020/21;2021-06-26;Demi-finale;Kaizer Chiefs;Extérieur;M. Ellafi;Remp.;44;;;;0;0
2021/22;2021-10-17;Deuxième tour;Herats of Oak;Extérieur;A. Dari;Tit.;90;;;;0;0
2021/22;2021-10-17;Deuxième tour;Herats of Oak;Extérieur;A. El Amloud;Tit.;90;;;;0;0
2021/22;2021-10-17;Deuxième tour;Herats of Oak;Extérieur;A. El Hassouni;Tit.;84;;1.0;;0;0
2021/22;2021-10-17;Deuxième tour;Herats of Oak;Extérieur;A. R. Tagnaouti;Tit.;90;;;;0;0
2021/22;2021-10-17;Deuxième tour;Herats of Oak;Extérieur;A. Serrhat;Tit.;90;;;;0;0
2021/22;2021-10-17;Deuxième tour;Herats of Oak;Extérieur;C.I. Comara;Tit.;90;;;;0;0
2021/22;2021-10-17;Deuxième tour;Herats of Oak;Extérieur;M. Ellafi;Tit.;84;;;;0;0
2021/22;2021-10-17;Deuxième tour;Herats of Oak;Extérieur;S. Msuva;Tit.;90;;;;0;0
2021/22;2021-10-17;Deuxième tour;Herats of Oak;Extérieur;Y. Attiatallah;Tit.;90;;;;0;0
2021/22;2021-10-17;Deuxième tour;Herats of Oak;Extérieur;Y. Jabrane;Tit.;90;;;;0;0
2021/22;2021-10-17;Deuxième tour;Herats of Oak;Extérieur;Z. El-Moutaraji;Tit.;75;;;;0;0
2021/22;2021-10-17;Deuxième tour;Herats of Oak;Extérieur;A. Skouma;Remp.;6;;;;0;0
2021/22;2021-10-17;Deuxième tour;Herats of Oak;Extérieur;B. Aouk;Remp.;6;;;;0;0
2021/22;2021-10-17;Deuxième tour;Herats of Oak;Extérieur;M. Chrachem;Remp.;15;;;;0;0
2021/22;2021-10-24;Deuxième tour;Herats of Oak;Domicile;C.I. Comara;Tit.;90;;;;0;0
2021/22;2021-10-24;Deuxième tour;Herats of Oak;Domicile;M. Ellafi;Tit.;53;;;;0;0
2021/22;2021-10-24;Deuxième tour;Herats of Oak;Domicile;B. Gadarine;Remp.;37;;;;0;0
2021/22;2021-10-24;Deuxième tour;Herats of Oak;Domicile;A. El Amloud;Tit.;64;;;;0;0
2021/22;2021-10-24;Deuxième tour;Herats of Oak;Domicile;H. Ait Allal;Remp.;26;;;;0;0
2021/22;2021-10-24;Deuxième tour;Herats of Oak;Domicile;M. Chrachem;Tit.;53;;;;0;0
2021/22;2021-10-24;Deuxième tour;Herats of Oak;Domicile;A. Haimoud;Remp.;37;;;;0;0
2021/22;2021-10-24;Deuxième tour;Herats of Oak;Domicile;A. Dari;Tit.;90;1.0;;;0;0
2021/22;2021-10-24;Deuxième tour;Herats of Oak;Domicile;A. R. Tagnaouti;Tit.;90;;;;0;0
2021/22;2021-10-24;Deuxième tour;Herats of Oak;Domicile;Y. Jabrane;Tit.;90;1.0;;;0;0
2021/22;2021-10-24;Deuxième tour;Herats of Oak;Domicile;A. Serrhat;Tit.;90;1.0;;;0;0
2021/22;2021-10-24;Deuxième tour;Herats of Oak;Domicile;A. El Hassouni;Tit.;64;1.0;;;0;0
2021/22;2021-10-24;Deuxième tour;Herats of Oak;Domicile;B. Aouk;Remp.;26;;;;0;0
2021/22;2021-10-24;Deuxième tour;Herats of Oak;Domicile;Y. Attiatallah;Tit.;53;;;;0;0
2021/22;2021-10-24;Deuxième tour;Herats of Oak;Domicile;M. El Ourdi;Remp.;37;;;;0;0
2021/22;2021-10-24;Deuxième tour;Herats of Oak;Domicile;S. Msuva;Tit.;90;2.0;;;0;0
2021/22;2022-02-11;Phase de poules;Sagrada Esperança;Domicile;A. R. Tagnaouti;Tit.;90;;;;0;0
2021/22;2022-02-11;Phase de poules;Sagrada Esperança;Domicile;J. Daoudi;Tit.;90;;;;0;0
2021/22;2022-02-11;Phase de poules;Sagrada Esperança;Domicile;A. Dari;Tit.;90;1.0;;;0;0
2021/22;2022-02-11;Phase de poules;Sagrada Esperança;Domicile;C.I. Comara;Tit.;90;;;;0;0
2021/22;2022-02-11;Phase de poules;Sagrada Esperança;Domicile;Y. Attiatallah;Tit.;90;;;;0;0
2021/22;2022-02-11;Phase de poules;Sagrada Esperança;Domicile;A. El Hassouni;Tit.;82;;;;0;0
2021/22;2022-02-11;Phase de poules;Sagrada Esperança;Domicile;Y. Jabrane;Tit.;90;1.0;1.0;;0;0
2021/22;2022-02-11;Phase de poules;Sagrada Esperança;Domicile;A. Haimoud;Tit.;76;;;;0;0
2021/22;2022-02-11;Phase de poules;Sagrada Esperança;Domicile;R. Jaadi;Tit.;82;;;;0;0
2021/22;2022-02-11;Phase de poules;Sagrada Esperança;Domicile;G. Mbenza;Tit.;76;1.0;;;0;0
2021/22;2022-02-11;Phase de poules;Sagrada Esperança;Domicile;M. Ellafi;Tit.;68;;;;0;0
2021/22;2022-02-11;Phase de poules;Sagrada Esperança;Domicile;A. Serrhat;Remp.;8;;;;0;0
2021/22;2022-02-11;Phase de poules;Sagrada Esperança;Domicile;B. Aouk;Remp.;14;;;;0;0
2021/22;2022-02-11;Phase de poules;Sagrada Esperança;Domicile;S. Benyachou;Remp.;22;;;;0;0
2021/22;2022-02-11;Phase de poules;Sagrada Esperança;Domicile;M. Chrachem;Remp.;8;;;;0;0
2021/22;2022-02-11;Phase de poules;Sagrada Esperança;Domicile;J. Tsoumou;Remp.;14;;1.0;;0;0
2021/22;2022-02-19;Phase de poules;Petro Luanda;Extérieur;A. R. Tagnaouti;Tit.;90;;;;0;0
2021/22;2022-02-19;Phase de poules;Petro Luanda;Extérieur;Y. Attiatallah;Tit.;90;;;;0;0
2021/22;2022-02-19;Phase de poules;Petro Luanda;Extérieur;C.I. Comara;Tit.;46;;;;0;0
2021/22;2022-02-19;Phase de poules;Petro Luanda;Extérieur;A. Dari;Tit.;90;;;;0;0
2021/22;2022-02-19;Phase de poules;Petro Luanda;Extérieur;J. Daoudi;Tit.;90;1.0;1.0;;0;0
2021/22;2022-02-19;Phase de poules;Petro Luanda;Extérieur;Y. Jabrane;Tit.;90;;1.0;;0;0
2021/22;2022-02-19;Phase de poules;Petro Luanda;Extérieur;A. Serrhat;Tit.;74;;;;0;0
2021/22;2022-02-19;Phase de poules;Petro Luanda;Extérieur;R. Jaadi;Tit.;60;;1.0;;0;0
2021/22;2022-02-19;Phase de poules;Petro Luanda;Extérieur;M. Ellafi;Tit.;46;;;;0;0
2021/22;2022-02-19;Phase de poules;Petro Luanda;Extérieur;G. Mbenza;Tit.;90;;;;0;0
2021/22;2022-02-19;Phase de poules;Petro Luanda;Extérieur;S. Benyachou;Tit.;74;;;;0;0
2021/22;2022-02-19;Phase de poules;Petro Luanda;Extérieur;A. El Hassouni;Remp.;44;;;;0;0
2021/22;2022-02-19;Phase de poules;Petro Luanda;Extérieur;A. Farhane;Remp.;44;;1.0;;0;0
2021/22;2022-02-19;Phase de poules;Petro Luanda;Extérieur;H. Ait Allal;Remp.;30;;;;0;0
2021/22;2022-02-19;Phase de poules;Petro Luanda;Extérieur;M. Chrachem;Remp.;16;;;;0;0
2021/22;2022-02-19;Phase de poules;Petro Luanda;Extérieur;J. Tsoumou;Remp.;16;;;;0;0
2021/22;2022-02-26;Phase de poules;Zamalek;Domicile;A. R. Tagnaouti;Tit.;90;;;;0;0
2021/22;2022-02-26;Phase de poules;Zamalek;Domicile;A. El Amloud;Tit.;90;;;;0;0
2021/22;2022-02-26;Phase de poules;Zamalek;Domicile;A. Dari;Tit.;90;;;;0;0
2021/22;2022-02-26;Phase de poules;Zamalek;Domicile;A. Farhane;Tit.;90;1.0;;;0;0
2021/22;2022-02-26;Phase de poules;Zamalek;Domicile;Y. Attiatallah;Tit.;90;;;;0;0
2021/22;2022-02-26;Phase de poules;Zamalek;Domicile;Y. Jabrane;Tit.;90;1.0;;;0;0
2021/22;2022-02-26;Phase de poules;Zamalek;Domicile;J. Daoudi;Tit.;90;;;;0;0
2021/22;2022-02-26;Phase de poules;Zamalek;Domicile;Z. El-Moutaraji;Tit.;68;1.0;;;0;0
2021/22;2022-02-26;Phase de poules;Zamalek;Domicile;A. El Hassouni;Tit.;90;;1.0;;0;0
2021/22;2022-02-26;Phase de poules;Zamalek;Domicile;R. Jaadi;Tit.;89;;;;0;0
2021/22;2022-02-26;Phase de poules;Zamalek;Domicile;G. Mbenza;Tit.;74;;;;0;0
2021/22;2022-02-26;Phase de poules;Zamalek;Domicile;A. Serrhat;Remp.;89;;;;0;0
2021/22;2022-02-26;Phase de poules;Zamalek;Domicile;M. Ellafi;Remp.;22;;;;0;0
2021/22;2022-02-26;Phase de poules;Zamalek;Domicile;J. Tsoumou;Remp.;16;;1.0;;0;0
2021/22;2022-03-11;Phase de poules;Zamalek;Extérieur;A. R. Tagnaouti;Tit.;90;;1.0;;0;0
2021/22;2022-03-11;Phase de poules;Zamalek;Extérieur;Y. Attiatallah;Tit.;90;;;;0;0
2021/22;2022-03-11;Phase de poules;Zamalek;Extérieur;A. Farhane;Tit.;90;;;;0;0
2021/22;2022-03-11;Phase de poules;Zamalek;Extérieur;A. Dari;Tit.;90;;;;0;0
2021/22;2022-03-11;Phase de poules;Zamalek;Extérieur;A. El Amloud;Tit.;90;;;;0;0
2021/22;2022-03-11;Phase de poules;Zamalek;Extérieur;J. Daoudi;Tit.;89;;1.0;;0;0
2021/22;2022-03-11;Phase de poules;Zamalek;Extérieur;Y. Jabrane;Tit.;90;1.0;1.0;;0;0
2021/22;2022-03-11;Phase de poules;Zamalek;Extérieur;R. Jaadi;Tit.;90;;;;0;0
2021/22;2022-03-11;Phase de poules;Zamalek;Extérieur;A. El Hassouni;Tit.;84;;1.0;;0;0
2021/22;2022-03-11;Phase de poules;Zamalek;Extérieur;Z. El-Moutaraji;Tit.;63;;;;0;0
2021/22;2022-03-11;Phase de poules;Zamalek;Extérieur;G. Mbenza;Tit.;63;;;;0;0
2021/22;2022-03-11;Phase de poules;Zamalek;Extérieur;A. Serrhat;Remp.;6;;;;0;0
2021/22;2022-03-11;Phase de poules;Zamalek;Extérieur;M. Rahim;Remp.;1;;;;0;0
2021/22;2022-03-11;Phase de poules;Zamalek;Extérieur;M. Ellafi;Remp.;27;;;;0;0
2021/22;2022-03-11;Phase de poules;Zamalek;Extérieur;J. Tsoumou;Remp.;27;;;;0;0
2021/22;2022-03-19;Phase de poules;Sagrada Esperança;Extérieur;A. R. Tagnaouti;Tit.;90;;;;0;0
2021/22;2022-03-19;Phase de poules;Sagrada Esperança;Extérieur;Y. Attiatallah;Tit.;90;;;;0;0
2021/22;2022-03-19;Phase de poules;Sagrada Esperança;Extérieur;M. Rahim;Tit.;90;;;;0;0
2021/22;2022-03-19;Phase de poules;Sagrada Esperança;Extérieur;A. Dari;Tit.;90;;;;0;0
2021/22;2022-03-19;Phase de poules;Sagrada Esperança;Extérieur;A. El Amloud;Tit.;90;;;;0;0
2021/22;2022-03-19;Phase de poules;Sagrada Esperança;Extérieur;J. Daoudi;Tit.;89;;;;0;0
2021/22;2022-03-19;Phase de poules;Sagrada Esperança;Extérieur;R. Jaadi;Tit.;90;;;;0;0
2021/22;2022-03-19;Phase de poules;Sagrada Esperança;Extérieur;M. Ellafi;Tit.;71;;;;0;0
2021/22;2022-03-19;Phase de poules;Sagrada Esperança;Extérieur;A. Haimoud;Tit.;61;;;;0;0
2021/22;2022-03-19;Phase de poules;Sagrada Esperança;Extérieur;S. Benyachou;Tit.;61;;;;0;0
2021/22;2022-03-19;Phase de poules;Sagrada Esperança;Extérieur;Z. El-Moutaraji;Tit.;89;1.0;;;0;0
2021/22;2022-03-19;Phase de poules;Sagrada Esperança;Extérieur;A. Serrhat;Remp.;1;;;;0;0
2021/22;2022-03-19;Phase de poules;Sagrada Esperança;Extérieur;G. Mbenza;Remp.;29;;;;0;0
2021/22;2022-03-19;Phase de poules;Sagrada Esperança;Extérieur;M. El Ourdi;Remp.;1;;;;0;0
2021/22;2022-03-19;Phase de poules;Sagrada Esperança;Extérieur;M. Chrachem;Remp.;29;;;;0;0
2021/22;2022-03-19;Phase de poules;Sagrada Esperança;Extérieur;J. Tsoumou;Remp.;19;1.0;;;0;0
2021/22;2022-04-02;Phase de poules;Petro Luanda;Domicile;A. R. Tagnaouti;Tit.;90;;;;0;0
2021/22;2022-04-02;Phase de poules;Petro Luanda;Domicile;A. El Amloud;Tit.;77;;;;0;0
2021/22;2022-04-02;Phase de poules;Petro Luanda;Domicile;A. Dari;Tit.;90;1.0;;;0;0
2021/22;2022-04-02;Phase de poules;Petro Luanda;Domicile;M. Rahim;Tit.;90;;1.0;;0;0
2021/22;2022-04-02;Phase de poules;Petro Luanda;Domicile;Y. Attiatallah;Tit.;46;;;;0;0
2021/22;2022-04-02;Phase de poules;Petro Luanda;Domicile;M. Ellafi;Tit.;90;1.0;1.0;;0;0
2021/22;2022-04-02;Phase de poules;Petro Luanda;Domicile;R. Jaadi;Tit.;90;;;;0;0
2021/22;2022-04-02;Phase de poules;Petro Luanda;Domicile;Y. Jabrane;Tit.;90;;;;0;0
2021/22;2022-04-02;Phase de poules;Petro Luanda;Domicile;Z. El-Moutaraji;Tit.;73;1.0;1.0;;0;0
2021/22;2022-04-02;Phase de poules;Petro Luanda;Domicile;A. El Hassouni;Tit.;63;1.0;1.0;;0;0
2021/22;2022-04-02;Phase de poules;Petro Luanda;Domicile;J. Tsoumou;Tit.;63;1.0;;;0;0
2021/22;2022-04-02;Phase de poules;Petro Luanda;Domicile;A. Serrhat;Remp.;13;;;;0;0
2021/22;2022-04-02;Phase de poules;Petro Luanda;Domicile;G. Mbenza;Remp.;27;;;;0;0
2021/22;2022-04-02;Phase de poules;Petro Luanda;Domicile;A. Haimoud;Remp.;27;;;;0;0
2021/22;2022-04-02;Phase de poules;Petro Luanda;Domicile;H. Asrir;Remp.;44;;;;0;0
2021/22;2022-04-02;Phase de poules;Petro Luanda;Domicile;S. Benyachou;Remp.;17;;;;0;0
2021/22;2022-04-16;Quart-finale;CR Belouizdad;Extérieur;A. R. Tagnaouti;Tit.;90;;1.0;;0;0
2021/22;2022-04-16;Quart-finale;CR Belouizdad;Extérieur;Y. Attiatallah;Tit.;90;;;;0;0
2021/22;2022-04-16;Quart-finale;CR Belouizdad;Extérieur;A. Farhane;Tit.;90;;;;0;0
2021/22;2022-04-16;Quart-finale;CR Belouizdad;Extérieur;A. Dari;Tit.;90;;;;0;0
2021/22;2022-04-16;Quart-finale;CR Belouizdad;Extérieur;A. El Amloud;Tit.;90;;;;0;0
2021/22;2022-04-16;Quart-finale;CR Belouizdad;Extérieur;Z. El-Moutaraji;Tit.;62;;;;0;0
2021/22;2022-04-16;Quart-finale;CR Belouizdad;Extérieur;J. Daoudi;Tit.;7;;;1.0;0;0
2021/22;2022-04-16;Quart-finale;CR Belouizdad;Extérieur;Y. Jabrane;Tit.;90;;;;0;0
2021/22;2022-04-16;Quart-finale;CR Belouizdad;Extérieur;M. Ellafi;Tit.;83;;;;0;0
2021/22;2022-04-16;Quart-finale;CR Belouizdad;Extérieur;A. El Hassouni;Tit.;89;;;;0;0
2021/22;2022-04-16;Quart-finale;CR Belouizdad;Extérieur;G. Mbenza;Tit.;62;1.0;;;0;0
2021/22;2022-04-16;Quart-finale;CR Belouizdad;Extérieur;A. Serrhat;Remp.;28;;;;0;0
2021/22;2022-04-16;Quart-finale;CR Belouizdad;Extérieur;H. Asrir;Remp.;1;;;;0;0
2021/22;2022-04-16;Quart-finale;CR Belouizdad;Extérieur;M. Rahim;Remp.;7;;;;0;0
2021/22;2022-04-16;Quart-finale;CR Belouizdad;Extérieur;J. Tsoumou;Remp.;28;;;;0;0
2021/22;2022-04-23;Quart-finale;CR Belouizdad;Domicile;A. R. Tagnaouti;Tit.;90;;;;0;0
2021/22;2022-04-23;Quart-finale;CR Belouizdad;Domicile;A. El Amloud;Tit.;90;;;;0;0
2021/22;2022-04-23;Quart-finale;CR Belouizdad;Domicile;A. Dari;Tit.;90;;;;0;0
2021/22;2022-04-23;Quart-finale;CR Belouizdad;Domicile;A. Farhane;Tit.;90;;1.0;;0;0
2021/22;2022-04-23;Quart-finale;CR Belouizdad;Domicile;Y. Attiatallah;Tit.;90;;;;0;0
2021/22;2022-04-23;Quart-finale;CR Belouizdad;Domicile;A. Serrhat;Tit.;90;;;;0;0
2021/22;2022-04-23;Quart-finale;CR Belouizdad;Domicile;Y. Jabrane;Tit.;90;;;;0;0
2021/22;2022-04-23;Quart-finale;CR Belouizdad;Domicile;M. Ellafi;Tit.;89;;1.0;;0;0
2021/22;2022-04-23;Quart-finale;CR Belouizdad;Domicile;A. El Hassouni;Tit.;89;;;;0;0
2021/22;2022-04-23;Quart-finale;CR Belouizdad;Domicile;Z. El-Moutaraji;Tit.;77;;;;0;0
2021/22;2022-04-23;Quart-finale;CR Belouizdad;Domicile;G. Mbenza;Tit.;77;;;;0;0
2021/22;2022-04-23;Quart-finale;CR Belouizdad;Domicile;H. Asrir;Remp.;1;;;;0;0
2021/22;2022-04-23;Quart-finale;CR Belouizdad;Domicile;M. Rahim;Remp.;1;;;;0;0
2021/22;2022-04-23;Quart-finale;CR Belouizdad;Domicile;S. Benyachou;Remp.;13;;;;0;0
2021/22;2022-04-23;Quart-finale;CR Belouizdad;Domicile;J. Tsoumou;Remp.;13;;;;0;0
2021/22;2022-05-07;Demi-finale;Petro Luanda;Extérieur;A. R. Tagnaouti;Tit.;90;-1.0;;;0;0
2021/22;2022-05-07;Demi-finale;Petro Luanda;Extérieur;Y. Attiatallah;Tit.;90;;;;0;0
2021/22;2022-05-07;Demi-finale;Petro Luanda;Extérieur;A. Farhane;Tit.;90;;;;0;0
2021/22;2022-05-07;Demi-finale;Petro Luanda;Extérieur;A. Dari;Tit.;90;;;;0;0
2021/22;2022-05-07;Demi-finale;Petro Luanda;Extérieur;A. El Amloud;Tit.;90;;;;0;0
2021/22;2022-05-07;Demi-finale;Petro Luanda;Extérieur;Y. Jabrane;Tit.;90;1.0;1.0;;0;0
2021/22;2022-05-07;Demi-finale;Petro Luanda;Extérieur;A. El Hassouni;Tit.;89;;;;0;0
2021/22;2022-05-07;Demi-finale;Petro Luanda;Extérieur;Z. El-Moutaraji;Tit.;78;;;;0;0
2021/22;2022-05-07;Demi-finale;Petro Luanda;Extérieur;A. Haimoud;Tit.;77;;1.0;;0;0
2021/22;2022-05-07;Demi-finale;Petro Luanda;Extérieur;B. Aouk;Tit.;90;;1.0;;0;0
2021/22;2022-05-07;Demi-finale;Petro Luanda;Extérieur;G. Mbenza;Tit.;73;1.0;;;0;0
2021/22;2022-05-07;Demi-finale;Petro Luanda;Extérieur;A. Serrhat;Remp.;12;;;;0;0
2021/22;2022-05-07;Demi-finale;Petro Luanda;Extérieur;M. Rahim;Remp.;1;;1.0;;0;0
2021/22;2022-05-07;Demi-finale;Petro Luanda;Extérieur;S. Benyachou;Remp.;13;;;;0;0
2021/22;2022-05-07;Demi-finale;Petro Luanda;Extérieur;J. Tsoumou;Remp.;17;;;;0;0
2021/22;2022-05-13;Demi-finale;Petro Luanda;Domicile;A. R. Tagnaouti;Tit.;90;;;;0;0
2021/22;2022-05-13;Demi-finale;Petro Luanda;Domicile;A. El Amloud;Tit.;90;;;;0;0
2021/22;2022-05-13;Demi-finale;Petro Luanda;Domicile;A. Dari;Tit.;90;;1.0;;0;0
2021/22;2022-05-13;Demi-finale;Petro Luanda;Domicile;A. Farhane;Tit.;90;1.0;;;0;0
2021/22;2022-05-13;Demi-finale;Petro Luanda;Domicile;Y. Attiatallah;Tit.;90;;1.0;;0;0
2021/22;2022-05-13;Demi-finale;Petro Luanda;Domicile;B. Aouk;Tit.;79;;;;0;0
2021/22;2022-05-13;Demi-finale;Petro Luanda;Domicile;J. Daoudi;Tit.;90;;;;0;0
2021/22;2022-05-13;Demi-finale;Petro Luanda;Domicile;Y. Jabrane;Tit.;89;;1.0;;0;0
2021/22;2022-05-13;Demi-finale;Petro Luanda;Domicile;R. Jaadi;Tit.;89;;1.0;;0;0
2021/22;2022-05-13;Demi-finale;Petro Luanda;Domicile;A. El Hassouni;Tit.;90;;;;0;0
2021/22;2022-05-13;Demi-finale;Petro Luanda;Domicile;G. Mbenza;Tit.;79;;;;0;0
2021/22;2022-05-13;Demi-finale;Petro Luanda;Domicile;A. Serrhat;Remp.;1;;;;0;0
2021/22;2022-05-13;Demi-finale;Petro Luanda;Domicile;A. Haimoud;Remp.;11;;;;0;0
2021/22;2022-05-13;Demi-finale;Petro Luanda;Domicile;S. Benyachou;Remp.;1;;;;0;0
2021/22;2022-05-13;Demi-finale;Petro Luanda;Domicile;J. Tsoumou;Remp.;11;;;;0;0
2021/22;2022-05-30;Finale;Al Ahly;Neutre;A. R. Tagnaouti;Tit.;90;;1.0;;0;0
2021/22;2022-05-30;Finale;Al Ahly;Neutre;Y. Attiatallah;Tit.;90;;;;0;0
2021/22;2022-05-30;Finale;Al Ahly;Neutre;A. Farhane;Tit.;90;;1.0;;0;0
2021/22;2022-05-30;Finale;Al Ahly;Neutre;A. Dari;Tit.;90;;;;0;0
2021/22;2022-05-30;Finale;Al Ahly;Neutre;A. El Amloud;Tit.;90;;;;0;0
2021/22;2022-05-30;Finale;Al Ahly;Neutre;Y. Jabrane;Tit.;90;;;;0;0
2021/22;2022-05-30;Finale;Al Ahly;Neutre;Z. El-Moutaraji;Tit.;83;2.0;;;0;0
2021/22;2022-05-30;Finale;Al Ahly;Neutre;A. El Hassouni;Tit.;89;;;;0;0
2021/22;2022-05-30;Finale;Al Ahly;Neutre;J. Daoudi;Tit.;89;;;;0;0
2021/22;2022-05-30;Finale;Al Ahly;Neutre;R. Jaadi;Tit.;89;;;;0;0
2021/22;2022-05-30;Finale;Al Ahly;Neutre;G. Mbenza;Tit.;84;;;;0;0
2021/22;2022-05-30;Finale;Al Ahly;Neutre;A. Serrhat;Remp.;1;;;;0;0
2021/22;2022-05-30;Finale;Al Ahly;Neutre;A. Haimoud;Remp.;6;;;;0;0
2021/22;2022-05-30;Finale;Al Ahly;Neutre;H. Asrir;Remp.;1;;;;0;0
2021/22;2022-05-30;Finale;Al Ahly;Neutre;B. Aouk;Remp.;1;;;;0;0
2021/22;2022-05-30;Finale;Al Ahly;Neutre;J. Tsoumou;Remp.;7;;;;0;0
2022/23;2022-10-09;Deuxième tour;Rivers United;Extérieur;A. El Amloud;Tit.;90;;;;0;0
2022/23;2022-10-09;Deuxième tour;Rivers United;Extérieur;A. R. Tagnaouti;Tit.;90;;;;0;0
2022/23;2022-10-09;Deuxième tour;Rivers United;Extérieur;A. Zola;Tit.;90;;;;0;0
2022/23;2022-10-09;Deuxième tour;Rivers United;Extérieur;B. Aouk;Tit.;64;;;;0;0
2022/23;2022-10-09;Deuxième tour;Rivers United;Extérieur;B. Sambo;Tit.;64;1.0;;;0;0
2022/23;2022-10-09;Deuxième tour;Rivers United;Extérieur;H. Benayada;Tit.;90;;;;0;0
2022/23;2022-10-09;Deuxième tour;Rivers United;Extérieur;J. Daoudi;Tit.;90;;;;0;0
2022/23;2022-10-09;Deuxième tour;Rivers United;Extérieur;M. Ounajem;Tit.;90;;;;0;0
2022/23;2022-10-09;Deuxième tour;Rivers United;Extérieur;R. Jaadi;Tit.;90;;;;0;0
2022/23;2022-10-09;Deuxième tour;Rivers United;Extérieur;Y. Attiatallah;Tit.;90;;;;0;0
2022/23;2022-10-09;Deuxième tour;Rivers United;Extérieur;Y. Jabrane;Tit.;90;;;;0;0
2022/23;2022-10-09;Deuxième tour;Rivers United;Extérieur;A. El Hassouni;Remp.;26;;1.0;;0;0
2022/23;2022-10-09;Deuxième tour;Rivers United;Extérieur;A. Farhane;Remp.;26;;;;0;0
2022/23;2022-10-16;Deuxième tour;Rivers United;Domicile;A. El Amloud;Tit.;62;1.0;;;0;0
2022/23;2022-10-16;Deuxième tour;Rivers United;Domicile;A. El Hassouni;Tit.;73;;;;0;0
2022/23;2022-10-16;Deuxième tour;Rivers United;Domicile;A. R. Tagnaouti;Tit.;90;;;;0;0
2022/23;2022-10-16;Deuxième tour;Rivers United;Domicile;A. Zola;Tit.;90;;;;0;0
2022/23;2022-10-16;Deuxième tour;Rivers United;Domicile;B. Aouk;Tit.;62;;;;0;0
2022/23;2022-10-16;Deuxième tour;Rivers United;Domicile;B. Sambo;Tit.;62;2.0;;;0;0
2022/23;2022-10-16;Deuxième tour;Rivers United;Domicile;H. Benayada;Tit.;90;;;;0;0
2022/23;2022-10-16;Deuxième tour;Rivers United;Domicile;J. Daoudi;Tit.;12;;;;0;0
2022/23;2022-10-16;Deuxième tour;Rivers United;Domicile;M. Ounajem;Tit.;90;;;;0;0
2022/23;2022-10-16;Deuxième tour;Rivers United;Domicile;Y. Attiatallah;Tit.;90;;;;0;0
2022/23;2022-10-16;Deuxième tour;Rivers United;Domicile;Y. Jabrane;Tit.;90;2.0;;;0;0
2022/23;2022-10-16;Deuxième tour;Rivers United;Domicile;A. Farhane;Remp.;28;;;;0;0
2022/23;2022-10-16;Deuxième tour;Rivers United;Domicile;H. Ahaddad;Remp.;28;1.0;;;0;0
2022/23;2022-10-16;Deuxième tour;Rivers United;Domicile;H. Boussefiane;Remp.;28;;;;0;0
2022/23;2022-10-16;Deuxième tour;Rivers United;Domicile;I. El-Moutaraji;Remp.;17;;;;0;0
2022/23;2022-10-16;Deuxième tour;Rivers United;Domicile;R. Jaadi;Remp.;78;;1.0;;0;0
2011;2011-07-17;Phase de poules;Al Ahly;Extérieur;N. El Myaghri;Tit.;90;0.0;0.0;0.0;0;0
2011;2011-07-17;Phase de poules;Al Ahly;Extérieur;Y. Rabeh;Tit.;90;0.0;1.0;0.0;0;0
2011;2011-07-17;Phase de poules;Al Ahly;Extérieur;H. El Amrani;Tit.;90;0.0;1.0;0.0;0;0
2011;2011-07-17;Phase de poules;Al Ahly;Extérieur;A. El Khaliqi;Tit.;90;0.0;0.0;0.0;0;0
2011;2011-07-17;Phase de poules;Al Ahly;Extérieur;M. Lamssen;Tit.;90;0.0;0.0;0.0;0;0
2011;2011-07-17;Phase de poules;Al Ahly;Extérieur;S. Fettah;Tit.;84;0.0;0.0;0.0;0;0
2011;2011-07-17;Phase de poules;Al Ahly;Extérieur;M. Berrabah;Tit.;90;0.0;0.0;0.0;0;0
2011;2011-07-17;Phase de poules;Al Ahly;Extérieur;A. Ajeddou;Tit.;90;0.0;0.0;0.0;0;0
2011;2011-07-17;Phase de poules;Al Ahly;Extérieur;Y. Lakhal;Tit.;90;0.0;0.0;0.0;0;0
2011;2011-07-17;Phase de poules;Al Ahly;Extérieur;F. Ondama;Tit.;83;1.0;0.0;0.0;0;0
2011;2011-07-17;Phase de poules;Al Ahly;Extérieur;M. Iajour;Tit.;89;2.0;0.0;0.0;0;0
2011;2011-07-17;Phase de poules;Al Ahly;Extérieur;A. Benkejjane;Remp.;1;0.0;0.0;0.0;0;0
2011;2011-07-17;Phase de poules;Al Ahly;Extérieur;P. Angan;Remp.;6;0.0;0.0;0.0;0;0
2011;2011-07-17;Phase de poules;Al Ahly;Extérieur;F. Talhaoui;Remp.;7;0.0;0.0;0.0;0;0
2023/24;2023-11-28;10;FAR;Extérieur;Y. Moutie;Tit.;90;0.0;0.0;0.0;0;0
2023/24;2023-11-28;10;FAR;Extérieur;A. Zola;Tit.;90;0.0;0.0;0.0;0;0
2023/24;2023-11-28;10;FAR;Extérieur;J. Harkass;Tit.;63;0.0;1.0;1.0;0;0
2023/24;2023-11-28;10;FAR;Extérieur;Y. Attiatallah;Tit.;90;0.0;0.0;0.0;0;0
2023/24;2023-11-28;10;FAR;Extérieur;Z. Draoui;Tit.;88;0.0;0.0;0.0;0;0
2023/24;2023-11-28;10;FAR;Extérieur;A. El Amloud;Tit.;90;0.0;0.0;0.0;0;0
2023/24;2023-11-28;10;FAR;Extérieur;S. Ahnache;Tit.;45;0.0;0.0;0.0;0;0
2023/24;2023-11-28;10;FAR;Extérieur;Y. Jabrane;Tit.;90;1.0;0.0;0.0;0;0
2023/24;2023-11-28;10;FAR;Extérieur;M. Lahtimi;Tit.;69;0.0;0.0;0.0;0;0
2023/24;2023-11-28;10;FAR;Extérieur;H. El Houni;Tit.;80;0.0;0.0;0.0;0;0
2023/24;2023-11-28;10;FAR;Extérieur;B. Sambo;Tit.;69;0.0;0.0;0.0;0;0
2023/24;2023-11-28;10;FAR;Extérieur;C. Bahri;Remp.;2;0.0;0.0;0.0;0;0
2023/24;2023-11-28;10;FAR;Extérieur;H. Ragragui;Remp.;10;0.0;0.0;0.0;0;0
2023/24;2023-11-28;10;FAR;Extérieur;A. Serrhat;Remp.;45;0.0;1.0;0.0;0;0
2023/24;2023-11-28;10;FAR;Extérieur;H. Boussefiane;Remp.;21;0.0;0.0;0.0;0;0
2023/24;2023-11-28;10;FAR;Extérieur;S. Bouhra;Remp.;21;0.0;1.0;0.0;0;0
2023/24;2023-12-06;7;MCO;Domicile;Y. Moutie;Tit.;90;0.0;0.0;0.0;0;0
2023/24;2023-12-06;7;MCO;Domicile;Y. Attiatallah;Tit.;90;1.0;0.0;0.0;0;0
2023/24;2023-12-06;7;MCO;Domicile;A. Zola;Tit.;90;0.0;0.0;0.0;0;0
2023/24;2023-12-06;7;MCO;Domicile;A. Aboulfath;Tit.;89;0.0;0.0;0.0;0;0
2023/24;2023-12-06;7;MCO;Domicile;H. Ait Brayem;Tit.;27;0.0;0.0;1.0;0;0
2023/24;2023-12-06;7;MCO;Domicile;Y. Jabrane;Tit.;90;0.0;0.0;0.0;0;0
2023/24;2023-12-06;7;MCO;Domicile;H. Boussefiane;Tit.;81;1.0;0.0;0.0;0;0
2023/24;2023-12-06;7;MCO;Domicile;Z. Draoui;Tit.;90;0.0;1.0;0.0;0;0
2023/24;2023-12-06;7;MCO;Domicile;H. El Houni;Tit.;60;0.0;0.0;0.0;0;0
2023/24;2023-12-06;7;MCO;Domicile;B. Sambo;Tit.;81;1.0;0.0;0.0;0;0
2023/24;2023-12-06;7;MCO;Domicile;M. Lahtimi;Tit.;89;0.0;0.0;0.0;0;0
2023/24;2023-12-06;7;MCO;Domicile;C. Bahri;Remp.;9;0.0;0.0;0.0;0;0
2023/24;2023-12-06;7;MCO;Domicile;H. Ragragui;Remp.;1;0.0;0.0;0.0;0;0
2023/24;2023-12-06;7;MCO;Domicile;S. Ahnache;Remp.;1;0.0;0.0;0.0;0;0
2023/24;2023-12-06;7;MCO;Domicile;S. Bouhra;Remp.;30;0.0;0.0;0.0;0;0
2023/24;2023-12-06;7;MCO;Domicile;O. Mahrouss;Remp.;9;0.0;0.0;0.0;0;0
2023/24;2023-12-12;8;UTS-TOUARGA;Extérieur;Y. Moutie;Tit.;90;0.0;0.0;0.0;0;0
2023/24;2023-12-12;8;UTS-TOUARGA;Extérieur;A. Zola;Tit.;90;0.0;0.0;0.0;0;0
2023/24;2023-12-12;8;UTS-TOUARGA;Extérieur;J. Harkass;Tit.;90;0.0;0.0;0.0;0;0
2023/24;2023-12-12;8;UTS-TOUARGA;Extérieur;A. Serrhat;Tit.;90;0.0;1.0;0.0;0;0
2023/24;2023-12-12;8;UTS-TOUARGA;Extérieur;I. Chetti;Tit.;90;0.0;0.0;0.0;0;0
2023/24;2023-12-12;8;UTS-TOUARGA;Extérieur;A. El Amloud;Tit.;90;1.0;0.0;0.0;0;0
2023/24;2023-12-12;8;UTS-TOUARGA;Extérieur;S. Bouhra;Tit.;82;0.0;0.0;0.0;0;0
2023/24;2023-12-12;8;UTS-TOUARGA;Extérieur;A. Haimoud;Tit.;82;0.0;0.0;0.0;0;0
2023/24;2023-12-12;8;UTS-TOUARGA;Extérieur;S. Ahnache;Tit.;74;0.0;0.0;0.0;0;0
2023/24;2023-12-12;8;UTS-TOUARGA;Extérieur;O. Mahrouss;Tit.;90;0.0;0.0;0.0;0;0
2023/24;2023-12-12;8;UTS-TOUARGA;Extérieur;C. Bahri;Tit.;89;0.0;0.0;0.0;0;0
2023/24;2023-12-12;8;UTS-TOUARGA;Extérieur;A. Aboulfath;Remp.;1;0.0;0.0;0.0;0;0
2023/24;2023-12-12;8;UTS-TOUARGA;Extérieur;Z. El-Moutaraji;Remp.;16;0.0;0.0;0.0;0;0
2023/24;2023-12-12;8;UTS-TOUARGA;Extérieur;B. Sambo;Remp.;8;0.0;0.0;0.0;0;0
2023/24;2023-12-12;8;UTS-TOUARGA;Extérieur;M. Ounajem;Remp.;8;0.0;0.0;0.0;0;0
2023/24;2023-12-23;9;CAYB;Domicile;Y. Moutie;Tit.;90;0.0;0.0;0.0;0;0
2023/24;2023-12-23;9;CAYB;Domicile;Y. Attiatallah;Tit.;89;1.0;0.0;0.0;0;0
2023/24;2023-12-23;9;CAYB;Domicile;I. Chetti;Tit.;90;0.0;0.0;0.0;0;0
2023/24;2023-12-23;9;CAYB;Domicile;A. Aboulfath;Tit.;90;0.0;0.0;0.0;0;0
2023/24;2023-12-23;9;CAYB;Domicile;J. Harkass;Tit.;90;0.0;0.0;0.0;0;0
2023/24;2023-12-23;9;CAYB;Domicile;A. El Amloud;Tit.;90;1.0;0.0;0.0;0;0
2023/24;2023-12-23;9;CAYB;Domicile;Y. Jabrane;Tit.;90;0.0;1.0;0.0;0;0
2023/24;2023-12-23;9;CAYB;Domicile;A. Haimoud;Tit.;78;0.0;0.0;0.0;0;0
2023/24;2023-12-23;9;CAYB;Domicile;Z. Draoui;Tit.;45;0.0;0.0;0.0;0;0
2023/24;2023-12-23;9;CAYB;Domicile;M. Ounajem;Tit.;78;0.0;0.0;0.0;0;0
2023/24;2023-12-23;9;CAYB;Domicile;C. Bahri;Tit.;79;0.0;0.0;0.0;0;0
2023/24;2023-12-23;9;CAYB;Domicile;A. Serrhat;Remp.;12;0.0;0.0;0.0;0;0
2023/24;2023-12-23;9;CAYB;Domicile;H. Boussefiane;Remp.;12;0.0;0.0;0.0;0;0
2023/24;2023-12-23;9;CAYB;Domicile;S. Bouhra;Remp.;45;0.0;1.0;0.0;0;0
2023/24;2023-12-23;9;CAYB;Domicile;B. Sambo;Remp.;11;0.0;0.0;0.0;0;0
2023/24;2023-12-23;9;CAYB;Domicile;O. Mahrouss;Remp.;1;0.0;0.0;0.0;0;0
2023/24;2023-12-26;11;HUSA;Extérieur;Y. Moutie;Tit.;90;0.0;0.0;0.0;0;0
2023/24;2023-12-26;11;HUSA;Extérieur;J. Harkass;Tit.;90;0.0;0.0;0.0;0;0
2023/24;2023-12-26;11;HUSA;Extérieur;A. Aboulfath;Tit.;90;0.0;0.0;0.0;0;0
2023/24;2023-12-26;11;HUSA;Extérieur;I. Chetti;Tit.;90;0.0;0.0;0.0;0;0
2023/24;2023-12-26;11;HUSA;Extérieur;Y. Attiatallah;Tit.;90;0.0;0.0;0.0;0;0
2023/24;2023-12-26;11;HUSA;Extérieur;Z. Draoui;Tit.;89;0.0;0.0;0.0;0;0
2023/24;2023-12-26;11;HUSA;Extérieur;A. Haimoud;Tit.;35;0.0;0.0;0.0;0;0
2023/24;2023-12-26;11;HUSA;Extérieur;Y. Jabrane;Tit.;90;0.0;0.0;0.0;0;0
2023/24;2023-12-26;11;HUSA;Extérieur;A. El Amloud;Tit.;89;0.0;0.0;0.0;0;0
2023/24;2023-12-26;11;HUSA;Extérieur;B. Sambo;Tit.;90;0.0;1.0;0.0;0;0
2023/24;2023-12-26;11;HUSA;Extérieur;M. Ounajem;Tit.;71;0.0;0.0;0.0;0;0
2023/24;2023-12-26;11;HUSA;Extérieur;C. Bahri;Remp.;1;0.0;0.0;0.0;0;0
2023/24;2023-12-26;11;HUSA;Extérieur;A. Serrhat;Remp.;1;0.0;1.0;0.0;0;0
2023/24;2023-12-26;11;HUSA;Extérieur;H. Boussefiane;Remp.;19;0.0;0.0;0.0;0;0
2023/24;2023-12-26;11;HUSA;Extérieur;S. Bouhra;Remp.;55;0.0;0.0;0.0;0;0
2023/24;2023-12-29;13;OCS;Extérieur;Y. Moutie;Tit.;90;0.0;0.0;0.0;0;0
2023/24;2023-12-29;13;OCS;Extérieur;J. Harkass;Tit.;90;0.0;0.0;0.0;0;0
2023/24;2023-12-29;13;OCS;Extérieur;A. Aboulfath;Tit.;90;0.0;1.0;0.0;0;0
2023/24;2023-12-29;13;OCS;Extérieur;H. Ait Brayem;Tit.;45;0.0;0.0;0.0;0;0
2023/24;2023-12-29;13;OCS;Extérieur;I. Chetti;Tit.;58;0.0;0.0;0.0;0;0
2023/24;2023-12-29;13;OCS;Extérieur;Y. Attiatallah;Tit.;90;0.0;0.0;0.0;0;0
2023/24;2023-12-29;13;OCS;Extérieur;S. Bouhra;Tit.;82;0.0;0.0;0.0;0;0
2023/24;2023-12-29;13;OCS;Extérieur;Z. Draoui;Tit.;90;0.0;0.0;0.0;0;0
2023/24;2023-12-29;13;OCS;Extérieur;Y. Jabrane;Tit.;90;0.0;0.0;0.0;0;0
2023/24;2023-12-29;13;OCS;Extérieur;I. El-Moutaraji;Tit.;45;0.0;0.0;0.0;0;0
2023/24;2023-12-29;13;OCS;Extérieur;B. Sambo;Tit.;90;1.0;1.0;0.0;0;0
2023/24;2023-12-29;13;OCS;Extérieur;C. Bahri;Remp.;45;0.0;0.0;0.0;0;0
2023/24;2023-12-29;13;OCS;Extérieur;H. Boussefiane;Remp.;8;0.0;0.0;0.0;0;0
2023/24;2023-12-29;13;OCS;Extérieur;M. Ounajem;Remp.;45;0.0;0.0;0.0;0;0
2023/24;2023-12-29;13;OCS;Extérieur;O. Mahrouss;Remp.;38;0.0;1.0;0.0;0;0
2023/24;2024-01-03;14;RCA;Domicile;Y. Moutie;Tit.;90;0.0;0.0;0.0;0;0
2023/24;2024-01-03;14;RCA;Domicile;H. Ait Brayem;Tit.;80;0.0;1.0;0.0;0;0
2023/24;2024-01-03;14;RCA;Domicile;A. Aboulfath;Tit.;90;0.0;1.0;0.0;0;0
2023/24;2024-01-03;14;RCA;Domicile;J. Harkass;Tit.;90;0.0;0.0;0.0;0;0
2023/24;2024-01-03;14;RCA;Domicile;A. Zola;Tit.;87;0.0;0.0;0.0;0;0
2023/24;2024-01-03;14;RCA;Domicile;Y. Jabrane;Tit.;90;0.0;0.0;0.0;0;0
2023/24;2024-01-03;14;RCA;Domicile;A. Haimoud;Tit.;80;0.0;0.0;0.0;0;0
2023/24;2024-01-03;14;RCA;Domicile;H. Boussefiane;Tit.;70;0.0;0.0;0.0;0;0
2023/24;2024-01-03;14;RCA;Domicile;Z. Draoui;Tit.;90;0.0;0.0;0.0;0;0
2023/24;2024-01-03;14;RCA;Domicile;S. Bouhra;Tit.;80;0.0;0.0;0.0;0;0
2023/24;2024-01-03;14;RCA;Domicile;B. Sambo;Tit.;90;0.0;0.0;0.0;0;0
2023/24;2024-01-03;14;RCA;Domicile;C. Bahri;Remp.;10;0.0;0.0;0.0;0;0
2023/24;2024-01-03;14;RCA;Domicile;M. Lahtimi;Remp.;10;0.0;0.0;0.0;0;0
2023/24;2024-01-03;14;RCA;Domicile;A. Serrhat;Remp.;3;0.0;0.0;0.0;0;0
2023/24;2024-01-03;14;RCA;Domicile;M. Ounajem;Remp.;20;0.0;0.0;0.0;0;0
2023/24;2024-01-03;14;RCA;Domicile;H. El Houni;Remp.;10;0.0;0.0;0.0;0;0
2023/24;2024-01-07;15;MAT;Extérieur;Y. Moutie;Tit.;90;0.0;0.0;0.0;0;0
2023/24;2024-01-07;15;MAT;Extérieur;J. Harkass;Tit.;90;0.0;0.0;0.0;0;0
2023/24;2024-01-07;15;MAT;Extérieur;A. Aboulfath;Tit.;90;0.0;0.0;0.0;0;0
2023/24;2024-01-07;15;MAT;Extérieur;A. Serrhat;Tit.;90;0.0;1.0;0.0;0;0
2023/24;2024-01-07;15;MAT;Extérieur;H. Ait Brayem;Tit.;90;0.0;0.0;0.0;0;0
2023/24;2024-01-07;15;MAT;Extérieur;S. Bouhra;Tit.;90;0.0;0.0;0.0;0;0
2023/24;2024-01-07;15;MAT;Extérieur;Z. Draoui;Tit.;90;0.0;0.0;0.0;0;0
2023/24;2024-01-07;15;MAT;Extérieur;A. Haimoud;Tit.;90;0.0;1.0;0.0;0;0
2023/24;2024-01-07;15;MAT;Extérieur;Y. Jabrane;Tit.;90;0.0;0.0;0.0;0;0
2023/24;2024-01-07;15;MAT;Extérieur;B. Sambo;Tit.;90;0.0;0.0;0.0;0;0
2023/24;2024-01-07;15;MAT;Extérieur;M. Ounajem;Tit.;90;0.0;0.0;0.0;0;0
2023/24;2024-01-07;15;MAT;Extérieur;C. Bahri;Remp.;20;0.0;0.0;0.0;0;0
2023/24;2024-01-07;15;MAT;Extérieur;M. Lahtimi;Remp.;20;0.0;0.0;0.0;0;0
2023/24;2024-01-07;15;MAT;Extérieur;H. El Houni;Tit.;20;0.0;0.0;0.0;0;0
2023/24;2024-01-11;12;MAS;Domicile;Y. Moutie;Tit.;90;0.0;0.0;0.0;0;0
2023/24;2024-01-11;12;MAS;Domicile;I. Chetti;Tit.;10;0.0;0.0;0.0;0;0
2023/24;2024-01-11;12;MAS;Domicile;A. Serrhat;Tit.;90;0.0;1.0;0.0;0;0
2023/24;2024-01-11;12;MAS;Domicile;A. Aboulfath;Tit.;62;1.0;1.0;1.0;0;0
2023/24;2024-01-11;12;MAS;Domicile;J. Harkass;Tit.;90;0.0;0.0;0.0;0;0
2023/24;2024-01-11;12;MAS;Domicile;Y. Jabrane;Tit.;90;0.0;0.0;0.0;0;0
2023/24;2024-01-11;12;MAS;Domicile;Z. Draoui;Tit.;90;0.0;1.0;0.0;0;0
2023/24;2024-01-11;12;MAS;Domicile;M. Ounajem;Tit.;84;0.0;0.0;0.0;0;0
2023/24;2024-01-11;12;MAS;Domicile;H. El Houni;Tit.;90;0.0;0.0;0.0;0;0
2023/24;2024-01-11;12;MAS;Domicile;B. Sambo;Tit.;71;0.0;1.0;0.0;0;0
2023/24;2024-01-11;12;MAS;Domicile;M. Lahtimi;Tit.;90;0.0;0.0;0.0;0;0
2023/24;2024-01-11;12;MAS;Domicile;A. Farhane;Remp.;19;0.0;0.0;0.0;0;0
2023/24;2024-01-11;12;MAS;Domicile;H. Ait Brayem;Remp.;80;0.0;0.0;0.0;0;0
2023/24;2024-01-11;12;MAS;Domicile;S. Bouhra;Remp.;6;0.0;0.0;0.0;0;0
2023/24;2024-02-07;16;FUS;Extérieur;Y. Moutie;Tit.;90;0.0;1.0;0.0;0;0
2023/24;2024-02-07;16;FUS;Extérieur;B. Gadarine;Tit.;90;1.0;1.0;0.0;0;0
2023/24;2024-02-07;16;FUS;Extérieur;A. Farhane;Tit.;48;0.0;0.0;0.0;0;0
2023/24;2024-02-07;16;FUS;Extérieur;J. Harkass;Tit.;90;0.0;0.0;0.0;0;0
2023/24;2024-02-07;16;FUS;Extérieur;A. Serrhat;Tit.;87;0.0;0.0;0.0;0;0
2023/24;2024-02-07;16;FUS;Extérieur;M. Lahtimi;Tit.;90;0.0;0.0;0.0;0;0
2023/24;2024-02-07;16;FUS;Extérieur;A. Oguns;Tit.;45;0.0;0.0;0.0;0;0
2023/24;2024-02-07;16;FUS;Extérieur;H. El Houni;Tit.;90;0.0;0.0;0.0;0;0
2023/24;2024-02-07;16;FUS;Extérieur;M. Ounajem;Tit.;68;0.0;1.0;0.0;0;0
2023/24;2024-02-07;16;FUS;Extérieur;Y. Jabrane;Tit.;90;0.0;0.0;0.0;0;0
2023/24;2024-02-07;16;FUS;Extérieur;A. El Amloud;Tit.;90;0.0;0.0;0.0;0;0
2023/24;2024-02-07;16;FUS;Extérieur;A. Haimoud;Remp.;3;0.0;0.0;0.0;0;0
2023/24;2024-02-07;16;FUS;Extérieur;O. Zemraoui;Remp.;45;0.0;0.0;0.0;0;0
2023/24;2024-02-07;16;FUS;Extérieur;A. Bouchta;Remp.;42;0.0;0.0;0.0;0;0
2023/24;2024-02-07;16;FUS;Extérieur;S. Bouhra;Remp.;22;0.0;0.0;0.0;0;0
2023/24;2024-02-14;18;JSS;Extérieur;Y. Moutie;Tit.;90;0.0;0.0;0.0;0;0
2023/24;2024-02-14;18;JSS;Extérieur;J. Harkass;Tit.;72;0.0;0.0;0.0;0;0
2023/24;2024-02-14;18;JSS;Extérieur;B. Gadarine;Tit.;90;0.0;0.0;0.0;0;0
2023/24;2024-02-14;18;JSS;Extérieur;Z. Draoui;Tit.;90;1.0;0.0;0.0;0;0
2023/24;2024-02-14;18;JSS;Extérieur;A. Haimoud;Tit.;71;0.0;0.0;0.0;0;0
2023/24;2024-02-14;18;JSS;Extérieur;Y. Jabrane;Tit.;90;0.0;0.0;0.0;0;0
2023/24;2024-02-14;18;JSS;Extérieur;A. El Amloud;Tit.;90;0.0;0.0;0.0;0;0
2023/24;2024-02-14;18;JSS;Extérieur;A. Sidi Bouna;Tit.;90;0.0;0.0;0.0;0;0
2023/24;2024-02-14;18;JSS;Extérieur;H. El Houni;Tit.;90;0.0;1.0;0.0;0;0
2023/24;2024-02-14;18;JSS;Extérieur;A. Oguns;Tit.;90;0.0;0.0;0.0;0;0
2023/24;2024-02-14;18;JSS;Extérieur;M. Lahtimi;Tit.;45;0.0;1.0;0.0;0;0
2023/24;2024-02-14;18;JSS;Extérieur;A. Farhane;Remp.;18;0.0;0.0;0.0;0;0
2023/24;2024-02-14;18;JSS;Extérieur;I. Haddad;Remp.;19;0.0;0.0;0.0;0;0
2023/24;2024-02-14;18;JSS;Extérieur;A. Serrhat;Remp.;19;0.0;0.0;0.0;0;0
2023/24;2024-02-14;18;JSS;Extérieur;S. Bouhra;Tit.;45;0.0;0.0;0.0;0;0
2023/24;2024-02-11;17;SCCM;Domicile;Y. Moutie;Tit.;90;0.0;0.0;0.0;0;0
2023/24;2024-02-11;17;SCCM;Domicile;I. Chetti;Tit.;73;0.0;1.0;0.0;0;0
2023/24;2024-02-11;17;SCCM;Domicile;A. Aboulfath;Tit.;90;0.0;0.0;0.0;0;0
2023/24;2024-02-11;17;SCCM;Domicile;J. Harkass;Tit.;90;0.0;0.0;0.0;0;0
2023/24;2024-02-11;17;SCCM;Domicile;A. El Amloud;Tit.;90;1.0;0.0;0.0;0;0
2023/24;2024-02-11;17;SCCM;Domicile;Y. Jabrane;Tit.;90;0.0;0.0;0.0;0;0
2023/24;2024-02-11;17;SCCM;Domicile;A. Haimoud;Tit.;67;0.0;0.0;0.0;0;0
2023/24;2024-02-11;17;SCCM;Domicile;M. Lahtimi;Tit.;84;0.0;0.0;0.0;0;0
2023/24;2024-02-11;17;SCCM;Domicile;A. Oguns;Tit.;67;2.0;1.0;0.0;0;0
2023/24;2024-02-11;17;SCCM;Domicile;H. El Houni;Tit.;84;0.0;0.0;0.0;0;0
2023/24;2024-02-11;17;SCCM;Domicile;A. Sidi Bouna;Tit.;90;2.0;0.0;0.0;0;0
2023/24;2024-02-11;17;SCCM;Domicile;I. Haddad;Remp.;23;0.0;0.0;0.0;0;0
2023/24;2024-02-11;17;SCCM;Domicile;O. Zemraoui;Remp.;6;0.0;0.0;0.0;0;0
2023/24;2024-02-11;17;SCCM;Domicile;Z. Draoui;Remp.;23;0.0;0.0;0.0;0;0
2023/24;2024-02-11;17;SCCM;Domicile;A. Serrhat;Remp.;17;0.0;0.0;0.0;0;0
2023/24;2024-02-11;17;SCCM;Domicile;S. Bouhra;Remp.;6;0.0;0.0;0.0;0;0
2023/24;2024-02-17;19;RSB;Domicile;Y. Moutie;Tit.;90;0.0;0.0;0.0;0;0
2023/24;2024-02-17;19;RSB;Domicile;A. Aboulfath;Tit.;90;0.0;0.0;0.0;0;0
2023/24;2024-02-17;19;RSB;Domicile;A. Farhane;Tit.;90;0.0;1.0;0.0;0;0
2023/24;2024-02-17;19;RSB;Domicile;B. Gadarine;Tit.;90;0.0;0.0;0.0;0;0
2023/24;2024-02-17;19;RSB;Domicile;A. El Amloud;Tit.;90;0.0;0.0;0.0;0;0
2023/24;2024-02-17;19;RSB;Domicile;Y. Jabrane;Tit.;90;0.0;0.0;0.0;0;0
2023/24;2024-02-17;19;RSB;Domicile;Z. Draoui;Tit.;90;0.0;0.0;0.0;0;0
2023/24;2024-02-17;19;RSB;Domicile;S. Bouhra;Tit.;82;0.0;0.0;0.0;0;0
2023/24;2024-02-17;19;RSB;Domicile;M. Lahtimi;Tit.;68;0.0;0.0;0.0;0;0
2023/24;2024-02-17;19;RSB;Domicile;A. Oguns;Tit.;89;1.0;0.0;0.0;0;0
2023/24;2024-02-17;19;RSB;Domicile;A. Sidi Bouna;Tit.;90;0.0;1.0;0.0;0;0
2023/24;2024-02-17;19;RSB;Domicile;I. Haddad;Remp.;22;0.0;1.0;0.0;0;0
2023/24;2024-02-17;19;RSB;Domicile;A. Serrhat;Remp.;1;0.0;0.0;0.0;0;0
2023/24;2024-02-17;19;RSB;Domicile;M. Ounajem;Remp.;8;0.0;0.0;0.0;0;0
2023/24;2024-03-05;20;RCAZ;Extérieur;M. Maftah;Tit.;90;0.0;0.0;0.0;0;0
2023/24;2024-03-05;20;RCAZ;Extérieur;B. Gadarine;Tit.;90;0.0;0.0;0.0;0;0
2023/24;2024-03-05;20;RCAZ;Extérieur;A. Farhane;Tit.;90;0.0;1.0;0.0;0;0
2023/24;2024-03-05;20;RCAZ;Extérieur;A. Aboulfath;Tit.;90;0.0;0.0;0.0;0;0
2023/24;2024-03-05;20;RCAZ;Extérieur;S. Bouhra;Tit.;83;0.0;0.0;0.0;0;0
2023/24;2024-03-05;20;RCAZ;Extérieur;Z. Draoui;Tit.;90;0.0;0.0;0.0;0;0
2023/24;2024-03-05;20;RCAZ;Extérieur;Y. Jabrane;Tit.;90;0.0;1.0;0.0;0;0
2023/24;2024-03-05;20;RCAZ;Extérieur;A. El Amloud;Tit.;90;0.0;0.0;0.0;0;0
2023/24;2024-03-05;20;RCAZ;Extérieur;A. Sidi Bouna;Tit.;90;0.0;0.0;0.0;0;0
2023/24;2024-03-05;20;RCAZ;Extérieur;I. Haddad;Tit.;73;0.0;0.0;0.0;0;0
2023/24;2024-03-05;20;RCAZ;Extérieur;A. Oguns;Tit.;83;0.0;0.0;0.0;0;0
2023/24;2024-03-05;20;RCAZ;Extérieur;J. Harkass;Remp.;7;0.0;0.0;0.0;0;0
2023/24;2024-03-05;20;RCAZ;Extérieur;M. Ounajem;Remp.;17;0.0;0.0;0.0;0;0
2023/24;2024-03-05;20;RCAZ;Extérieur;H. El Houni;Remp.;7;0.0;0.0;0.0;0;0
2023/24;2024-03-09;23;UTS-TOUARGA;Domicile;Y. Moutie;Tit.;90;0.0;0.0;0.0;0;0
2023/24;2024-03-09;23;UTS-TOUARGA;Domicile;I. Chetti;Tit.;90;0.0;0.0;0.0;0;0
2023/24;2024-03-09;23;UTS-TOUARGA;Domicile;A. Serrhat;Tit.;5;0.0;0.0;1.0;0;0
2023/24;2024-03-09;23;UTS-TOUARGA;Domicile;A. Aboulfath;Tit.;90;0.0;0.0;0.0;0;0
2023/24;2024-03-09;23;UTS-TOUARGA;Domicile;J. Harkass;Tit.;90;0.0;0.0;0.0;0;0
2023/24;2024-03-09;23;UTS-TOUARGA;Domicile;A. El Amloud;Tit.;90;0.0;0.0;0.0;0;0
2023/24;2024-03-09;23;UTS-TOUARGA;Domicile;S. Bouhra;Tit.;69;0.0;0.0;0.0;0;0
2023/24;2024-03-09;23;UTS-TOUARGA;Domicile;M. Lahtimi;Tit.;90;0.0;0.0;0.0;0;0
2023/24;2024-03-09;23;UTS-TOUARGA;Domicile;A. Oguns;Tit.;18;0.0;0.0;0.0;0;0
2023/24;2024-03-09;23;UTS-TOUARGA;Domicile;I. Haddad;Tit.;69;0.0;0.0;0.0;0;0
2023/24;2024-03-09;23;UTS-TOUARGA;Domicile;A. Sidi Bouna;Tit.;90;0.0;0.0;0.0;0;0
2023/24;2024-03-09;23;UTS-TOUARGA;Domicile;Z. Draoui;Remp.;72;0.0;0.0;0.0;0;0
2023/24;2024-03-09;23;UTS-TOUARGA;Domicile;M. Ounajem;Remp.;21;0.0;0.0;0.0;0;0
2023/24;2024-03-09;23;UTS-TOUARGA;Domicile;H. El Houni;Tit.;21;0.0;0.0;0.0;0;0
2023/24;2024-03-12;21;IRT;Domicile;Y. Moutie;Tit.;90;0.0;0.0;0.0;0;0
2023/24;2024-03-12;21;IRT;Domicile;I. Chetti;Tit.;90;0.0;1.0;0.0;0;0
2023/24;2024-03-12;21;IRT;Domicile;A. Aboulfath;Tit.;45;0.0;0.0;0.0;0;0
2023/24;2024-03-12;21;IRT;Domicile;J. Harkass;Tit.;90;0.0;0.0;0.0;0;0
2023/24;2024-03-12;21;IRT;Domicile;A. El Amloud;Tit.;84;0.0;0.0;0.0;0;0
2023/24;2024-03-12;21;IRT;Domicile;Y. Jabrane;Tit.;90;0.0;0.0;0.0;0;0
2023/24;2024-03-12;21;IRT;Domicile;M. Lahtimi;Tit.;77;0.0;0.0;0.0;0;0
2023/24;2024-03-12;21;IRT;Domicile;A. Oguns;Tit.;90;0.0;0.0;0.0;0;0
2023/24;2024-03-12;21;IRT;Domicile;I. Haddad;Tit.;77;0.0;0.0;0.0;0;0
2023/24;2024-03-12;21;IRT;Domicile;H. El Houni;Tit.;45;0.0;0.0;0.0;0;0
2023/24;2024-03-12;21;IRT;Domicile;A. Sidi Bouna;Tit.;90;0.0;0.0;0.0;0;0
2023/24;2024-03-12;21;IRT;Domicile;A. Farhane;Remp.;45;0.0;0.0;0.0;0;0
2023/24;2024-03-12;21;IRT;Domicile;B. Gadarine;Remp.;6;0.0;0.0;0.0;0;0
2023/24;2024-03-12;21;IRT;Domicile;Z. Draoui;Remp.;45;0.0;0.0;0.0;0;0
2023/24;2024-03-12;21;IRT;Domicile;S. Bouhra;Remp.;13;0.0;1.0;0.0;0;0
2023/24;2024-03-12;21;IRT;Domicile;M. Ounajem;Remp.;13;0.0;0.0;0.0;0;0
2023/24;2024-03-17;24;CAYB;Extérieur;Y. Moutie;Tit.;90;0.0;0.0;0.0;0;0
2023/24;2024-03-17;24;CAYB;Extérieur;A. Farhane;Tit.;89;0.0;0.0;0.0;0;0
2023/24;2024-03-17;24;CAYB;Extérieur;J. Harkass;Tit.;90;0.0;0.0;0.0;0;0
2023/24;2024-03-17;24;CAYB;Extérieur;A. Serrhat;Tit.;89;0.0;0.0;0.0;0;0
2023/24;2024-03-17;24;CAYB;Extérieur;I. Chetti;Tit.;90;0.0;0.0;0.0;0;0
2023/24;2024-03-17;24;CAYB;Extérieur;Z. Draoui;Tit.;90;0.0;0.0;0.0;0;0
2023/24;2024-03-17;24;CAYB;Extérieur;A. El Amloud;Tit.;90;0.0;0.0;0.0;0;0
2023/24;2024-03-17;24;CAYB;Extérieur;A. Oguns;Tit.;84;0.0;0.0;0.0;0;0
2023/24;2024-03-17;24;CAYB;Extérieur;I. Haddad;Tit.;90;0.0;0.0;0.0;0;0
2023/24;2024-03-17;24;CAYB;Extérieur;A. Sidi Bouna;Tit.;90;0.0;0.0;0.0;0;0
2023/24;2024-03-17;24;CAYB;Extérieur;M. Ounajem;Tit.;68;0.0;0.0;0.0;0;0
2023/24;2024-03-17;24;CAYB;Extérieur;A. Haimoud;Remp.;6;0.0;1.0;0.0;0;0
2023/24;2024-03-17;24;CAYB;Extérieur;B. Gadarine;Remp.;1;0.0;0.0;0.0;0;0
2023/24;2024-03-17;24;CAYB;Extérieur;O. Zemraoui;Remp.;22;0.0;0.0;0.0;0;0
2023/24;2024-03-17;24;CAYB;Extérieur;O. Mahrouss;Remp.;89;0.0;0.0;0.0;0;0
2023/24;2024-03-21;22;MCO;Extérieur;Y. Moutie;Tit.;90;0.0;0.0;0.0;0;0
2023/24;2024-03-21;22;MCO;Extérieur;B. Gadarine;Tit.;90;0.0;0.0;0.0;0;0
2023/24;2024-03-21;22;MCO;Extérieur;J. Harkass;Tit.;90;0.0;1.0;0.0;0;0
2023/24;2024-03-21;22;MCO;Extérieur;A. Serrhat;Tit.;90;0.0;0.0;0.0;0;0
2023/24;2024-03-21;22;MCO;Extérieur;I. Chetti;Tit.;88;1.0;1.0;0.0;0;0
2023/24;2024-03-21;22;MCO;Extérieur;S. Bouhra;Tit.;89;0.0;0.0;0.0;0;0
2023/24;2024-03-21;22;MCO;Extérieur;Z. Draoui;Tit.;90;0.0;0.0;0.0;0;0
2023/24;2024-03-21;22;MCO;Extérieur;A. Haimoud;Tit.;84;0.0;1.0;0.0;0;0
2023/24;2024-03-21;22;MCO;Extérieur;A. El Amloud;Tit.;90;0.0;0.0;0.0;0;0
2023/24;2024-03-21;22;MCO;Extérieur;I. Haddad;Tit.;84;0.0;0.0;0.0;0;0
2023/24;2024-03-21;22;MCO;Extérieur;A. Oguns;Tit.;89;2.0;0.0;0.0;0;0
2023/24;2024-03-21;22;MCO;Extérieur;A. Farhane;Remp.;1;0.0;0.0;0.0;0;0
2023/24;2024-03-21;22;MCO;Extérieur;A. Bouchta;Remp.;1;0.0;1.0;0.0;0;0
2023/24;2024-03-21;22;MCO;Extérieur;M. Ounajem;Remp.;6;0.0;0.0;0.0;0;0
2023/24;2024-03-21;22;MCO;Extérieur;O. Mahrouss;Remp.;6;0.0;0.0;0.0;0;0
2023/24;2024-04-13;25;FAR;Domicile;Y. Moutie;Tit.;90;0.0;0.0;0.0;0;0
2023/24;2024-04-13;25;FAR;Domicile;I. Chetti;Tit.;62;0.0;0.0;0.0;0;0
2023/24;2024-04-13;25;FAR;Domicile;A. Serrhat;Tit.;90;0.0;0.0;0.0;0;0
2023/24;2024-04-13;25;FAR;Domicile;J. Harkass;Tit.;90;0.0;0.0;0.0;0;0
2023/24;2024-04-13;25;FAR;Domicile;A. Farhane;Tit.;90;0.0;1.0;0.0;0;0
2023/24;2024-04-13;25;FAR;Domicile;A. El Amloud;Tit.;90;0.0;0.0;0.0;0;0
2023/24;2024-04-13;25;FAR;Domicile;Z. Draoui;Tit.;90;0.0;0.0;0.0;0;0
2023/24;2024-04-13;25;FAR;Domicile;S. Bouhra;Tit.;90;0.0;0.0;0.0;0;0
2023/24;2024-04-13;25;FAR;Domicile;M. Ounajem;Tit.;62;0.0;0.0;0.0;0;0
2023/24;2024-04-13;25;FAR;Domicile;A. Sidi Bouna;Tit.;45;0.0;0.0;0.0;0;0
2023/24;2024-04-13;25;FAR;Domicile;A. Oguns;Tit.;75;0.0;0.0;0.0;0;0
2023/24;2024-04-13;25;FAR;Domicile;B. Gadarine;Remp.;28;0.0;0.0;0.0;0;0
2023/24;2024-04-13;25;FAR;Domicile;I. Haddad;Remp.;28;0.0;0.0;0.0;0;0
2023/24;2024-04-13;25;FAR;Domicile;M. Lahtimi;Remp.;2;0.0;0.0;0.0;0;0
2023/24;2024-04-13;25;FAR;Domicile;M. El Habach;Remp.;15;0.0;0.0;0.0;0;0
2023/24;2024-04-13;25;FAR;Domicile;I. Khenouss;Remp.;45;0.0;0.0;0.0;0;0
2023/24;2024-04-20;26;HUSA;Domicile;Y. Moutie;Tit.;90;0.0;0.0;0.0;0;0
2023/24;2024-04-20;26;HUSA;Domicile;A. Bouchta;Tit.;90;0.0;0.0;0.0;0;0
2023/24;2024-04-20;26;HUSA;Domicile;I. Gazaoui;Tit.;90;0.0;0.0;0.0;0;0
2023/24;2024-04-20;26;HUSA;Domicile;A. Serrhat;Tit.;90;0.0;0.0;0.0;0;0
2023/24;2024-04-20;26;HUSA;Domicile;J. Harkass;Tit.;90;0.0;0.0;0.0;0;0
2023/24;2024-04-20;26;HUSA;Domicile;B. Gadarine;Tit.;90;0.0;0.0;0.0;0;0
2023/24;2024-04-20;26;HUSA;Domicile;S. Bouhra;Tit.;89;0.0;0.0;0.0;0;0
2023/24;2024-04-20;26;HUSA;Domicile;Z. Draoui;Tit.;90;0.0;0.0;0.0;0;0
2023/24;2024-04-20;26;HUSA;Domicile;M. Lahtimi;Tit.;45;0.0;0.0;0.0;0;0
2023/24;2024-04-20;26;HUSA;Domicile;A. Oguns;Tit.;74;0.0;0.0;0.0;0;0
2023/24;2024-04-20;26;HUSA;Domicile;I. Haddad;Tit.;85;1.0;0.0;0.0;0;0
2023/24;2024-04-20;26;HUSA;Domicile;A. Aboulfath;Remp.;5;0.0;0.0;0.0;0;0
2023/24;2024-04-20;26;HUSA;Domicile;A. Haimoud;Remp.;45;0.0;0.0;0.0;0;0
2023/24;2024-04-20;26;HUSA;Domicile;M. El Habach;Remp.;16;0.0;0.0;0.0;0;0
2023/24;2024-04-20;26;HUSA;Domicile;M. Ounajem;Remp.;1;0.0;0.0;0.0;0;0
2023/24;2024-04-28;27;MAS;Extérieur;Y. Moutie;Tit.;90;0.0;1.0;0.0;0;0
2023/24;2024-04-28;27;MAS;Extérieur;B. Gadarine;Tit.;90;0.0;0.0;0.0;0;0
2023/24;2024-04-28;27;MAS;Extérieur;J. Harkass;Tit.;90;0.0;0.0;0.0;0;0
2023/24;2024-04-28;27;MAS;Extérieur;A. Serrhat;Tit.;90;0.0;0.0;0.0;0;0
2023/24;2024-04-28;27;MAS;Extérieur;I. Gazaoui;Tit.;90;0.0;0.0;0.0;0;0
2023/24;2024-04-28;27;MAS;Extérieur;A. Bouchta;Tit.;90;0.0;0.0;0.0;0;0
2023/24;2024-04-28;27;MAS;Extérieur;S. Bouhra;Tit.;89;0.0;0.0;0.0;0;0
2023/24;2024-04-28;27;MAS;Extérieur;Z. Draoui;Tit.;90;0.0;0.0;0.0;0;0
2023/24;2024-04-28;27;MAS;Extérieur;A. Sidi Bouna;Tit.;76;1.0;0.0;0.0;0;0
2023/24;2024-04-28;27;MAS;Extérieur;A. Oguns;Tit.;89;0.0;0.0;0.0;0;0
2023/24;2024-04-28;27;MAS;Extérieur;M. Lahtimi;Tit.;59;0.0;0.0;0.0;0;0
2023/24;2024-04-28;27;MAS;Extérieur;A. Aboulfath;Remp.;1;0.0;0.0;0.0;0;0
2023/24;2024-04-28;27;MAS;Extérieur;M. El Habach;Remp.;1;0.0;0.0;0.0;0;0
2023/24;2024-04-28;27;MAS;Extérieur;M. Ounajem;Remp.;31;0.0;0.0;0.0;0;0
2023/24;2024-04-28;27;MAS;Extérieur;O. Mahrouss;Remp.;14;0.0;0.0;0.0;0;0
2023/24;2024-05-28;28;OCS;Domicile;Y. Moutie;Tit.;90;0.0;0.0;0.0;0;0
2023/24;2024-05-28;28;OCS;Domicile;A. Bouchta;Tit.;90;0.0;0.0;0.0;0;0
2023/24;2024-05-28;28;OCS;Domicile;A. Serrhat;Tit.;90;0.0;0.0;0.0;0;0
2023/24;2024-05-28;28;OCS;Domicile;A. Aboulfath;Tit.;90;0.0;0.0;0.0;0;0
2023/24;2024-05-28;28;OCS;Domicile;J. Harkass;Tit.;90;0.0;0.0;0.0;0;0
2023/24;2024-05-28;28;OCS;Domicile;A. El Amloud;Tit.;80;0.0;0.0;0.0;0;0
2023/24;2024-05-28;28;OCS;Domicile;Z. Draoui;Tit.;60;0.0;0.0;0.0;0;0
2023/24;2024-05-28;28;OCS;Domicile;S. Bouhra;Tit.;90;0.0;0.0;0.0;0;0
2023/24;2024-05-28;28;OCS;Domicile;M. El Habach;Tit.;60;0.0;0.0;0.0;0;0
2023/24;2024-05-28;28;OCS;Domicile;H. El Houni;Tit.;45;0.0;0.0;0.0;0;0
2023/24;2024-05-28;28;OCS;Domicile;M. Lahtimi;Tit.;74;0.0;0.0;0.0;0;0
2023/24;2024-05-28;28;OCS;Domicile;I. Gazaoui;Remp.;10;0.0;0.0;0.0;0;0
2023/24;2024-05-28;28;OCS;Domicile;A. Haimoud;Remp.;16;0.0;0.0;0.0;0;0
2023/24;2024-05-28;28;OCS;Domicile;I. Haddad;Remp.;45;0.0;0.0;0.0;0;0
2023/24;2024-05-28;28;OCS;Domicile;Y. Jabrane;Remp.;30;0.0;1.0;0.0;0;0
2023/24;2024-05-28;28;OCS;Domicile;A. Oguns;Remp.;30;0.0;0.0;0.0;0;0
2023/24;2024-06-02;29;RCA;Extérieur;Y. Moutie;Tit.;90;0.0;0.0;0.0;0;0
2023/24;2024-06-02;29;RCA;Extérieur;J. Harkass;Tit.;90;0.0;1.0;0.0;0;0
2023/24;2024-06-02;29;RCA;Extérieur;A. Aboulfath;Tit.;90;0.0;1.0;1.0;0;0
2023/24;2024-06-02;29;RCA;Extérieur;I. Gazaoui;Tit.;90;0.0;0.0;0.0;0;0
2023/24;2024-06-02;29;RCA;Extérieur;A. Bouchta;Tit.;90;0.0;0.0;0.0;0;0
2023/24;2024-06-02;29;RCA;Extérieur;Z. Draoui;Tit.;90;0.0;0.0;0.0;0;0
2023/24;2024-06-02;29;RCA;Extérieur;A. Haimoud;Tit.;61;0.0;1.0;0.0;0;0
2023/24;2024-06-02;29;RCA;Extérieur;Y. Jabrane;Tit.;90;0.0;1.0;0.0;0;0
2023/24;2024-06-02;29;RCA;Extérieur;A. Oguns;Tit.;86;0.0;0.0;0.0;0;0
2023/24;2024-06-02;29;RCA;Extérieur;I. Haddad;Tit.;69;0.0;1.0;0.0;0;0
2023/24;2024-06-02;29;RCA;Extérieur;H. El Houni;Tit.;45;0.0;0.0;0.0;0;0
2023/24;2024-06-02;29;RCA;Extérieur;M. Lahtimi;Remp.;29;0.0;0.0;0.0;0;0
2023/24;2024-06-02;29;RCA;Extérieur;I. Khenouss;Remp.;4;0.0;0.0;0.0;0;0
2023/24;2024-06-02;29;RCA;Extérieur;A. Sidi Bouna;Remp.;21;0.0;0.0;0.0;0;0
2023/24;2024-06-02;29;RCA;Extérieur;S. Bouhra;Remp.;45;0.0;0.0;1.0;0;0
2023/24;2024-06-14;30;MAT;Domicile;M. Maftah;Tit.;90;0.0;0.0;0.0;0;0
2023/24;2024-06-14;30;MAT;Domicile;I. Chetti;Tit.;55;0.0;0.0;0.0;0;0
2023/24;2024-06-14;30;MAT;Domicile;A. Bouchta;Tit.;90;0.0;0.0;0.0;0;0
2023/24;2024-06-14;30;MAT;Domicile;I. Gazaoui;Tit.;90;0.0;0.0;0.0;0;0
2023/24;2024-06-14;30;MAT;Domicile;A. Farhane;Tit.;90;0.0;0.0;0.0;0;0
2023/24;2024-06-14;30;MAT;Domicile;B. Gadarine;Tit.;90;0.0;0.0;0.0;0;0
2023/24;2024-06-14;30;MAT;Domicile;O. Zemraoui;Tit.;90;0.0;0.0;0.0;0;0
2023/24;2024-06-14;30;MAT;Domicile;Y. Jabrane;Tit.;90;0.0;0.0;0.0;0;0
2023/24;2024-06-14;30;MAT;Domicile;Z. Draoui;Tit.;90;0.0;0.0;0.0;0;0
2023/24;2024-06-14;30;MAT;Domicile;A. Sidi Bouna;Tit.;89;0.0;0.0;0.0;0;0
2023/24;2024-06-14;30;MAT;Domicile;A. Oguns;Tit.;90;0.0;0.0;0.0;0;0
2023/24;2024-06-14;30;MAT;Domicile;I. Khenouss;Remp.;1;0.0;0.0;0.0;0;0
2023/24;2024-06-14;30;MAT;Domicile;O. Mahrouss;Remp.;35;1.0;0.0;0.0;0;0
2011;2011-07-30;Phase de poules;MCA;Domicile;N. El Myaghri;Tit.;90;0.0;0.0;0.0;0;0
2011;2011-07-30;Phase de poules;MCA;Domicile;M. Lamssen;Tit.;90;0.0;0.0;0.0;0;0
2011;2011-07-30;Phase de poules;MCA;Domicile;A. El Khaliqi;Tit.;90;1.0;0.0;0.0;0;0
2011;2011-07-30;Phase de poules;MCA;Domicile;Y. Rabeh;Tit.;90;0.0;0.0;0.0;0;0
2011;2011-07-30;Phase de poules;MCA;Domicile;H. El Amrani;Tit.;90;0.0;0.0;0.0;0;0
2011;2011-07-30;Phase de poules;MCA;Domicile;M. Berrabah;Tit.;90;0.0;1.0;0.0;0;0
2011;2011-07-30;Phase de poules;MCA;Domicile;S. Fettah;Tit.;90;0.0;1.0;0.0;0;0
2011;2011-07-30;Phase de poules;MCA;Domicile;A. Ajeddou;Tit.;86;1.0;0.0;0.0;0;0
2011;2011-07-30;Phase de poules;MCA;Domicile;Y. Lakhal;Tit.;65;0.0;1.0;0.0;0;0
2011;2011-07-30;Phase de poules;MCA;Domicile;M. Iajour;Tit.;82;0.0;0.0;0.0;0;0
2011;2011-07-30;Phase de poules;MCA;Domicile;F. Ondama;Tit.;90;1.0;0.0;0.0;0;0
2011;2011-07-30;Phase de poules;MCA;Domicile;P. Angan;Remp.;8;1.0;0.0;0.0;0;0
2011;2011-07-30;Phase de poules;MCA;Domicile;Y. Kaddioui;Remp.;4;0.0;0.0;0.0;0;0
2011;2011-07-30;Phase de poules;MCA;Domicile;A. Mouaoui;Remp.;25;0.0;0.0;0.0;0;0
2011;2011-08-15;Phase de poules;EST;Domicile;N. El Myaghri;Tit.;90;0.0;0.0;0.0;0;0
2011;2011-08-15;Phase de poules;EST;Domicile;Y. Rabeh;Tit.;90;0.0;0.0;0.0;0;0
2011;2011-08-15;Phase de poules;EST;Domicile;H. El Amrani;Tit.;90;0.0;0.0;0.0;0;0
2011;2011-08-15;Phase de poules;EST;Domicile;M. Lamssen;Tit.;90;0.0;0.0;0.0;0;0
2011;2011-08-15;Phase de poules;EST;Domicile;A. El Khaliqi;Tit.;90;0.0;0.0;0.0;0;0
2011;2011-08-15;Phase de poules;EST;Domicile;S. Fettah;Tit.;90;0.0;0.0;0.0;0;0
2011;2011-08-15;Phase de poules;EST;Domicile;A. Ajeddou;Tit.;90;0.0;0.0;0.0;0;0
2011;2011-08-15;Phase de poules;EST;Domicile;M. Berrabah;Tit.;89;0.0;0.0;0.0;0;0
2011;2011-08-15;Phase de poules;EST;Domicile;Y. Lakhal;Tit.;87;0.0;1.0;0.0;0;0
2011;2011-08-15;Phase de poules;EST;Domicile;M. Iajour;Tit.;65;0.0;0.0;0.0;0;0
2011;2011-08-15;Phase de poules;EST;Domicile;F. Ondama;Tit.;90;1.0;0.0;0.0;0;0
2011;2011-08-15;Phase de poules;EST;Domicile;P. Angan;Remp.;1;0.0;0.0;0.0;0;0
2011;2011-08-15;Phase de poules;EST;Domicile;Y. Kaddioui;Remp.;25;1.0;0.0;0.0;0;0
2011;2011-08-15;Phase de poules;EST;Domicile;A. Mouaoui;Remp.;3;0.0;0.0;0.0;0;0
2011;2011-08-27;Phase de poules;EST;Extérieur;N. El Myaghri;Tit.;90;0.0;0.0;0.0;0;0
2011;2011-08-27;Phase de poules;EST;Extérieur;M. Lamssen;Tit.;90;0.0;0.0;0.0;0;0
2011;2011-08-27;Phase de poules;EST;Extérieur;A. El Khaliqi;Tit.;90;0.0;0.0;0.0;0;0
2011;2011-08-27;Phase de poules;EST;Extérieur;Y. Rabeh;Tit.;90;0.0;0.0;0.0;0;0
2011;2011-08-27;Phase de poules;EST;Extérieur;A. Benkejjane;Tit.;90;0.0;0.0;0.0;0;0
2011;2011-08-27;Phase de poules;EST;Extérieur;H. Zaidoune;Tit.;47;0.0;1.0;0.0;0;0
2011;2011-08-27;Phase de poules;EST;Extérieur;S. Fettah;Tit.;90;0.0;0.0;0.0;0;0
2011;2011-08-27;Phase de poules;EST;Extérieur;M. Berrabah;Tit.;88;0.0;0.0;0.0;0;0
2011;2011-08-27;Phase de poules;EST;Extérieur;A. Ajeddou;Tit.;90;0.0;0.0;0.0;0;0
2011;2011-08-27;Phase de poules;EST;Extérieur;F. Ondama;Tit.;90;0.0;1.0;0.0;0;0
2011;2011-08-27;Phase de poules;EST;Extérieur;M. Iajour;Tit.;79;0.0;0.0;0.0;0;0
2011;2011-08-27;Phase de poules;EST;Extérieur;Y. El Mankari;Remp.;43;0.0;1.0;0.0;0;0
2011;2011-08-27;Phase de poules;EST;Extérieur;P. Angan;Remp.;2;0.0;0.0;0.0;0;0
2011;2011-08-27;Phase de poules;EST;Extérieur;Y. Kaddioui;Remp.;11;0.0;0.0;0.0;0;0
2011;2011-09-11;Phase de poules;Al Ahly;Domicile;N. El Myaghri;Tit.;90;0.0;0.0;0.0;0;0
2011;2011-09-11;Phase de poules;Al Ahly;Domicile;A. Benkejjane;Tit.;90;1.0;1.0;0.0;0;0
2011;2011-09-11;Phase de poules;Al Ahly;Domicile;Y. Rabeh;Tit.;90;0.0;0.0;0.0;0;0
2011;2011-09-11;Phase de poules;Al Ahly;Domicile;A. El Khaliqi;Tit.;90;0.0;1.0;0.0;0;0
2011;2011-09-11;Phase de poules;Al Ahly;Domicile;M. Lamssen;Tit.;90;0.0;0.0;0.0;0;0
2011;2011-09-11;Phase de poules;Al Ahly;Domicile;S. Fettah;Tit.;90;0.0;0.0;0.0;0;0
2011;2011-09-11;Phase de poules;Al Ahly;Domicile;Y. El Mankari;Tit.;45;0.0;0.0;0.0;0;0
2011;2011-09-11;Phase de poules;Al Ahly;Domicile;M. Berrabah;Tit.;90;0.0;0.0;0.0;0;0
2011;2011-09-11;Phase de poules;Al Ahly;Domicile;Y. Lakhal;Tit.;90;0.0;0.0;0.0;0;0
2011;2011-09-11;Phase de poules;Al Ahly;Domicile;Y. Kaddioui;Tit.;90;0.0;1.0;0.0;0;0
2011;2011-09-11;Phase de poules;Al Ahly;Domicile;M. Iajour;Tit.;90;0.0;0.0;0.0;0;0
2011;2011-09-11;Phase de poules;Al Ahly;Domicile;A. Skouma;Remp.;45;0.0;0.0;0.0;0;0
2011;2011-09-11;Phase de poules;Al Ahly;Domicile;P. Angan;Remp.;1;0.0;0.0;0.0;0;0
2011;2011-09-16;Phase de poules;MCA;Extérieur;N. El Myaghri;Tit.;90;0.0;0.0;0.0;0;0
2011;2011-09-16;Phase de poules;MCA;Extérieur;A. Benkejjane;Tit.;90;0.0;0.0;0.0;0;0
2011;2011-09-16;Phase de poules;MCA;Extérieur;Y. Rabeh;Tit.;90;0.0;0.0;0.0;0;0
2011;2011-09-16;Phase de poules;MCA;Extérieur;A. El Khaliqi;Tit.;90;0.0;0.0;0.0;0;0
2011;2011-09-16;Phase de poules;MCA;Extérieur;H. El Amrani;Tit.;90;0.0;0.0;0.0;0;0
2011;2011-09-16;Phase de poules;MCA;Extérieur;M. Lamssen;Tit.;90;0.0;0.0;0.0;0;0
2011;2011-09-16;Phase de poules;MCA;Extérieur;S. Fettah;Tit.;90;0.0;0.0;1.0;0;0
2011;2011-09-16;Phase de poules;MCA;Extérieur;M. Berrabah;Tit.;90;0.0;0.0;0.0;0;0
2011;2011-09-16;Phase de poules;MCA;Extérieur;A. Ajeddou;Tit.;90;1.0;1.0;0.0;0;0
2011;2011-09-16;Phase de poules;MCA;Extérieur;M. Iajour;Tit.;64;0.0;0.0;0.0;0;0
2011;2011-09-16;Phase de poules;MCA;Extérieur;Y. Lakhal;Tit.;45;0.0;0.0;0.0;0;0
2011;2011-09-16;Phase de poules;MCA;Extérieur;Y. Kaddioui;Remp.;45;0.0;0.0;0.0;0;0
2011;2011-09-16;Phase de poules;MCA;Extérieur;A. Skouma;Remp.;26;0.0;0.0;0.0;0;0
2011;2011-10-01;Demi-finale;Enyimba;Domicile;N. El Myaghri;Tit.;90;0.0;0.0;0.0;0;0
2011;2011-10-01;Demi-finale;Enyimba;Domicile;A. Benkejjane;Tit.;90;0.0;0.0;0.0;0;0
2011;2011-10-01;Demi-finale;Enyimba;Domicile;Y. Rabeh;Tit.;90;0.0;0.0;0.0;0;0
2011;2011-10-01;Demi-finale;Enyimba;Domicile;A. El Khaliqi;Tit.;90;0.0;0.0;0.0;0;0
2011;2011-10-01;Demi-finale;Enyimba;Domicile;M. Lamssen;Tit.;58;0.0;1.0;0.0;0;0
2011;2011-10-01;Demi-finale;Enyimba;Domicile;A. Mssassi;Tit.;90;0.0;0.0;0.0;0;0
2011;2011-10-01;Demi-finale;Enyimba;Domicile;M. Berrabah;Tit.;90;0.0;0.0;0.0;0;0
2011;2011-10-01;Demi-finale;Enyimba;Domicile;A. Skouma;Tit.;71;0.0;0.0;0.0;0;0
2011;2011-10-01;Demi-finale;Enyimba;Domicile;A. Ajeddou;Tit.;90;0.0;0.0;0.0;0;0
2011;2011-10-01;Demi-finale;Enyimba;Domicile;M. Iajour;Tit.;57;0.0;0.0;0.0;0;0
2011;2011-10-01;Demi-finale;Enyimba;Domicile;F. Ondama;Tit.;90;0.0;0.0;0.0;0;0
2011;2011-10-01;Demi-finale;Enyimba;Domicile;Y. Kaddioui;Remp.;33;0.0;0.0;0.0;0;0
2011;2011-10-01;Demi-finale;Enyimba;Domicile;P. Angan;Remp.;32;1.0;0.0;0.0;0;0
2011;2011-10-01;Demi-finale;Enyimba;Domicile;Y. Lakhal;Remp.;19;0.0;0.0;0.0;0;0
2011;2011-10-16;Demi-finale;Enyimba;Extérieur;N. El Myaghri;Tit.;90;0.0;0.0;0.0;0;0
2011;2011-10-16;Demi-finale;Enyimba;Extérieur;H. El Amrani;Tit.;90;0.0;0.0;0.0;0;0
2011;2011-10-16;Demi-finale;Enyimba;Extérieur;Y. Rabeh;Tit.;90;0.0;0.0;0.0;0;0
2011;2011-10-16;Demi-finale;Enyimba;Extérieur;A. El Khaliqi;Tit.;90;0.0;0.0;0.0;0;0
2011;2011-10-16;Demi-finale;Enyimba;Extérieur;M. Lamssen;Tit.;90;0.0;0.0;0.0;0;0
2011;2011-10-16;Demi-finale;Enyimba;Extérieur;A. Mssassi;Tit.;90;0.0;0.0;0.0;0;0
2011;2011-10-16;Demi-finale;Enyimba;Extérieur;M. Berrabah;Tit.;59;0.0;0.0;0.0;0;0
2011;2011-10-16;Demi-finale;Enyimba;Extérieur;A. Skouma;Tit.;90;0.0;1.0;0.0;0;0
2011;2011-10-16;Demi-finale;Enyimba;Extérieur;A. Ajeddou;Tit.;89;0.0;0.0;0.0;0;0
2011;2011-10-16;Demi-finale;Enyimba;Extérieur;Y. Lakhal;Tit.;90;0.0;0.0;0.0;0;0
2011;2011-10-16;Demi-finale;Enyimba;Extérieur;F. Ondama;Tit.;80;0.0;0.0;0.0;0;0
2011;2011-10-16;Demi-finale;Enyimba;Extérieur;P. Angan;Remp.;31;0.0;0.0;0.0;0;0
2011;2011-10-16;Demi-finale;Enyimba;Extérieur;M. Iajour;Remp.;10;0.0;0.0;0.0;0;0
2011;2011-10-16;Demi-finale;Enyimba;Extérieur;Y. Rami;Tit.;1;0.0;0.0;0.0;0;0
2011;2011-11-06;Finale;EST;Domicile;N. El Myaghri;Tit.;90;0.0;0.0;0.0;0;0
2011;2011-11-06;Finale;EST;Domicile;M. Lamssen;Tit.;90;0.0;0.0;0.0;0;0
2011;2011-11-06;Finale;EST;Domicile;Y. Rabeh;Tit.;90;0.0;0.0;0.0;0;0
2011;2011-11-06;Finale;EST;Domicile;H. El Amrani;Tit.;88;0.0;0.0;0.0;0;0
2011;2011-11-06;Finale;EST;Domicile;Y. Rami;Tit.;64;0.0;0.0;0.0;0;0
2011;2011-11-06;Finale;EST;Domicile;A. Mssassi;Tit.;90;0.0;0.0;0.0;0;0
2011;2011-11-06;Finale;EST;Domicile;S. Fettah;Tit.;90;0.0;1.0;0.0;0;0
2011;2011-11-06;Finale;EST;Domicile;M. Berrabah;Tit.;0;0.0;0.0;0.0;0;0
2011;2011-11-06;Finale;EST;Domicile;A. Ajeddou;Tit.;0;0.0;1.0;0.0;0;0
2011;2011-11-06;Finale;EST;Domicile;Y. Lakhal;Tit.;77;0.0;0.0;0.0;0;0
2011;2011-11-06;Finale;EST;Domicile;F. Ondama;Tit.;90;0.0;0.0;0.0;0;0
2011;2011-11-06;Finale;EST;Domicile;H. Zaidoune;Remp.;26;0.0;0.0;0.0;0;0
2011;2011-11-06;Finale;EST;Domicile;Y. Kaddioui;Remp.;13;0.0;0.0;0.0;0;0
2011;2011-11-06;Finale;EST;Domicile;Y. El Mankari;Remp.;2;0.0;0.0;0.0;0;0
2011;2011-11-12;Finale;EST;Extérieur;Y. Bounou;Tit.;90;0.0;0.0;0.0;0;0
2011;2011-11-12;Finale;EST;Extérieur;Y. Rabeh;Tit.;90;0.0;0.0;0.0;0;0
2011;2011-11-12;Finale;EST;Extérieur;H. El Amrani;Tit.;90;0.0;0.0;0.0;0;0
2011;2011-11-12;Finale;EST;Extérieur;M. Lamssen;Tit.;45;0.0;0.0;1.0;0;0
2011;2011-11-12;Finale;EST;Extérieur;Y. Rami;Tit.;89;0.0;0.0;0.0;0;0
2011;2011-11-12;Finale;EST;Extérieur;A. Mssassi;Tit.;90;0.0;1.0;0.0;0;0
2011;2011-11-12;Finale;EST;Extérieur;S. Fettah;Tit.;59;0.0;0.0;0.0;0;0
2011;2011-11-12;Finale;EST;Extérieur;M. Berrabah;Tit.;90;0.0;1.0;0.0;0;0
2011;2011-11-12;Finale;EST;Extérieur;A. Ajeddou;Tit.;90;0.0;0.0;0.0;0;0
2011;2011-11-12;Finale;EST;Extérieur;Y. Lakhal;Tit.;70;0.0;0.0;0.0;0;0
2011;2011-11-12;Finale;EST;Extérieur;F. Ondama;Tit.;90;0.0;0.0;0.0;0;0
2011;2011-11-12;Finale;EST;Extérieur;A. Skouma;Remp.;31;0.0;0.0;0.0;0;0
2011;2011-11-12;Finale;EST;Extérieur;Y. Kaddioui;Remp.;20;0.0;0.0;0.0;0;0
2011;2011-11-12;Finale;EST;Extérieur;P. Angan;Remp.;1;0.0;0.0;0.0;0;0
2011;2011-01-30;Tour préliminaire;Aduana Stars - Ghana;Domicile;N. El Myaghri;Tit.;90;0.0;0.0;0.0;0;0
2011;2011-01-30;Tour préliminaire;Aduana Stars - Ghana;Domicile;A. Benkejjane;Tit.;90;1.0;0.0;0.0;0;0
2011;2011-01-30;Tour préliminaire;Aduana Stars - Ghana;Domicile;J. Allioui;Tit.;90;0.0;0.0;0.0;0;0
2011;2011-01-30;Tour préliminaire;Aduana Stars - Ghana;Domicile;A. Ajeddou;Tit.;90;0.0;0.0;0.0;0;0
2011;2011-01-30;Tour préliminaire;Aduana Stars - Ghana;Domicile;M. Iajour;Tit.;90;2.0;0.0;0.0;0;0
2011;2011-01-30;Tour préliminaire;Aduana Stars - Ghana;Domicile;A. Skouma;Tit.;90;0.0;0.0;0.0;0;0
2011;2011-01-30;Tour préliminaire;Aduana Stars - Ghana;Domicile;A. Ait Laarif;Tit.;90;0.0;0.0;0.0;0;0
2011;2011-01-30;Tour préliminaire;Aduana Stars - Ghana;Domicile;M. Allaoui;Tit.;90;0.0;0.0;0.0;0;0
2011;2011-01-30;Tour préliminaire;Aduana Stars - Ghana;Domicile;K. Sekkat;Tit.;90;0.0;0.0;0.0;0;0
2011;2011-01-30;Tour préliminaire;Aduana Stars - Ghana;Domicile;A. El Khaliqi;Tit.;90;0.0;0.0;0.0;0;0
2011;2011-01-30;Tour préliminaire;Aduana Stars - Ghana;Domicile;M. Berrabah;Tit.;90;0.0;0.0;0.0;0;0
2011;2011-02-27;Tour préliminaire;Aduana Stars - Ghana;Extérieur;N. El Myaghri;Tit.;90;0.0;0.0;0.0;0;0
2011;2011-02-27;Tour préliminaire;Aduana Stars - Ghana;Extérieur;M. Lamssen;Tit.;90;0.0;0.0;0.0;0;0
2011;2011-02-27;Tour préliminaire;Aduana Stars - Ghana;Extérieur;Y. Rabeh;Tit.;90;0.0;0.0;0.0;0;0
2011;2011-02-27;Tour préliminaire;Aduana Stars - Ghana;Extérieur;H. El Amrani;Tit.;90;0.0;0.0;0.0;0;0
2011;2011-02-27;Tour préliminaire;Aduana Stars - Ghana;Extérieur;K. Sekkat;Tit.;90;0.0;0.0;0.0;0;0
2011;2011-02-27;Tour préliminaire;Aduana Stars - Ghana;Extérieur;S. Fettah;Tit.;90;0.0;1.0;0.0;0;0
2011;2011-02-27;Tour préliminaire;Aduana Stars - Ghana;Extérieur;M. Berrabah;Tit.;90;0.0;0.0;0.0;0;0
2011;2011-02-27;Tour préliminaire;Aduana Stars - Ghana;Extérieur;A. Ajeddou;Tit.;80;0.0;0.0;0.0;0;0
2011;2011-02-27;Tour préliminaire;Aduana Stars - Ghana;Extérieur;A. Ait Laarif;Tit.;65;0.0;0.0;0.0;0;0
2011;2011-02-27;Tour préliminaire;Aduana Stars - Ghana;Extérieur;F. Ondama;Tit.;90;0.0;0.0;0.0;0;0
2011;2011-02-27;Tour préliminaire;Aduana Stars - Ghana;Extérieur;M. Iajour;Tit.;75;0.0;0.0;0.0;0;0
2011;2011-02-27;Tour préliminaire;Aduana Stars - Ghana;Extérieur;A. Skouma;Remp.;25;0.0;0.0;0.0;0;0
2011;2011-02-27;Tour préliminaire;Aduana Stars - Ghana;Extérieur;A. Mssassi;Remp.;15;0.0;0.0;0.0;0;0
2011;2011-02-27;Tour préliminaire;Aduana Stars - Ghana;Extérieur;H. Zaidoune;Remp.;10;0.0;0.0;0.0;0;0
2011;2011-03-20;Deuxième tour;Kano Pillars - Nigera;Domicile;N. El Myaghri;Tit.;90;0.0;0.0;0.0;0;0
2011;2011-03-20;Deuxième tour;Kano Pillars - Nigera;Domicile;Y. Rabeh;Tit.;90;0.0;0.0;0.0;0;0
2011;2011-03-20;Deuxième tour;Kano Pillars - Nigera;Domicile;K. Sekkat;Tit.;90;0.0;0.0;0.0;0;0
2011;2011-03-20;Deuxième tour;Kano Pillars - Nigera;Domicile;J. Allioui;Tit.;90;0.0;0.0;0.0;0;0
2011;2011-03-20;Deuxième tour;Kano Pillars - Nigera;Domicile;A. El Khaliqi;Tit.;90;0.0;0.0;0.0;0;0
2011;2011-03-20;Deuxième tour;Kano Pillars - Nigera;Domicile;Y. El Mankari;Tit.;90;0.0;0.0;0.0;0;0
2011;2011-03-20;Deuxième tour;Kano Pillars - Nigera;Domicile;M. Berrabah;Tit.;90;0.0;0.0;0.0;0;0
2011;2011-03-20;Deuxième tour;Kano Pillars - Nigera;Domicile;A. Skouma;Tit.;90;0.0;0.0;0.0;0;0
2011;2011-03-20;Deuxième tour;Kano Pillars - Nigera;Domicile;A. Ajeddou;Tit.;90;0.0;0.0;0.0;0;0
2011;2011-03-20;Deuxième tour;Kano Pillars - Nigera;Domicile;M. Allaoui;Tit.;90;0.0;0.0;0.0;0;0
2011;2011-03-20;Deuxième tour;Kano Pillars - Nigera;Domicile;F. Ondama;Tit.;90;2.0;0.0;0.0;0;0
2011;2011-04-04;Deuxième tour;Kano Pillars - Nigera;Extérieur;N. El Myaghri;Tit.;90;0.0;0.0;0.0;0;0
2011;2011-04-04;Deuxième tour;Kano Pillars - Nigera;Extérieur;M. Lamssen;Tit.;90;0.0;0.0;0.0;0;0
2011;2011-04-04;Deuxième tour;Kano Pillars - Nigera;Extérieur;Y. Rabeh;Tit.;90;0.0;0.0;0.0;0;0
2011;2011-04-04;Deuxième tour;Kano Pillars - Nigera;Extérieur;K. Sekkat;Tit.;90;0.0;0.0;0.0;0;0
2011;2011-04-04;Deuxième tour;Kano Pillars - Nigera;Extérieur;J. Allioui;Tit.;90;0.0;0.0;0.0;0;0
2011;2011-04-04;Deuxième tour;Kano Pillars - Nigera;Extérieur;A. El Khaliqi;Tit.;90;0.0;0.0;0.0;0;0
2011;2011-04-04;Deuxième tour;Kano Pillars - Nigera;Extérieur;A. Mssassi;Tit.;62;0.0;0.0;0.0;0;0
2011;2011-04-04;Deuxième tour;Kano Pillars - Nigera;Extérieur;Y. El Mankari;Tit.;90;0.0;0.0;0.0;0;0
2011;2011-04-04;Deuxième tour;Kano Pillars - Nigera;Extérieur;A. Ajeddou;Tit.;88;0.0;0.0;0.0;0;0
2011;2011-04-04;Deuxième tour;Kano Pillars - Nigera;Extérieur;M. Allaoui;Tit.;90;0.0;0.0;0.0;0;0
2011;2011-04-04;Deuxième tour;Kano Pillars - Nigera;Extérieur;F. Ondama;Tit.;66;0.0;0.0;0.0;0;0
2011;2011-04-04;Deuxième tour;Kano Pillars - Nigera;Extérieur;A. Kabous;Remp.;28;0.0;0.0;0.0;0;0
2011;2011-04-04;Deuxième tour;Kano Pillars - Nigera;Extérieur;F. Talhaoui;Remp.;2;0.0;0.0;0.0;0;0
2011;2011-04-04;Deuxième tour;Kano Pillars - Nigera;Extérieur;M. Iajour;Remp.;24;0.0;0.0;0.0;0;0
2011;2011-04-23;Huitièmes;TP-Mazembe;Domicile;N. El Myaghri;Tit.;90;0.0;0.0;0.0;0;0
2011;2011-04-23;Huitièmes;TP-Mazembe;Domicile;A. Benkejjane;Tit.;90;0.0;0.0;0.0;0;0
2011;2011-04-23;Huitièmes;TP-Mazembe;Domicile;Y. Rabeh;Tit.;90;0.0;0.0;0.0;0;0
2011;2011-04-23;Huitièmes;TP-Mazembe;Domicile;K. Sekkat;Tit.;90;0.0;0.0;0.0;0;0
2011;2011-04-23;Huitièmes;TP-Mazembe;Domicile;M. Lamssen;Tit.;90;0.0;0.0;0.0;0;0
2011;2011-04-23;Huitièmes;TP-Mazembe;Domicile;Y. El Mankari;Tit.;90;0.0;0.0;0.0;0;0
2011;2011-04-23;Huitièmes;TP-Mazembe;Domicile;M. Berrabah;Tit.;80;0.0;0.0;0.0;0;0
2011;2011-04-23;Huitièmes;TP-Mazembe;Domicile;A. Skouma;Tit.;90;0.0;0.0;0.0;0;0
2011;2011-04-23;Huitièmes;TP-Mazembe;Domicile;A. Ajeddou;Tit.;75;0.0;0.0;0.0;0;0
2011;2011-04-23;Huitièmes;TP-Mazembe;Domicile;M. Allaoui;Tit.;65;1.0;0.0;0.0;0;0
2011;2011-04-23;Huitièmes;TP-Mazembe;Domicile;F. Ondama;Tit.;90;0.0;0.0;0.0;0;0
2011;2011-04-23;Huitièmes;TP-Mazembe;Domicile;H. El Amrani;Tit.;15;0.0;0.0;0.0;0;0
2011;2011-04-23;Huitièmes;TP-Mazembe;Domicile;A. Ait Laarif;Tit.;10;0.0;0.0;0.0;0;0
2011;2011-04-23;Huitièmes;TP-Mazembe;Domicile;M. Iajour;Tit.;25;0.0;0.0;0.0;0;0
2011;2011-05-08;Huitièmes;TP-Mazembe;Extérieur;N. El Myaghri;Tit.;90;0.0;1.0;0.0;0;0
2011;2011-05-08;Huitièmes;TP-Mazembe;Extérieur;A. El Khaliqi;Tit.;90;0.0;0.0;0.0;0;0
2011;2011-05-08;Huitièmes;TP-Mazembe;Extérieur;K. Sekkat;Tit.;90;0.0;0.0;0.0;0;0
2011;2011-05-08;Huitièmes;TP-Mazembe;Extérieur;J. Allioui;Tit.;90;0.0;0.0;0.0;0;0
2011;2011-05-08;Huitièmes;TP-Mazembe;Extérieur;Y. Rabeh;Tit.;90;0.0;0.0;0.0;0;0
2011;2011-05-08;Huitièmes;TP-Mazembe;Extérieur;H. Zaidoune;Tit.;90;0.0;0.0;0.0;0;0
2011;2011-05-08;Huitièmes;TP-Mazembe;Extérieur;Y. El Mankari;Tit.;90;0.0;0.0;0.0;0;0
2011;2011-05-08;Huitièmes;TP-Mazembe;Extérieur;M. Berrabah;Tit.;90;0.0;0.0;0.0;0;0
2011;2011-05-08;Huitièmes;TP-Mazembe;Extérieur;A. Ajeddou;Tit.;90;0.0;0.0;0.0;0;0
2011;2011-05-08;Huitièmes;TP-Mazembe;Extérieur;M. Allaoui;Tit.;90;0.0;0.0;0.0;0;0
2011;2011-05-08;Huitièmes;TP-Mazembe;Extérieur;F. Ondama;Tit.;90;0.0;1.0;0.0;0;0
2011;2011-05-28;Barrage;Simba - Tanzanie;Neutre;N. El Myaghri;Tit.;90;0.0;0.0;0.0;0;0
2011;2011-05-28;Barrage;Simba - Tanzanie;Neutre;A. El Khaliqi;Tit.;90;1.0;0.0;0.0;0;0
2011;2011-05-28;Barrage;Simba - Tanzanie;Neutre;M. Lamssen;Tit.;90;0.0;0.0;0.0;0;0
2011;2011-05-28;Barrage;Simba - Tanzanie;Neutre;Y. Rabeh;Tit.;90;0.0;0.0;0.0;0;0
2011;2011-05-28;Barrage;Simba - Tanzanie;Neutre;J. Allioui;Tit.;90;0.0;0.0;0.0;0;0
2011;2011-05-28;Barrage;Simba - Tanzanie;Neutre;Y. El Mankari;Tit.;90;0.0;0.0;0.0;0;0
2011;2011-05-28;Barrage;Simba - Tanzanie;Neutre;H. Zaidoune;Tit.;74;0.0;0.0;0.0;0;0
2011;2011-05-28;Barrage;Simba - Tanzanie;Neutre;A. Ajeddou;Tit.;90;0.0;0.0;0.0;0;0
2011;2011-05-28;Barrage;Simba - Tanzanie;Neutre;A. Ait Laarif;Tit.;58;0.0;0.0;0.0;0;0
2011;2011-05-28;Barrage;Simba - Tanzanie;Neutre;M. Allaoui;Tit.;89;0.0;0.0;0.0;0;0
2011;2011-05-28;Barrage;Simba - Tanzanie;Neutre;F. Ondama;Tit.;90;1.0;0.0;0.0;0;0
2011;2011-05-28;Barrage;Simba - Tanzanie;Neutre;A. Skouma;Tit.;32;0.0;0.0;0.0;0;0
2011;2011-05-28;Barrage;Simba - Tanzanie;Neutre;M. Iajour;Tit.;16;1.0;1.0;0.0;0;0
2011;2011-05-28;Barrage;Simba - Tanzanie;Neutre;M. Berrabah;Tit.;1;0.0;0.0;0.0;0;0
2016;2016-02-14;Premier tour;AS Douanes Niamey - Niger;Domicile;Z. Laaroubi;Tit.;90;-1.0;0.0;0.0;0;0
2016;2016-02-14;Premier tour;AS Douanes Niamey - Niger;Domicile;A. Noussair;Tit.;90;0.0;0.0;0.0;0;0
2016;2016-02-14;Premier tour;AS Douanes Niamey - Niger;Domicile;Y. El Kordi;Tit.;90;0.0;0.0;0.0;0;0
2016;2016-02-14;Premier tour;AS Douanes Niamey - Niger;Domicile;Y. Rabeh;Tit.;90;0.0;0.0;0.0;0;0
2016;2016-02-14;Premier tour;AS Douanes Niamey - Niger;Domicile;M. Fall;Tit.;90;0.0;0.0;0.0;0;0
2016;2016-02-14;Premier tour;AS Douanes Niamey - Niger;Domicile;A. Asbahi;Tit.;90;0.0;0.0;0.0;0;0
2016;2016-02-14;Premier tour;AS Douanes Niamey - Niger;Domicile;S. Saidi;Tit.;90;0.0;0.0;0.0;0;0
2016;2016-02-14;Premier tour;AS Douanes Niamey - Niger;Domicile;W. El Karti;Tit.;73;0.0;0.0;0.0;0;0
2016;2016-02-14;Premier tour;AS Douanes Niamey - Niger;Domicile;R. El Hajhouj;Tit.;77;1.0;0.0;0.0;0;0
2016;2016-02-14;Premier tour;AS Douanes Niamey - Niger;Domicile;I. Haddad;Tit.;61;0.0;0.0;0.0;0;0
2016;2016-02-14;Premier tour;AS Douanes Niamey - Niger;Domicile;I. Keita;Tit.;90;0.0;1.0;0.0;0;0
2016;2016-02-14;Premier tour;AS Douanes Niamey - Niger;Domicile;M. Ounajem;Remp.;29;0.0;0.0;0.0;0;0
2016;2016-02-14;Premier tour;AS Douanes Niamey - Niger;Domicile;R. Hossni;Remp.;17;0.0;0.0;0.0;0;0
2016;2016-02-14;Premier tour;AS Douanes Niamey - Niger;Domicile;F. Ondama;Remp.;13;0.0;0.0;0.0;0;0
2016;2016-03-06;Premier tour;AS Douanes Niamey - Niger;Extérieur;N. El Myaghri;Tit.;90;0.0;0.0;0.0;0;0
2016;2016-03-06;Premier tour;AS Douanes Niamey - Niger;Extérieur;A. Kacimi;Tit.;54;0.0;1.0;0.0;0;0
2016;2016-03-06;Premier tour;AS Douanes Niamey - Niger;Extérieur;Y. El Kordi;Tit.;90;0.0;0.0;0.0;0;0
2016;2016-03-06;Premier tour;AS Douanes Niamey - Niger;Extérieur;Y. Rabeh;Tit.;90;0.0;0.0;0.0;0;0
2016;2016-03-06;Premier tour;AS Douanes Niamey - Niger;Extérieur;M. Fall;Tit.;90;0.0;1.0;0.0;0;0
2016;2016-03-06;Premier tour;AS Douanes Niamey - Niger;Extérieur;A. Noussair;Tit.;90;0.0;0.0;0.0;0;0
2016;2016-03-06;Premier tour;AS Douanes Niamey - Niger;Extérieur;B. Nekkach;Tit.;90;0.0;0.0;0.0;0;0
2016;2016-03-06;Premier tour;AS Douanes Niamey - Niger;Extérieur;S. Saidi;Tit.;90;0.0;0.0;0.0;0;0
2016;2016-03-06;Premier tour;AS Douanes Niamey - Niger;Extérieur;W. El Karti;Tit.;72;0.0;0.0;0.0;0;0
2016;2016-03-06;Premier tour;AS Douanes Niamey - Niger;Extérieur;I. Keita;Tit.;54;0.0;0.0;0.0;0;0
2016;2016-03-06;Premier tour;AS Douanes Niamey - Niger;Extérieur;F. Ondama;Tit.;90;0.0;1.0;0.0;0;0
2016;2016-03-06;Premier tour;AS Douanes Niamey - Niger;Extérieur;R. Hossni;Remp.;18;0.0;0.0;0.0;0;0
2016;2016-03-06;Premier tour;AS Douanes Niamey - Niger;Extérieur;R. El Hajhouj;Remp.;36;1.0;0.0;0.0;0;0
2016;2016-03-06;Premier tour;AS Douanes Niamey - Niger;Extérieur;M. Ounajem;Remp.;36;0.0;0.0;0.0;0;0
2016;2016-03-19;Deuxième tour;CNaPS Sport - Madagascar;Extérieur;M. Akid;Tit.;90;0.0;0.0;0.0;0;0
2016;2016-03-19;Deuxième tour;CNaPS Sport - Madagascar;Extérieur;A. Kacimi;Tit.;64;0.0;0.0;0.0;0;0
2016;2016-03-19;Deuxième tour;CNaPS Sport - Madagascar;Extérieur;M. Fall;Tit.;90;0.0;0.0;0.0;0;0
2016;2016-03-19;Deuxième tour;CNaPS Sport - Madagascar;Extérieur;Y. Rabeh;Tit.;90;0.0;0.0;0.0;0;0
2016;2016-03-19;Deuxième tour;CNaPS Sport - Madagascar;Extérieur;A. Noussair;Tit.;90;0.0;0.0;0.0;0;0
2016;2016-03-19;Deuxième tour;CNaPS Sport - Madagascar;Extérieur;B. Nekkach;Tit.;45;0.0;1.0;0.0;0;0
2016;2016-03-19;Deuxième tour;CNaPS Sport - Madagascar;Extérieur;J. Ait Ben Idder;Tit.;90;0.0;0.0;0.0;0;0
2016;2016-03-19;Deuxième tour;CNaPS Sport - Madagascar;Extérieur;Y. El Kordi;Tit.;90;0.0;0.0;0.0;0;0
2016;2016-03-19;Deuxième tour;CNaPS Sport - Madagascar;Extérieur;W. El Karti;Tit.;45;0.0;0.0;0.0;0;0
2016;2016-03-19;Deuxième tour;CNaPS Sport - Madagascar;Extérieur;R. El Hajhouj;Tit.;90;0.0;0.0;0.0;0;0
2016;2016-03-19;Deuxième tour;CNaPS Sport - Madagascar;Extérieur;I. Keita;Tit.;90;0.0;0.0;0.0;0;0
2016;2016-03-19;Deuxième tour;CNaPS Sport - Madagascar;Extérieur;A. El Hassouni;Remp.;45;0.0;0.0;0.0;0;0
2016;2016-03-19;Deuxième tour;CNaPS Sport - Madagascar;Extérieur;S. Saidi;Remp.;45;1.0;1.0;0.0;0;0
2016;2016-03-19;Deuxième tour;CNaPS Sport - Madagascar;Extérieur;M. Ounajem;Remp.;26;0.0;0.0;0.0;0;0
2016;2016-03-12;Deuxième tour;CNaPS Sport - Madagascar;Domicile;Z. Laaroubi;Tit.;90;0.0;0.0;0.0;0;0
2016;2016-03-12;Deuxième tour;CNaPS Sport - Madagascar;Domicile;Y. Rabeh;Tit.;90;0.0;0.0;0.0;0;0
2016;2016-03-12;Deuxième tour;CNaPS Sport - Madagascar;Domicile;M. Fall;Tit.;90;0.0;0.0;0.0;0;0
2016;2016-03-12;Deuxième tour;CNaPS Sport - Madagascar;Domicile;Y. El Kordi;Tit.;90;0.0;0.0;0.0;0;0
2016;2016-03-12;Deuxième tour;CNaPS Sport - Madagascar;Domicile;A. Noussair;Tit.;90;0.0;0.0;0.0;0;0
2016;2016-03-12;Deuxième tour;CNaPS Sport - Madagascar;Domicile;A. Asbahi;Tit.;90;0.0;1.0;0.0;0;0
2016;2016-03-12;Deuxième tour;CNaPS Sport - Madagascar;Domicile;S. Saidi;Tit.;90;0.0;0.0;0.0;0;0
2016;2016-03-12;Deuxième tour;CNaPS Sport - Madagascar;Domicile;W. El Karti;Tit.;58;0.0;0.0;0.0;0;0
2016;2016-03-12;Deuxième tour;CNaPS Sport - Madagascar;Domicile;I. Haddad;Tit.;36;2.0;0.0;0.0;0;0
2016;2016-03-12;Deuxième tour;CNaPS Sport - Madagascar;Domicile;R. El Hajhouj;Tit.;90;2.0;0.0;0.0;0;0
2016;2016-03-12;Deuxième tour;CNaPS Sport - Madagascar;Domicile;I. Keita;Tit.;52;0.0;0.0;0.0;0;0
2016;2016-03-12;Deuxième tour;CNaPS Sport - Madagascar;Domicile;M. Ounajem;Remp.;54;0.0;0.0;0.0;0;0
2016;2016-03-12;Deuxième tour;CNaPS Sport - Madagascar;Domicile;F. Ondama;Remp.;38;1.0;0.0;0.0;0;0
2016;2016-03-12;Deuxième tour;CNaPS Sport - Madagascar;Domicile;R. Hossni;Remp.;32;0.0;0.0;0.0;0;0
2016;2016-04-09;Seixième de finale;TP-Mazembe;Domicile;Z. Laaroubi;Tit.;90;0.0;0.0;0.0;0;0
2016;2016-04-09;Seixième de finale;TP-Mazembe;Domicile;A. Noussair;Tit.;90;1.0;0.0;0.0;0;0
2016;2016-04-09;Seixième de finale;TP-Mazembe;Domicile;Y. El Kordi;Tit.;90;0.0;0.0;0.0;0;0
2016;2016-04-09;Seixième de finale;TP-Mazembe;Domicile;A. Atouchi;Tit.;90;0.0;0.0;0.0;0;0
2016;2016-04-09;Seixième de finale;TP-Mazembe;Domicile;M. Fall;Tit.;90;0.0;0.0;0.0;0;0
2016;2016-04-09;Seixième de finale;TP-Mazembe;Domicile;A. Asbahi;Tit.;90;0.0;1.0;0.0;0;0
2016;2016-04-09;Seixième de finale;TP-Mazembe;Domicile;S. Saidi;Tit.;90;0.0;0.0;0.0;0;0
2016;2016-04-09;Seixième de finale;TP-Mazembe;Domicile;W. El Karti;Tit.;90;0.0;0.0;0.0;0;0
2016;2016-04-09;Seixième de finale;TP-Mazembe;Domicile;R. El Hajhouj;Tit.;75;1.0;1.0;0.0;0;0
2016;2016-04-09;Seixième de finale;TP-Mazembe;Domicile;I. Haddad;Tit.;60;0.0;0.0;0.0;0;0
2016;2016-04-09;Seixième de finale;TP-Mazembe;Domicile;I. Keita;Tit.;69;0.0;0.0;0.0;0;0
2016;2016-04-09;Seixième de finale;TP-Mazembe;Domicile;M. Ounajem;Remp.;30;0.0;0.0;0.0;0;0
2016;2016-04-09;Seixième de finale;TP-Mazembe;Domicile;F. Ondama;Remp.;21;0.0;0.0;0.0;0;0
2016;2016-04-09;Seixième de finale;TP-Mazembe;Domicile;M. Karnass;Remp.;15;0.0;0.0;0.0;0;0
2016;2016-04-16;Seixième de finale;TP-Mazembe;Extérieur;Z. Laaroubi;Tit.;90;0.0;0.0;0.0;0;0
2016;2016-04-16;Seixième de finale;TP-Mazembe;Extérieur;Y. El Kordi;Tit.;90;0.0;0.0;0.0;0;0
2016;2016-04-16;Seixième de finale;TP-Mazembe;Extérieur;A. Atouchi;Tit.;90;0.0;0.0;0.0;0;0
2016;2016-04-16;Seixième de finale;TP-Mazembe;Extérieur;M. Fall;Tit.;90;0.0;1.0;0.0;0;0
2016;2016-04-16;Seixième de finale;TP-Mazembe;Extérieur;A. Atouchi;Tit.;90;0.0;0.0;0.0;0;0
2016;2016-04-16;Seixième de finale;TP-Mazembe;Extérieur;S. Saidi;Tit.;90;0.0;0.0;0.0;0;0
2016;2016-04-16;Seixième de finale;TP-Mazembe;Extérieur;B. Nekkach;Tit.;90;0.0;0.0;0.0;0;0
2016;2016-04-16;Seixième de finale;TP-Mazembe;Extérieur;W. El Karti;Tit.;50;0.0;0.0;0.0;0;0
2016;2016-04-16;Seixième de finale;TP-Mazembe;Extérieur;R. El Hajhouj;Tit.;90;1.0;0.0;0.0;0;0
2016;2016-04-16;Seixième de finale;TP-Mazembe;Extérieur;I. Haddad;Tit.;67;0.0;0.0;0.0;0;0
2016;2016-04-16;Seixième de finale;TP-Mazembe;Extérieur;F. Ondama;Tit.;45;0.0;0.0;0.0;0;0
2016;2016-04-16;Seixième de finale;TP-Mazembe;Extérieur;I. Keita;Remp.;45;0.0;0.0;0.0;0;0
2016;2016-04-16;Seixième de finale;TP-Mazembe;Extérieur;J. Ait Ben Idder;Remp.;40;0.0;0.0;0.0;0;0
2016;2016-04-16;Seixième de finale;TP-Mazembe;Extérieur;M. Ounajem;Remp.;23;0.0;0.0;0.0;0;0
2016;2016-06-18;Phase de poules;ASEC Mimosa - CI;Extérieur;Z. Laaroubi;Tit.;90;0.0;0.0;0.0;0;0
2016;2016-06-18;Phase de poules;ASEC Mimosa - CI;Extérieur;Y. El Kordi;Tit.;90;0.0;0.0;0.0;0;0
2016;2016-06-18;Phase de poules;ASEC Mimosa - CI;Extérieur;Y. Rabeh;Tit.;90;0.0;0.0;0.0;0;0
2016;2016-06-18;Phase de poules;ASEC Mimosa - CI;Extérieur;A. Atouchi;Tit.;90;0.0;0.0;0.0;0;0
2016;2016-06-18;Phase de poules;ASEC Mimosa - CI;Extérieur;A. Noussair;Tit.;90;0.0;0.0;0.0;0;0
2016;2016-06-18;Phase de poules;ASEC Mimosa - CI;Extérieur;S. Saidi;Tit.;90;1.0;0.0;0.0;0;0
2016;2016-06-18;Phase de poules;ASEC Mimosa - CI;Extérieur;B. Nekkach;Tit.;90;0.0;0.0;0.0;0;0
2016;2016-06-18;Phase de poules;ASEC Mimosa - CI;Extérieur;W. El Karti;Tit.;78;0.0;0.0;0.0;0;0
2016;2016-06-18;Phase de poules;ASEC Mimosa - CI;Extérieur;R. El Hajhouj;Tit.;66;0.0;0.0;0.0;0;0
2016;2016-06-18;Phase de poules;ASEC Mimosa - CI;Extérieur;I. Haddad;Tit.;51;0.0;0.0;0.0;0;0
2016;2016-06-18;Phase de poules;ASEC Mimosa - CI;Extérieur;F. Ondama;Tit.;90;0.0;0.0;0.0;0;0
2016;2016-06-18;Phase de poules;ASEC Mimosa - CI;Extérieur;M. Ounajem;Remp.;39;0.0;0.0;0.0;0;0
2016;2016-06-18;Phase de poules;ASEC Mimosa - CI;Extérieur;J. Ait Ben Idder;Remp.;24;0.0;0.0;0.0;0;0
2016;2016-06-18;Phase de poules;ASEC Mimosa - CI;Extérieur;Z. El-Moutaraji;Remp.;12;0.0;0.0;0.0;0;0
2016;2016-06-30;Phase de poules;Zesco United - Zambie;Domicile;Z. Laaroubi;Tit.;90;-1.0;0.0;0.0;0;0
2016;2016-06-30;Phase de poules;Zesco United - Zambie;Domicile;Y. El Kordi;Tit.;90;0.0;0.0;0.0;0;0
2016;2016-06-30;Phase de poules;Zesco United - Zambie;Domicile;Y. Rabeh;Tit.;90;0.0;1.0;0.0;0;0
2016;2016-06-30;Phase de poules;Zesco United - Zambie;Domicile;A. Atouchi;Tit.;90;0.0;0.0;0.0;0;0
2016;2016-06-30;Phase de poules;Zesco United - Zambie;Domicile;A. Noussair;Tit.;90;0.0;0.0;0.0;0;0
2016;2016-06-30;Phase de poules;Zesco United - Zambie;Domicile;B. Nekkach;Tit.;90;0.0;0.0;0.0;0;0
2016;2016-06-30;Phase de poules;Zesco United - Zambie;Domicile;S. Saidi;Tit.;90;0.0;0.0;0.0;0;0
2016;2016-06-30;Phase de poules;Zesco United - Zambie;Domicile;W. El Karti;Tit.;65;1.0;0.0;0.0;0;0
2016;2016-06-30;Phase de poules;Zesco United - Zambie;Domicile;R. El Hajhouj;Tit.;90;0.0;0.0;0.0;0;0
2016;2016-06-30;Phase de poules;Zesco United - Zambie;Domicile;I. Haddad;Tit.;72;0.0;0.0;0.0;0;0
2016;2016-06-30;Phase de poules;Zesco United - Zambie;Domicile;F. Ondama;Tit.;81;0.0;0.0;0.0;0;0
2016;2016-06-30;Phase de poules;Zesco United - Zambie;Domicile;J. Ait Ben Idder;Remp.;25;0.0;0.0;0.0;0;0
2016;2016-06-30;Phase de poules;Zesco United - Zambie;Domicile;M. Ounajem;Remp.;18;0.0;0.0;0.0;0;0
2016;2016-06-30;Phase de poules;Zesco United - Zambie;Domicile;I. Keita;Tit.;9;0.0;0.0;0.0;0;0
2016;2016-07-16;Phase de poules;Al Ahly;Extérieur;Z. Laaroubi;Tit.;90;0.0;0.0;0.0;0;0
2016;2016-07-16;Phase de poules;Al Ahly;Extérieur;Y. El Kordi;Tit.;90;0.0;0.0;0.0;0;0
2016;2016-07-16;Phase de poules;Al Ahly;Extérieur;Y. Rabeh;Tit.;90;0.0;0.0;0.0;0;0
2016;2016-07-16;Phase de poules;Al Ahly;Extérieur;A. Atouchi;Tit.;90;0.0;0.0;0.0;0;0
2016;2016-07-16;Phase de poules;Al Ahly;Extérieur;A. Noussair;Tit.;90;0.0;0.0;0.0;0;0
2016;2016-07-16;Phase de poules;Al Ahly;Extérieur;S. Saidi;Tit.;90;0.0;0.0;0.0;0;0
2016;2016-07-16;Phase de poules;Al Ahly;Extérieur;B. Nekkach;Tit.;90;0.0;0.0;0.0;0;0
2016;2016-07-16;Phase de poules;Al Ahly;Extérieur;W. El Karti;Tit.;90;0.0;0.0;0.0;0;0
2016;2016-07-16;Phase de poules;Al Ahly;Extérieur;R. El Hajhouj;Tit.;57;0.0;0.0;0.0;0;0
2016;2016-07-16;Phase de poules;Al Ahly;Extérieur;I. Haddad;Tit.;70;0.0;0.0;0.0;0;0
2016;2016-07-16;Phase de poules;Al Ahly;Extérieur;F. Ondama;Tit.;87;0.0;0.0;0.0;0;0
2016;2016-07-16;Phase de poules;Al Ahly;Extérieur;J. Ait Ben Idder;Remp.;33;0.0;0.0;0.0;0;0
2016;2016-07-16;Phase de poules;Al Ahly;Extérieur;M. Ounajem;Remp.;20;0.0;0.0;0.0;0;0
2016;2016-07-16;Phase de poules;Al Ahly;Extérieur;I. Keita;Remp.;3;0.0;0.0;0.0;0;0
2016;2016-07-27;Phase de poules;Al Ahly;Domicile;Z. Laaroubi;Tit.;90;0.0;0.0;0.0;0;0
2016;2016-07-27;Phase de poules;Al Ahly;Domicile;Y. El Kordi;Tit.;90;0.0;0.0;0.0;0;0
2016;2016-07-27;Phase de poules;Al Ahly;Domicile;Y. Rabeh;Tit.;90;0.0;0.0;0.0;0;0
2016;2016-07-27;Phase de poules;Al Ahly;Domicile;A. Atouchi;Tit.;90;0.0;0.0;0.0;0;0
2016;2016-07-27;Phase de poules;Al Ahly;Domicile;A. Noussair;Tit.;90;0.0;0.0;0.0;0;0
2016;2016-07-27;Phase de poules;Al Ahly;Domicile;S. Saidi;Tit.;90;0.0;0.0;0.0;0;0
2016;2016-07-27;Phase de poules;Al Ahly;Domicile;B. Nekkach;Tit.;90;0.0;0.0;0.0;0;0
2016;2016-07-27;Phase de poules;Al Ahly;Domicile;W. El Karti;Tit.;59;0.0;0.0;0.0;0;0
2016;2016-07-27;Phase de poules;Al Ahly;Domicile;R. El Hajhouj;Tit.;60;0.0;0.0;0.0;0;0
2016;2016-07-27;Phase de poules;Al Ahly;Domicile;I. Haddad;Tit.;59;0.0;0.0;0.0;0;0
2016;2016-07-27;Phase de poules;Al Ahly;Domicile;F. Ondama;Tit.;90;0.0;0.0;0.0;0;0
2016;2016-07-27;Phase de poules;Al Ahly;Domicile;A. Khadrouf;Remp.;31;0.0;0.0;0.0;0;0
2016;2016-07-27;Phase de poules;Al Ahly;Domicile;M. Ounajem;Remp.;31;0.0;0.0;0.0;0;0
2016;2016-07-27;Phase de poules;Al Ahly;Domicile;I. Keita;Remp.;30;0.0;0.0;0.0;0;0
2016;2016-08-14;Phase de poules;ASEC Mimosa - CI;Domicile;Z. Laaroubi;Tit.;90;0.0;0.0;0.0;0;0
2016;2016-08-14;Phase de poules;ASEC Mimosa - CI;Domicile;Y. El Kordi;Tit.;90;0.0;0.0;0.0;0;0
2016;2016-08-14;Phase de poules;ASEC Mimosa - CI;Domicile;Y. Rabeh;Tit.;90;0.0;0.0;0.0;0;0
2016;2016-08-14;Phase de poules;ASEC Mimosa - CI;Domicile;M. Fall;Tit.;90;0.0;0.0;0.0;0;0
2016;2016-08-14;Phase de poules;ASEC Mimosa - CI;Domicile;A. Noussair;Tit.;90;0.0;0.0;0.0;0;0
2016;2016-08-14;Phase de poules;ASEC Mimosa - CI;Domicile;S. Saidi;Tit.;90;0.0;0.0;0.0;0;0
2016;2016-08-14;Phase de poules;ASEC Mimosa - CI;Domicile;A. Asbahi;Tit.;90;0.0;0.0;0.0;0;0
2016;2016-08-14;Phase de poules;ASEC Mimosa - CI;Domicile;A. Khadrouf;Tit.;90;1.0;0.0;0.0;0;0
2016;2016-08-14;Phase de poules;ASEC Mimosa - CI;Domicile;I. Haddad;Tit.;69;0.0;0.0;0.0;0;0
2016;2016-08-14;Phase de poules;ASEC Mimosa - CI;Domicile;R. El Hajhouj;Tit.;62;0.0;0.0;0.0;0;0
2016;2016-08-14;Phase de poules;ASEC Mimosa - CI;Domicile;F. Ondama;Tit.;89;1.0;0.0;0.0;0;0
2016;2016-08-14;Phase de poules;ASEC Mimosa - CI;Domicile;M. Ounajem;Remp.;28;0.0;0.0;0.0;0;0
2016;2016-08-14;Phase de poules;ASEC Mimosa - CI;Domicile;Tchikatara C.;Remp.;21;0.0;0.0;0.0;0;0
2016;2016-08-14;Phase de poules;ASEC Mimosa - CI;Domicile;A. Atouchi;Remp.;1;0.0;0.0;0.0;0;0
2016;2016-08-24;Phase de poules;Zesco United - Zambie;Extérieur;M. Akid;Tit.;90;0.0;0.0;0.0;0;0
2016;2016-08-24;Phase de poules;Zesco United - Zambie;Extérieur;F. Aktaw;Tit.;90;0.0;0.0;0.0;0;0
2016;2016-08-24;Phase de poules;Zesco United - Zambie;Extérieur;M. Fall;Tit.;90;0.0;0.0;0.0;0;0
2016;2016-08-24;Phase de poules;Zesco United - Zambie;Extérieur;Y. Rabeh;Tit.;90;0.0;0.0;0.0;0;0
2016;2016-08-24;Phase de poules;Zesco United - Zambie;Extérieur;Y. Belakhdar;Tit.;90;0.0;0.0;0.0;0;0
2016;2016-08-24;Phase de poules;Zesco United - Zambie;Extérieur;S. Saidi;Tit.;90;0.0;0.0;0.0;0;0
2016;2016-08-24;Phase de poules;Zesco United - Zambie;Extérieur;A. Asbahi;Tit.;90;0.0;1.0;0.0;0;0
2016;2016-08-24;Phase de poules;Zesco United - Zambie;Extérieur;W. El Karti;Tit.;47;0.0;0.0;0.0;0;0
2016;2016-08-24;Phase de poules;Zesco United - Zambie;Extérieur;A. Khadrouf;Tit.;90;0.0;0.0;0.0;0;0
2016;2016-08-24;Phase de poules;Zesco United - Zambie;Extérieur;M. Ounajem;Tit.;60;0.0;0.0;0.0;0;0
2016;2016-08-24;Phase de poules;Zesco United - Zambie;Extérieur;Tchikatara C.;Tit.;64;1.0;0.0;0.0;0;0
2016;2016-08-24;Phase de poules;Zesco United - Zambie;Extérieur;R. El Hajhouj;Remp.;43;0.0;0.0;0.0;0;0
2016;2016-08-24;Phase de poules;Zesco United - Zambie;Extérieur;I. Haddad;Remp.;30;0.0;0.0;0.0;0;0
2016;2016-08-24;Phase de poules;Zesco United - Zambie;Extérieur;F. Ondama;Remp.;26;0.0;0.0;0.0;0;0
2016;2016-09-16;Demi-finale;Zamalek;Extérieur;M. Akid;Tit.;90;0.0;1.0;0.0;0;0
2016;2016-09-16;Demi-finale;Zamalek;Extérieur;Y. El Kordi;Tit.;90;0.0;0.0;0.0;0;0
2016;2016-09-16;Demi-finale;Zamalek;Extérieur;Y. Rabeh;Tit.;90;0.0;0.0;0.0;0;0
2016;2016-09-16;Demi-finale;Zamalek;Extérieur;M. Fall;Tit.;90;0.0;0.0;0.0;0;0
2016;2016-09-16;Demi-finale;Zamalek;Extérieur;A. Noussair;Tit.;90;0.0;0.0;0.0;0;0
2016;2016-09-16;Demi-finale;Zamalek;Extérieur;S. Saidi;Tit.;90;0.0;0.0;0.0;0;0
2016;2016-09-16;Demi-finale;Zamalek;Extérieur;B. Nekkach;Tit.;67;0.0;1.0;0.0;0;0
2016;2016-09-16;Demi-finale;Zamalek;Extérieur;W. El Karti;Tit.;45;0.0;0.0;0.0;0;0
2016;2016-09-16;Demi-finale;Zamalek;Extérieur;I. Haddad;Tit.;90;0.0;0.0;0.0;0;0
2016;2016-09-16;Demi-finale;Zamalek;Extérieur;R. El Hajhouj;Tit.;52;0.0;0.0;0.0;0;0
2016;2016-09-16;Demi-finale;Zamalek;Extérieur;F. Ondama;Tit.;90;0.0;0.0;0.0;0;0
2016;2016-09-16;Demi-finale;Zamalek;Extérieur;A. Khadrouf;Tit.;45;0.0;0.0;0.0;0;0
2016;2016-09-16;Demi-finale;Zamalek;Extérieur;W. Jibor;Tit.;38;0.0;0.0;0.0;0;0
2016;2016-09-16;Demi-finale;Zamalek;Extérieur;A. Asbahi;Tit.;23;0.0;0.0;0.0;0;0
2016;2016-09-24;Demi-finale;Zamalek;Domicile;Z. Laaroubi;Tit.;90;0.0;1.0;0.0;0;0
2016;2016-09-24;Demi-finale;Zamalek;Domicile;F. Aktaw;Tit.;90;0.0;0.0;0.0;0;0
2016;2016-09-24;Demi-finale;Zamalek;Domicile;M. Fall;Tit.;90;0.0;0.0;0.0;0;0
2016;2016-09-24;Demi-finale;Zamalek;Domicile;A. Atouchi;Tit.;90;0.0;0.0;0.0;0;0
2016;2016-09-24;Demi-finale;Zamalek;Domicile;A. Noussair;Tit.;87;0.0;0.0;0.0;0;0
2016;2016-09-24;Demi-finale;Zamalek;Domicile;S. Saidi;Tit.;90;0.0;0.0;0.0;0;0
2016;2016-09-24;Demi-finale;Zamalek;Domicile;B. Nekkach;Tit.;75;0.0;0.0;0.0;0;0
2016;2016-09-24;Demi-finale;Zamalek;Domicile;I. Haddad;Tit.;90;0.0;0.0;0.0;0;0
2016;2016-09-24;Demi-finale;Zamalek;Domicile;F. Ondama;Tit.;90;0.0;0.0;0.0;0;0
2016;2016-09-24;Demi-finale;Zamalek;Domicile;Tchikatara C.;Tit.;45;0.0;0.0;0.0;0;0
2016;2016-09-24;Demi-finale;Zamalek;Domicile;W. Jibor;Tit.;90;0.0;0.0;0.0;0;0
2016;2016-09-24;Demi-finale;Zamalek;Domicile;M. Ounajem;Remp.;45;0.0;0.0;0.0;0;0
2016;2016-09-24;Demi-finale;Zamalek;Domicile;A. Khadrouf;Remp.;15;0.0;0.0;0.0;0;0
2016;2016-09-24;Demi-finale;Zamalek;Domicile;A. Asbahi;Remp.;3;0.0;0.0;0.0;0;0
2017;2017-03-11;Deuxième tour;Mounana - Gabon;Domicile;Z. Laaroubi;Tit.;90;0.0;0.0;0.0;0;0
2017;2017-03-11;Deuxième tour;Mounana - Gabon;Domicile;B. Gadarine;Tit.;70;0.0;0.0;0.0;0;0
2017;2017-03-11;Deuxième tour;Mounana - Gabon;Domicile;Y. Rabeh;Tit.;90;0.0;0.0;0.0;0;0
2017;2017-03-11;Deuxième tour;Mounana - Gabon;Domicile;M. Fall;Tit.;90;0.0;0.0;0.0;0;0
2017;2017-03-11;Deuxième tour;Mounana - Gabon;Domicile;A. Noussair;Tit.;90;0.0;0.0;0.0;0;0
2017;2017-03-11;Deuxième tour;Mounana - Gabon;Domicile;B. Nekkach;Tit.;90;0.0;0.0;0.0;0;0
2017;2017-03-11;Deuxième tour;Mounana - Gabon;Domicile;W. El Karti;Tit.;67;0.0;0.0;0.0;0;0
2017;2017-03-11;Deuxième tour;Mounana - Gabon;Domicile;A. Bencharki;Tit.;90;0.0;0.0;0.0;0;0
2017;2017-03-11;Deuxième tour;Mounana - Gabon;Domicile;M. Ounajem;Tit.;90;0.0;0.0;0.0;0;0
2017;2017-03-11;Deuxième tour;Mounana - Gabon;Domicile;F. Ondama;Tit.;90;0.0;0.0;0.0;0;0
2017;2017-03-11;Deuxième tour;Mounana - Gabon;Domicile;W. Jibor;Tit.;90;1.0;0.0;0.0;0;0
2017;2017-03-11;Deuxième tour;Mounana - Gabon;Domicile;A. Khadrouf;Remp.;23;0.0;0.0;0.0;0;0
2017;2017-03-11;Deuxième tour;Mounana - Gabon;Domicile;A. Atouchi;Remp.;20;0.0;0.0;0.0;0;0
2017;2017-03-18;Deuxième tour;Mounana - Gabon;Extérieur;Z. Laaroubi;Tit.;90;0.0;1.0;0.0;0;0
2017;2017-03-18;Deuxième tour;Mounana - Gabon;Extérieur;B. Gadarine;Tit.;90;0.0;0.0;0.0;1;0
2017;2017-03-18;Deuxième tour;Mounana - Gabon;Extérieur;M. Fall;Tit.;90;0.0;0.0;0.0;0;0
2017;2017-03-18;Deuxième tour;Mounana - Gabon;Extérieur;Y. Rabeh;Tit.;90;0.0;1.0;0.0;1;0
2017;2017-03-18;Deuxième tour;Mounana - Gabon;Extérieur;A. Atouchi;Tit.;90;0.0;0.0;0.0;1;0
2017;2017-03-18;Deuxième tour;Mounana - Gabon;Extérieur;A. Noussair;Tit.;90;0.0;0.0;0.0;0;0
2017;2017-03-18;Deuxième tour;Mounana - Gabon;Extérieur;B. Nekkach;Tit.;90;0.0;0.0;0.0;0;0
2017;2017-03-18;Deuxième tour;Mounana - Gabon;Extérieur;W. El Karti;Tit.;90;0.0;0.0;0.0;0;0
2017;2017-03-18;Deuxième tour;Mounana - Gabon;Extérieur;A. Bencharki;Tit.;77;0.0;1.0;0.0;0;0
2017;2017-03-18;Deuxième tour;Mounana - Gabon;Extérieur;M. Ounajem;Tit.;89;0.0;1.0;0.0;0;0
2017;2017-03-18;Deuxième tour;Mounana - Gabon;Extérieur;W. Jibor;Tit.;65;0.0;0.0;0.0;0;0
2017;2017-03-18;Deuxième tour;Mounana - Gabon;Extérieur;F. Ondama;Remp.;25;0.0;0.0;0.0;0;0
2017;2017-03-18;Deuxième tour;Mounana - Gabon;Extérieur;A. Khadrouf;Remp.;13;0.0;0.0;0.0;1;0
2017;2017-03-18;Deuxième tour;Mounana - Gabon;Extérieur;J. Ait Ben Idder;Remp.;1;0.0;0.0;0.0;1;0
2017;2017-05-12;Phase de poules;Coton Sport - Cameroun;Domicile;Z. Laaroubi;Tit.;90;0.0;0.0;0.0;0;0
2017;2017-05-12;Phase de poules;Coton Sport - Cameroun;Domicile;A. Lamrabet;Tit.;90;0.0;0.0;0.0;0;0
2017;2017-05-12;Phase de poules;Coton Sport - Cameroun;Domicile;Y. Rabeh;Tit.;90;0.0;0.0;0.0;0;0
2017;2017-05-12;Phase de poules;Coton Sport - Cameroun;Domicile;A. Atouchi;Tit.;90;1.0;0.0;0.0;0;0
2017;2017-05-12;Phase de poules;Coton Sport - Cameroun;Domicile;A. Noussair;Tit.;90;0.0;0.0;0.0;0;0
2017;2017-05-12;Phase de poules;Coton Sport - Cameroun;Domicile;S. Saidi;Tit.;90;0.0;0.0;0.0;0;0
2017;2017-05-12;Phase de poules;Coton Sport - Cameroun;Domicile;W. El Karti;Tit.;71;0.0;0.0;0.0;0;0
2017;2017-05-12;Phase de poules;Coton Sport - Cameroun;Domicile;I. Haddad;Tit.;34;0.0;0.0;0.0;0;0
2017;2017-05-12;Phase de poules;Coton Sport - Cameroun;Domicile;A. Khadrouf;Tit.;78;0.0;0.0;0.0;0;0
2017;2017-05-12;Phase de poules;Coton Sport - Cameroun;Domicile;M. Ounajem;Tit.;90;0.0;0.0;0.0;0;0
2017;2017-05-12;Phase de poules;Coton Sport - Cameroun;Domicile;W. Jibor;Tit.;90;1.0;0.0;0.0;0;0
2017;2017-05-12;Phase de poules;Coton Sport - Cameroun;Domicile;B. Nekkach;Remp.;19;0.0;1.0;0.0;0;0
2017;2017-05-12;Phase de poules;Coton Sport - Cameroun;Domicile;A. Bencharki;Remp.;56;0.0;0.0;0.0;0;0
2017;2017-05-12;Phase de poules;Coton Sport - Cameroun;Domicile;A. Asbahi;Tit.;12;0.0;0.0;0.0;0;0
2017;2017-07-01;Phase de poules;Coton Sport - Cameroun;Extérieur;Z. Laaroubi;Tit.;90;0.0;0.0;0.0;0;0
2017;2017-07-01;Phase de poules;Coton Sport - Cameroun;Extérieur;A. Lamrabet;Tit.;90;0.0;1.0;0.0;0;0
2017;2017-07-01;Phase de poules;Coton Sport - Cameroun;Extérieur;Y. Rabeh;Tit.;90;0.0;0.0;0.0;0;0
2017;2017-07-01;Phase de poules;Coton Sport - Cameroun;Extérieur;N. Aarab;Tit.;90;1.0;0.0;0.0;0;0
2017;2017-07-01;Phase de poules;Coton Sport - Cameroun;Extérieur;A. Noussair;Tit.;90;0.0;0.0;0.0;0;0
2017;2017-07-01;Phase de poules;Coton Sport - Cameroun;Extérieur;J. Ait Ben Idder;Tit.;90;0.0;0.0;0.0;0;0
2017;2017-07-01;Phase de poules;Coton Sport - Cameroun;Extérieur;M. Ounajem;Tit.;90;0.0;0.0;0.0;0;0
2017;2017-07-01;Phase de poules;Coton Sport - Cameroun;Extérieur;A. Asbahi;Tit.;71;0.0;1.0;0.0;0;0
2017;2017-07-01;Phase de poules;Coton Sport - Cameroun;Extérieur;S. Saidi;Tit.;90;0.0;0.0;0.0;0;0
2017;2017-07-01;Phase de poules;Coton Sport - Cameroun;Extérieur;I. Haddad;Tit.;76;0.0;0.0;0.0;0;0
2017;2017-07-01;Phase de poules;Coton Sport - Cameroun;Extérieur;A. Bencharki;Tit.;83;1.0;0.0;0.0;0;0
2017;2017-07-01;Phase de poules;Coton Sport - Cameroun;Extérieur;W. El Karti;Remp.;19;0.0;0.0;0.0;0;0
2017;2017-07-01;Phase de poules;Coton Sport - Cameroun;Extérieur;A. Khadrouf;Remp.;14;0.0;0.0;0.0;0;0
2017;2017-07-01;Phase de poules;Coton Sport - Cameroun;Extérieur;B. Nekkach;Remp.;7;0.0;0.0;0.0;0;0
2017;2017-05-24;Phase de poules;Zanaco - Zambie;Extérieur;Z. Laaroubi;Tit.;90;0.0;0.0;0.0;0;0
2017;2017-05-24;Phase de poules;Zanaco - Zambie;Extérieur;A. Lamrabet;Tit.;90;0.0;0.0;0.0;0;0
2017;2017-05-24;Phase de poules;Zanaco - Zambie;Extérieur;Y. Rabeh;Tit.;90;0.0;0.0;0.0;0;0
2017;2017-05-24;Phase de poules;Zanaco - Zambie;Extérieur;A. Atouchi;Tit.;90;0.0;0.0;0.0;0;0
2017;2017-05-24;Phase de poules;Zanaco - Zambie;Extérieur;A. Noussair;Tit.;90;0.0;0.0;0.0;0;0
2017;2017-05-24;Phase de poules;Zanaco - Zambie;Extérieur;B. Nekkach;Tit.;64;0.0;0.0;0.0;0;0
2017;2017-05-24;Phase de poules;Zanaco - Zambie;Extérieur;S. Saidi;Tit.;90;0.0;0.0;0.0;0;0
2017;2017-05-24;Phase de poules;Zanaco - Zambie;Extérieur;W. El Karti;Tit.;90;0.0;0.0;0.0;0;0
2017;2017-05-24;Phase de poules;Zanaco - Zambie;Extérieur;M. Ounajem;Tit.;90;0.0;0.0;0.0;0;0
2017;2017-05-24;Phase de poules;Zanaco - Zambie;Extérieur;A. Bencharki;Tit.;71;0.0;0.0;0.0;0;0
2017;2017-05-24;Phase de poules;Zanaco - Zambie;Extérieur;F. Ondama;Tit.;90;0.0;0.0;0.0;0;0
2017;2017-05-24;Phase de poules;Zanaco - Zambie;Extérieur;W. Jibor;Remp.;26;0.0;0.0;0.0;0;0
2017;2017-05-24;Phase de poules;Zanaco - Zambie;Extérieur;Tchikatara C.;Remp.;19;0.0;0.0;0.0;0;0
2017;2017-07-08;Phase de poules;Zanaco - Zambie;Domicile;Z. Laaroubi;Tit.;90;0.0;0.0;0.0;0;0
2017;2017-07-08;Phase de poules;Zanaco - Zambie;Domicile;B. Gadarine;Tit.;90;0.0;0.0;0.0;0;0
2017;2017-07-08;Phase de poules;Zanaco - Zambie;Domicile;N. Aarab;Tit.;90;0.0;0.0;0.0;0;0
2017;2017-07-08;Phase de poules;Zanaco - Zambie;Domicile;Y. Rabeh;Tit.;90;0.0;0.0;0.0;0;0
2017;2017-07-08;Phase de poules;Zanaco - Zambie;Domicile;A. Noussair;Tit.;90;0.0;0.0;0.0;0;0
2017;2017-07-08;Phase de poules;Zanaco - Zambie;Domicile;S. Saidi;Tit.;90;0.0;0.0;0.0;0;0
2017;2017-07-08;Phase de poules;Zanaco - Zambie;Domicile;A. Asbahi;Tit.;61;0.0;0.0;0.0;0;0
2017;2017-07-08;Phase de poules;Zanaco - Zambie;Domicile;W. El Karti;Tit.;90;0.0;0.0;0.0;0;0
2017;2017-07-08;Phase de poules;Zanaco - Zambie;Domicile;I. Haddad;Tit.;89;0.0;0.0;0.0;0;0
2017;2017-07-08;Phase de poules;Zanaco - Zambie;Domicile;M. Ounajem;Tit.;73;0.0;0.0;0.0;0;0
2017;2017-07-08;Phase de poules;Zanaco - Zambie;Domicile;A. Bencharki;Tit.;90;1.0;0.0;0.0;0;0
2017;2017-07-08;Phase de poules;Zanaco - Zambie;Domicile;A. Khadrouf;Remp.;29;0.0;0.0;0.0;0;0
2017;2017-07-08;Phase de poules;Zanaco - Zambie;Domicile;J. Ait Ben Idder;Remp.;17;0.0;0.0;0.0;0;0
2017;2017-07-08;Phase de poules;Zanaco - Zambie;Domicile;B. Nekkach;Remp.;1;0.0;0.0;0.0;0;0
2017;2017-06-04;Phase de poules;Al Ahly;Extérieur;Z. Laaroubi;Tit.;90;0.0;0.0;0.0;0;0
2017;2017-06-04;Phase de poules;Al Ahly;Extérieur;A. Lamrabet;Tit.;65;0.0;0.0;0.0;0;0
2017;2017-06-04;Phase de poules;Al Ahly;Extérieur;Y. Rabeh;Tit.;90;0.0;0.0;0.0;0;0
2017;2017-06-04;Phase de poules;Al Ahly;Extérieur;A. Atouchi;Tit.;90;0.0;0.0;0.0;0;0
2017;2017-06-04;Phase de poules;Al Ahly;Extérieur;A. Noussair;Tit.;90;0.0;0.0;0.0;0;0
2017;2017-06-04;Phase de poules;Al Ahly;Extérieur;S. Saidi;Tit.;90;0.0;0.0;0.0;0;0
2017;2017-06-04;Phase de poules;Al Ahly;Extérieur;B. Nekkach;Tit.;90;0.0;1.0;0.0;0;0
2017;2017-06-04;Phase de poules;Al Ahly;Extérieur;W. El Karti;Tit.;90;0.0;0.0;0.0;0;0
2017;2017-06-04;Phase de poules;Al Ahly;Extérieur;M. Ounajem;Tit.;90;0.0;0.0;0.0;0;0
2017;2017-06-04;Phase de poules;Al Ahly;Extérieur;A. Khadrouf;Tit.;64;0.0;0.0;0.0;0;0
2017;2017-06-04;Phase de poules;Al Ahly;Extérieur;W. Jibor;Tit.;90;0.0;0.0;0.0;0;0
2017;2017-06-04;Phase de poules;Al Ahly;Extérieur;F. Ondama;Remp.;26;0.0;0.0;0.0;0;0
2017;2017-06-04;Phase de poules;Al Ahly;Extérieur;I. Haddad;Remp.;25;0.0;0.0;0.0;0;0
2017;2017-06-21;Phase de poules;Al Ahly;Domicile;Z. Laaroubi;Tit.;90;0.0;0.0;0.0;0;0
2017;2017-06-21;Phase de poules;Al Ahly;Domicile;B. Gadarine;Tit.;90;0.0;1.0;0.0;0;0
2017;2017-06-21;Phase de poules;Al Ahly;Domicile;Y. Rabeh;Tit.;90;0.0;0.0;0.0;0;0
2017;2017-06-21;Phase de poules;Al Ahly;Domicile;A. Atouchi;Tit.;45;0.0;0.0;0.0;0;0
2017;2017-06-21;Phase de poules;Al Ahly;Domicile;A. Noussair;Tit.;90;0.0;0.0;0.0;0;0
2017;2017-06-21;Phase de poules;Al Ahly;Domicile;S. Saidi;Tit.;90;0.0;0.0;0.0;0;0
2017;2017-06-21;Phase de poules;Al Ahly;Domicile;A. Asbahi;Tit.;70;0.0;0.0;0.0;0;0
2017;2017-06-21;Phase de poules;Al Ahly;Domicile;J. Ait Ben Idder;Tit.;90;0.0;0.0;0.0;0;0
2017;2017-06-21;Phase de poules;Al Ahly;Domicile;A. Bencharki;Tit.;86;0.0;0.0;0.0;0;0
2017;2017-06-21;Phase de poules;Al Ahly;Domicile;F. Ondama;Tit.;90;1.0;0.0;0.0;0;0
2017;2017-06-21;Phase de poules;Al Ahly;Domicile;M. Ounajem;Tit.;90;0.0;0.0;0.0;0;0
2017;2017-06-21;Phase de poules;Al Ahly;Domicile;M. Fall;Remp.;45;0.0;0.0;0.0;0;0
2017;2017-06-21;Phase de poules;Al Ahly;Domicile;W. El Karti;Remp.;20;1.0;0.0;0.0;0;0
2017;2017-06-21;Phase de poules;Al Ahly;Domicile;I. Haddad;Remp.;4;0.0;1.0;0.0;0;0
2018;2018-03-07;Deuxième tour;WilliamsVille AC - Côte d'Ivoire;Domicile;Z. Laaroubi;Tit.;90;0.0;0.0;0.0;0;0
2018;2018-03-07;Deuxième tour;WilliamsVille AC - Côte d'Ivoire;Domicile;M. Nahiri;Tit.;90;1.0;0.0;0.0;0;0
2018;2018-03-07;Deuxième tour;WilliamsVille AC - Côte d'Ivoire;Domicile;A. Attouchi;Tit.;90;0.0;0.0;0.0;0;0
2018;2018-03-07;Deuxième tour;WilliamsVille AC - Côte d'Ivoire;Domicile;C.I. Comara;Tit.;90;0.0;0.0;0.0;0;0
2018;2018-03-07;Deuxième tour;WilliamsVille AC - Côte d'Ivoire;Domicile;A. Noussair;Tit.;90;0.0;1.0;0.0;0;0
2018;2018-03-07;Deuxième tour;WilliamsVille AC - Côte d'Ivoire;Domicile;S. Saidi;Tit.;90;0.0;0.0;0.0;0;0
2018;2018-03-07;Deuxième tour;WilliamsVille AC - Côte d'Ivoire;Domicile;B. Nekkach;Tit.;90;0.0;0.0;0.0;0;0
2018;2018-03-07;Deuxième tour;WilliamsVille AC - Côte d'Ivoire;Domicile;A. Tighazoui;Tit.;75;2.0;0.0;0.0;0;0
2018;2018-03-07;Deuxième tour;WilliamsVille AC - Côte d'Ivoire;Domicile;I. Haddad;Tit.;90;3.0;0.0;0.0;0;0
2018;2018-03-07;Deuxième tour;WilliamsVille AC - Côte d'Ivoire;Domicile;M. Aoulad;Tit.;53;1.0;0.0;0.0;0;0
2018;2018-03-07;Deuxième tour;WilliamsVille AC - Côte d'Ivoire;Domicile;A. El Hassouni;Tit.;88;0.0;0.0;0.0;0;0
2018;2018-03-07;Deuxième tour;WilliamsVille AC - Côte d'Ivoire;Domicile;W. El Karti;Remp.;37;0.0;0.0;0.0;0;0
2018;2018-03-07;Deuxième tour;WilliamsVille AC - Côte d'Ivoire;Domicile;Z. El Hachimi;Remp.;15;0.0;0.0;0.0;0;0
2018;2018-03-07;Deuxième tour;WilliamsVille AC - Côte d'Ivoire;Domicile;Tchikatara C.;Remp.;2;0.0;0.0;0.0;0;0
2018;2018-03-17;Deuxième tour;WilliamsVille AC - Côte d'Ivoire;Extérieur;Z. Laaroubi;Tit.;90;0.0;0.0;0.0;0;0
2018;2018-03-17;Deuxième tour;WilliamsVille AC - Côte d'Ivoire;Extérieur;A. Attouchi;Tit.;90;0.0;0.0;0.0;0;0
2018;2018-03-17;Deuxième tour;WilliamsVille AC - Côte d'Ivoire;Extérieur;C.I. Comara;Tit.;90;0.0;1.0;0.0;0;0
2018;2018-03-17;Deuxième tour;WilliamsVille AC - Côte d'Ivoire;Extérieur;Z. El Hachimi;Tit.;90;0.0;0.0;0.0;0;0
2018;2018-03-17;Deuxième tour;WilliamsVille AC - Côte d'Ivoire;Extérieur;A. Kaoutari;Tit.;59;0.0;0.0;0.0;0;0
2018;2018-03-17;Deuxième tour;WilliamsVille AC - Côte d'Ivoire;Extérieur;M. Nahiri;Tit.;90;0.0;0.0;0.0;0;0
2018;2018-03-17;Deuxième tour;WilliamsVille AC - Côte d'Ivoire;Extérieur;B. Nekkach;Tit.;90;0.0;0.0;0.0;0;0
2018;2018-03-17;Deuxième tour;WilliamsVille AC - Côte d'Ivoire;Extérieur;F. Haddadi (Fayçal);Tit.;65;0.0;0.0;0.0;0;0
2018;2018-03-17;Deuxième tour;WilliamsVille AC - Côte d'Ivoire;Extérieur;W. El Karti;Tit.;90;0.0;0.0;0.0;0;0
2018;2018-03-17;Deuxième tour;WilliamsVille AC - Côte d'Ivoire;Extérieur;R. Hossni;Tit.;90;0.0;1.0;0.0;0;0
2018;2018-03-17;Deuxième tour;WilliamsVille AC - Côte d'Ivoire;Extérieur;M. Aoulad;Tit.;71;0.0;0.0;0.0;0;0
2018;2018-03-17;Deuxième tour;WilliamsVille AC - Côte d'Ivoire;Extérieur;A. Tighazoui;Tit.;31;0.0;0.0;0.0;0;0
2018;2018-03-17;Deuxième tour;WilliamsVille AC - Côte d'Ivoire;Extérieur;A. El Hassouni;Tit.;25;0.0;0.0;0.0;0;0
2018;2018-03-17;Deuxième tour;WilliamsVille AC - Côte d'Ivoire;Extérieur;A. Quintana;Tit.;19;0.0;0.0;0.0;0;0
2018;2018-05-05;Phase de poules;Sundowns / AFS;Extérieur;Y. El Kharoubi;Tit.;90;0.0;0.0;0.0;0;0
2018;2018-05-05;Phase de poules;Sundowns / AFS;Extérieur;A. Attouchi;Tit.;10;0.0;0.0;0.0;0;0
2018;2018-05-05;Phase de poules;Sundowns / AFS;Extérieur;C.I. Comara;Tit.;90;0.0;0.0;0.0;0;0
2018;2018-05-05;Phase de poules;Sundowns / AFS;Extérieur;B. Gadarine;Tit.;90;0.0;0.0;0.0;0;0
2018;2018-05-05;Phase de poules;Sundowns / AFS;Extérieur;M. Nahiri;Tit.;90;0.0;0.0;0.0;0;0
2018;2018-05-05;Phase de poules;Sundowns / AFS;Extérieur;S. Saidi;Tit.;90;0.0;1.0;0.0;0;0
2018;2018-05-05;Phase de poules;Sundowns / AFS;Extérieur;B. Nekkach;Tit.;90;0.0;0.0;0.0;0;0
2018;2018-05-05;Phase de poules;Sundowns / AFS;Extérieur;W. El Karti;Tit.;90;0.0;0.0;0.0;0;0
2018;2018-05-05;Phase de poules;Sundowns / AFS;Extérieur;A. Tighazoui;Tit.;87;0.0;0.0;0.0;0;0
2018;2018-05-05;Phase de poules;Sundowns / AFS;Extérieur;M. Ounajem;Tit.;74;0.0;0.0;0.0;0;0
2018;2018-05-05;Phase de poules;Sundowns / AFS;Extérieur;I. Haddad;Tit.;90;1.0;0.0;0.0;0;0
2018;2018-05-05;Phase de poules;Sundowns / AFS;Extérieur;N. Aarab;Remp.;80;0.0;1.0;0.0;0;0
2018;2018-05-05;Phase de poules;Sundowns / AFS;Extérieur;A. Noussair;Remp.;16;0.0;0.0;0.0;0;0
2018;2018-05-05;Phase de poules;Sundowns / AFS;Extérieur;A. Quintana;Remp.;3;0.0;0.0;0.0;0;0
2018;2018-05-15;Phase de poules;AS Togo Port - Togo;Domicile;Z. Laaroubi;Tit.;90;0.0;0.0;0.0;0;0
2018;2018-05-15;Phase de poules;AS Togo Port - Togo;Domicile;B. Gadarine;Tit.;90;0.0;0.0;0.0;0;0
2018;2018-05-15;Phase de poules;AS Togo Port - Togo;Domicile;N. Aarab;Tit.;90;1.0;0.0;0.0;0;0
2018;2018-05-15;Phase de poules;AS Togo Port - Togo;Domicile;M. Nahiri;Tit.;90;1.0;1.0;0.0;0;0
2018;2018-05-15;Phase de poules;AS Togo Port - Togo;Domicile;A. Noussair;Tit.;90;0.0;0.0;0.0;0;0
2018;2018-05-15;Phase de poules;AS Togo Port - Togo;Domicile;S. Saidi;Tit.;90;0.0;1.0;0.0;0;0
2018;2018-05-15;Phase de poules;AS Togo Port - Togo;Domicile;B. Nekkach;Tit.;78;0.0;0.0;0.0;0;0
2018;2018-05-15;Phase de poules;AS Togo Port - Togo;Domicile;I. Haddad;Tit.;90;0.0;0.0;0.0;0;0
2018;2018-05-15;Phase de poules;AS Togo Port - Togo;Domicile;M. Ounajem;Tit.;90;1.0;0.0;0.0;0;0
2018;2018-05-15;Phase de poules;AS Togo Port - Togo;Domicile;A. Tighazoui;Tit.;88;0.0;0.0;0.0;0;0
2018;2018-05-15;Phase de poules;AS Togo Port - Togo;Domicile;A. El Hassouni;Tit.;75;0.0;0.0;0.0;0;0
2018;2018-05-15;Phase de poules;AS Togo Port - Togo;Domicile;W. El Karti;Remp.;15;0.0;0.0;0.0;0;0
2018;2018-05-15;Phase de poules;AS Togo Port - Togo;Domicile;J. Ait Ben Idder;Remp.;12;0.0;0.0;0.0;0;0
2018;2018-05-15;Phase de poules;AS Togo Port - Togo;Domicile;Tchikatara C.;Remp.;2;0.0;0.0;0.0;0;0
2018;2018-07-17;Phase de poules;Horoya;Extérieur;Y. El Kharoubi;Tit.;90;0.0;0.0;0.0;0;0
2018;2018-07-17;Phase de poules;Horoya;Extérieur;M. Nahiri;Tit.;90;0.0;0.0;0.0;0;0
2018;2018-07-17;Phase de poules;Horoya;Extérieur;N. Aarab;Tit.;90;0.0;0.0;0.0;0;0
2018;2018-07-17;Phase de poules;Horoya;Extérieur;C.I. Comara;Tit.;90;0.0;0.0;0.0;0;0
2018;2018-07-17;Phase de poules;Horoya;Extérieur;A. Noussair;Tit.;90;0.0;0.0;0.0;0;0
2018;2018-07-17;Phase de poules;Horoya;Extérieur;B. Nekkach;Tit.;90;0.0;1.0;0.0;0;0
2018;2018-07-17;Phase de poules;Horoya;Extérieur;A. Asbahi;Tit.;67;0.0;1.0;0.0;0;0
2018;2018-07-17;Phase de poules;Horoya;Extérieur;M. Ounajem;Tit.;90;0.0;1.0;0.0;0;0
2018;2018-07-17;Phase de poules;Horoya;Extérieur;W. El Karti;Tit.;90;0.0;1.0;0.0;0;0
2018;2018-07-17;Phase de poules;Horoya;Extérieur;I. Haddad;Tit.;89;1.0;1.0;0.0;0;0
2018;2018-07-17;Phase de poules;Horoya;Extérieur;M. Babatunde;Tit.;77;0.0;0.0;0.0;0;0
2018;2018-07-17;Phase de poules;Horoya;Extérieur;A. El Hassouni;Remp.;23;0.0;0.0;0.0;0;0
2018;2018-07-17;Phase de poules;Horoya;Extérieur;R. Hossni;Remp.;13;0.0;0.0;0.0;0;0
2018;2018-07-17;Phase de poules;Horoya;Extérieur;B. Gadarine;Remp.;1;0.0;0.0;0.0;0;0
2018;2018-07-28;Phase de poules;Horoya;Domicile;A. R. Tagnaouti;Tit.;90;0.0;0.0;0.0;0;0
2018;2018-07-28;Phase de poules;Horoya;Domicile;B. Gadarine;Tit.;90;0.0;0.0;0.0;0;0
2018;2018-07-28;Phase de poules;Horoya;Domicile;C.I. Comara;Tit.;90;1.0;0.0;0.0;0;0
2018;2018-07-28;Phase de poules;Horoya;Domicile;M. Nahiri;Tit.;90;0.0;0.0;0.0;0;0
2018;2018-07-28;Phase de poules;Horoya;Domicile;A. Noussair;Tit.;90;0.0;0.0;0.0;0;0
2018;2018-07-28;Phase de poules;Horoya;Domicile;B. Nekkach;Tit.;90;0.0;1.0;0.0;0;0
2018;2018-07-28;Phase de poules;Horoya;Domicile;S. Saidi;Tit.;90;0.0;0.0;0.0;0;0
2018;2018-07-28;Phase de poules;Horoya;Domicile;W. El Karti;Tit.;83;0.0;0.0;0.0;0;0
2018;2018-07-28;Phase de poules;Horoya;Domicile;I. Haddad;Tit.;89;0.0;0.0;0.0;0;0
2018;2018-07-28;Phase de poules;Horoya;Domicile;M. Ounajem;Tit.;90;1.0;0.0;0.0;0;0
2018;2018-07-28;Phase de poules;Horoya;Domicile;M. Babatunde;Tit.;72;0.0;0.0;0.0;0;0
2018;2018-07-28;Phase de poules;Horoya;Domicile;A. Tighazoui;Remp.;18;0.0;0.0;0.0;0;0
2018;2018-07-28;Phase de poules;Horoya;Domicile;A. El Hassouni;Remp.;7;0.0;0.0;0.0;0;0
2018;2018-07-28;Phase de poules;Horoya;Domicile;A. Asbahi;Remp.;1;0.0;0.0;0.0;0;0
2018;2018-08-17;Phase de poules;Sundowns / AFS;Domicile;Y. El Kharoubi;Tit.;90;0.0;0.0;0.0;0;0
2018;2018-08-17;Phase de poules;Sundowns / AFS;Domicile;B. Gadarine;Tit.;90;0.0;0.0;0.0;0;0
2018;2018-08-17;Phase de poules;Sundowns / AFS;Domicile;M. Nahiri;Tit.;90;0.0;1.0;0.0;0;0
2018;2018-08-17;Phase de poules;Sundowns / AFS;Domicile;C.I. Comara;Tit.;90;0.0;0.0;0.0;0;0
2018;2018-08-17;Phase de poules;Sundowns / AFS;Domicile;A. Noussair;Tit.;90;0.0;1.0;0.0;0;0
2018;2018-08-17;Phase de poules;Sundowns / AFS;Domicile;M. Ounajem;Tit.;88;0.0;1.0;0.0;0;0
2018;2018-08-17;Phase de poules;Sundowns / AFS;Domicile;S. Saidi;Tit.;90;0.0;0.0;0.0;0;0
2018;2018-08-17;Phase de poules;Sundowns / AFS;Domicile;W. El Karti;Tit.;90;0.0;0.0;0.0;0;0
2018;2018-08-17;Phase de poules;Sundowns / AFS;Domicile;I. Haddad;Tit.;79;0.0;0.0;0.0;0;0
2018;2018-08-17;Phase de poules;Sundowns / AFS;Domicile;A. Asbahi;Tit.;90;1.0;0.0;0.0;0;0
2018;2018-08-17;Phase de poules;Sundowns / AFS;Domicile;M. Babatunde;Tit.;69;0.0;0.0;0.0;0;0
2018;2018-08-17;Phase de poules;Sundowns / AFS;Domicile;N. Aarab;Remp.;2;0.0;0.0;0.0;0;0
2018;2018-08-17;Phase de poules;Sundowns / AFS;Domicile;A. El Hassouni;Remp.;11;0.0;0.0;0.0;0;0
2018;2018-08-17;Phase de poules;Sundowns / AFS;Domicile;A. Tighazoui;Remp.;21;0.0;0.0;0.0;0;0
2018;2018-08-28;Phase de poules;AS Togo Port - Togo;Extérieur;B. Benachour;Tit.;90;0.0;0.0;0.0;0;0
2018;2018-08-28;Phase de poules;AS Togo Port - Togo;Extérieur;B. Gadarine;Tit.;90;0.0;0.0;0.0;0;0
2018;2018-08-28;Phase de poules;AS Togo Port - Togo;Extérieur;C.I. Comara;Tit.;90;0.0;0.0;0.0;0;0
2018;2018-08-28;Phase de poules;AS Togo Port - Togo;Extérieur;S. Saidi;Tit.;90;0.0;0.0;0.0;0;0
2018;2018-08-28;Phase de poules;AS Togo Port - Togo;Extérieur;N. Aarab;Tit.;75;0.0;0.0;0.0;0;0
2018;2018-08-28;Phase de poules;AS Togo Port - Togo;Extérieur;B. Nekkach;Tit.;90;0.0;1.0;0.0;0;0
2018;2018-08-28;Phase de poules;AS Togo Port - Togo;Extérieur;W. El Karti;Tit.;90;0.0;0.0;0.0;0;0
2018;2018-08-28;Phase de poules;AS Togo Port - Togo;Extérieur;A. Asbahi;Tit.;90;0.0;0.0;0.0;0;0
2018;2018-08-28;Phase de poules;AS Togo Port - Togo;Extérieur;M. Babatunde;Tit.;89;0.0;0.0;0.0;0;0
2018;2018-08-28;Phase de poules;AS Togo Port - Togo;Extérieur;F. Haddadi (Fayçal);Tit.;61;0.0;0.0;0.0;0;0
2018;2018-08-28;Phase de poules;AS Togo Port - Togo;Extérieur;A. Tighazoui;Tit.;90;0.0;0.0;0.0;0;0
2018;2018-08-28;Phase de poules;AS Togo Port - Togo;Extérieur;A. El Hassouni;Remp.;29;0.0;0.0;0.0;0;0
2018;2018-08-28;Phase de poules;AS Togo Port - Togo;Extérieur;R. Hossni;Remp.;15;0.0;0.0;0.0;0;0
2018;2018-08-28;Phase de poules;AS Togo Port - Togo;Extérieur;J. Ait Ben Idder;Remp.;1;0.0;0.0;0.0;0;0
2018;2018-09-14;Quart-finale;ES Sétif - Algérie;Extérieur;Y. El Kharoubi;Tit.;90;0.0;0.0;0.0;0;0
2018;2018-09-14;Quart-finale;ES Sétif - Algérie;Extérieur;M. Nahiri;Tit.;90;0.0;0.0;0.0;0;0
2018;2018-09-14;Quart-finale;ES Sétif - Algérie;Extérieur;N. Aarab;Tit.;90;0.0;0.0;0.0;0;0
2018;2018-09-14;Quart-finale;ES Sétif - Algérie;Extérieur;C.I. Comara;Tit.;90;0.0;0.0;0.0;0;0
2018;2018-09-14;Quart-finale;ES Sétif - Algérie;Extérieur;A. Noussair;Tit.;90;0.0;0.0;0.0;0;0
2018;2018-09-14;Quart-finale;ES Sétif - Algérie;Extérieur;B. Nekkach;Tit.;90;0.0;1.0;0.0;0;0
2018;2018-09-14;Quart-finale;ES Sétif - Algérie;Extérieur;S. Saidi;Tit.;90;0.0;0.0;0.0;0;0
2018;2018-09-14;Quart-finale;ES Sétif - Algérie;Extérieur;W. El Karti;Tit.;77;0.0;0.0;0.0;0;0
2018;2018-09-14;Quart-finale;ES Sétif - Algérie;Extérieur;M. Ounajem;Tit.;90;0.0;0.0;0.0;0;0
2018;2018-09-14;Quart-finale;ES Sétif - Algérie;Extérieur;I. Haddad;Tit.;90;0.0;0.0;0.0;0;0
2018;2018-09-14;Quart-finale;ES Sétif - Algérie;Extérieur;M. Babatunde;Tit.;60;0.0;0.0;0.0;0;0
2018;2018-09-14;Quart-finale;ES Sétif - Algérie;Extérieur;A. El Hassouni;Remp.;30;0.0;0.0;0.0;0;0
2018;2018-09-14;Quart-finale;ES Sétif - Algérie;Extérieur;A. Tighazoui;Tit.;13;0.0;0.0;0.0;0;0
2018;2018-09-21;Quart-finale;ES Sétif - Algérie;Domicile;Y. El Kharoubi;Tit.;90;0.0;0.0;0.0;0;0
2018;2018-09-21;Quart-finale;ES Sétif - Algérie;Domicile;M. Nahiri;Tit.;90;0.0;0.0;0.0;0;0
2018;2018-09-21;Quart-finale;ES Sétif - Algérie;Domicile;N. Aarab;Tit.;78;0.0;1.0;0.0;0;0
2018;2018-09-21;Quart-finale;ES Sétif - Algérie;Domicile;C.I. Comara;Tit.;90;0.0;0.0;0.0;0;0
2018;2018-09-21;Quart-finale;ES Sétif - Algérie;Domicile;A. Noussair;Tit.;90;0.0;0.0;0.0;0;0
2018;2018-09-21;Quart-finale;ES Sétif - Algérie;Domicile;S. Saidi;Tit.;90;0.0;0.0;0.0;0;0
2018;2018-09-21;Quart-finale;ES Sétif - Algérie;Domicile;B. Nekkach;Tit.;90;0.0;0.0;0.0;0;0
2018;2018-09-21;Quart-finale;ES Sétif - Algérie;Domicile;W. El Karti;Tit.;60;0.0;0.0;0.0;0;0
2018;2018-09-21;Quart-finale;ES Sétif - Algérie;Domicile;M. Ounajem;Tit.;87;0.0;0.0;0.0;0;0
2018;2018-09-21;Quart-finale;ES Sétif - Algérie;Domicile;I. Haddad;Tit.;90;0.0;0.0;0.0;0;0
2018;2018-09-21;Quart-finale;ES Sétif - Algérie;Domicile;W. Jibor;Tit.;90;0.0;0.0;0.0;0;0
2018;2018-09-21;Quart-finale;ES Sétif - Algérie;Domicile;A. El Hassouni;Remp.;30;0.0;0.0;0.0;0;0
2018;2018-09-21;Quart-finale;ES Sétif - Algérie;Domicile;A. Tighazoui;Remp.;12;0.0;0.0;0.0;0;0
2018;2018-09-21;Quart-finale;ES Sétif - Algérie;Domicile;R. Hossni;Remp.;3;0.0;0.0;0.0;0;0
2018/19;2018-12-22;Deuxième tour;JSC Jaraaf de Dakar - Sénégal;Extérieur;A. R. Tagnaouti;Tit.;90;0.0;0.0;0.0;0;0
2018/19;2018-12-22;Deuxième tour;JSC Jaraaf de Dakar - Sénégal;Extérieur;M. Nahiri;Tit.;90;0.0;0.0;0.0;0;0
2018/19;2018-12-22;Deuxième tour;JSC Jaraaf de Dakar - Sénégal;Extérieur;C.I. Comara;Tit.;90;0.0;0.0;0.0;0;0
2018/19;2018-12-22;Deuxième tour;JSC Jaraaf de Dakar - Sénégal;Extérieur;A. Dari;Tit.;90;0.0;0.0;0.0;0;0
2018/19;2018-12-22;Deuxième tour;JSC Jaraaf de Dakar - Sénégal;Extérieur;A. Noussair;Tit.;90;0.0;0.0;0.0;0;0
2018/19;2018-12-22;Deuxième tour;JSC Jaraaf de Dakar - Sénégal;Extérieur;S. Saidi;Tit.;90;0.0;0.0;0.0;0;0
2018/19;2018-12-22;Deuxième tour;JSC Jaraaf de Dakar - Sénégal;Extérieur;B. Nekkach;Tit.;90;0.0;0.0;0.0;0;0
2018/19;2018-12-22;Deuxième tour;JSC Jaraaf de Dakar - Sénégal;Extérieur;I. Haddad;Tit.;62;0.0;0.0;0.0;0;0
2018/19;2018-12-22;Deuxième tour;JSC Jaraaf de Dakar - Sénégal;Extérieur;W. El Karti;Tit.;90;0.0;0.0;0.0;0;0
2018/19;2018-12-22;Deuxième tour;JSC Jaraaf de Dakar - Sénégal;Extérieur;M. Ounajem;Tit.;90;1.0;0.0;0.0;0;0
2018/19;2018-12-22;Deuxième tour;JSC Jaraaf de Dakar - Sénégal;Extérieur;M. Babatunde;Tit.;79;0.0;0.0;0.0;0;0
2018/19;2018-12-22;Deuxième tour;JSC Jaraaf de Dakar - Sénégal;Extérieur;Z. El-Moutaraji;Remp.;28;0.0;0.0;0.0;0;0
2018/19;2018-12-22;Deuxième tour;JSC Jaraaf de Dakar - Sénégal;Extérieur;A. Asbahi;Remp.;11;0.0;0.0;0.0;0;0
2018/19;2018-12-15;Deuxième tour;JSC Jaraaf de Dakar - Sénégal;Domicile;A. R. Tagnaouti;Tit.;90;0.0;0.0;0.0;0;0
2018/19;2018-12-15;Deuxième tour;JSC Jaraaf de Dakar - Sénégal;Domicile;B. Gadarine;Tit.;90;0.0;0.0;0.0;0;0
2018/19;2018-12-15;Deuxième tour;JSC Jaraaf de Dakar - Sénégal;Domicile;C.I. Comara;Tit.;90;0.0;0.0;0.0;0;0
2018/19;2018-12-15;Deuxième tour;JSC Jaraaf de Dakar - Sénégal;Domicile;A. Dari;Tit.;90;0.0;0.0;0.0;0;0
2018/19;2018-12-15;Deuxième tour;JSC Jaraaf de Dakar - Sénégal;Domicile;M. Nahiri;Tit.;90;1.0;0.0;0.0;0;0
2018/19;2018-12-15;Deuxième tour;JSC Jaraaf de Dakar - Sénégal;Domicile;S. Saidi;Tit.;90;0.0;0.0;0.0;0;0
2018/19;2018-12-15;Deuxième tour;JSC Jaraaf de Dakar - Sénégal;Domicile;B. Nekkach;Tit.;90;0.0;0.0;0.0;0;0
2018/19;2018-12-15;Deuxième tour;JSC Jaraaf de Dakar - Sénégal;Domicile;I. Haddad;Tit.;74;0.0;0.0;0.0;0;0
2018/19;2018-12-15;Deuxième tour;JSC Jaraaf de Dakar - Sénégal;Domicile;A. Tighazoui;Tit.;87;0.0;0.0;0.0;0;0
2018/19;2018-12-15;Deuxième tour;JSC Jaraaf de Dakar - Sénégal;Domicile;M. Ounajem;Tit.;90;0.0;0.0;0.0;0;0
2018/19;2018-12-15;Deuxième tour;JSC Jaraaf de Dakar - Sénégal;Domicile;W. Jibor;Tit.;63;1.0;0.0;0.0;0;0
2018/19;2018-12-15;Deuxième tour;JSC Jaraaf de Dakar - Sénégal;Domicile;M. Babatunde;Remp.;27;0.0;0.0;0.0;0;0
2018/19;2018-12-15;Deuxième tour;JSC Jaraaf de Dakar - Sénégal;Domicile;A. El Hassouni;Remp.;16;0.0;0.0;0.0;0;0
2018/19;2018-12-15;Deuxième tour;JSC Jaraaf de Dakar - Sénégal;Domicile;B. Aouk;Remp.;3;0.0;0.0;0.0;0;0
2018/19;0009-01-11;Phase de poules;ASEC Mimosa - CI;Domicile;A. R. Tagnaouti;Tit.;90;0.0;0.0;0.0;0;0
2018/19;0009-01-11;Phase de poules;ASEC Mimosa - CI;Domicile;M. Nahiri;Tit.;90;0.0;0.0;0.0;0;0
2018/19;0009-01-11;Phase de poules;ASEC Mimosa - CI;Domicile;C.I. Comara;Tit.;87;0.0;0.0;0.0;0;0
2018/19;0009-01-11;Phase de poules;ASEC Mimosa - CI;Domicile;A. Dari;Tit.;90;0.0;0.0;0.0;0;0
2018/19;0009-01-11;Phase de poules;ASEC Mimosa - CI;Domicile;A. Noussair;Tit.;90;0.0;0.0;0.0;0;0
2018/19;0009-01-11;Phase de poules;ASEC Mimosa - CI;Domicile;S. Saidi;Tit.;90;0.0;0.0;0.0;0;0
2018/19;0009-01-11;Phase de poules;ASEC Mimosa - CI;Domicile;B. Nekkach;Tit.;90;0.0;0.0;0.0;0;0
2018/19;0009-01-11;Phase de poules;ASEC Mimosa - CI;Domicile;I. Haddad;Tit.;51;1.0;0.0;0.0;0;0
2018/19;0009-01-11;Phase de poules;ASEC Mimosa - CI;Domicile;W. El Karti;Tit.;90;1.0;0.0;0.0;0;0
2018/19;0009-01-11;Phase de poules;ASEC Mimosa - CI;Domicile;M. Ounajem;Tit.;90;0.0;0.0;0.0;0;0
2018/19;0009-01-11;Phase de poules;ASEC Mimosa - CI;Domicile;M. Babatunde;Tit.;74;1.0;0.0;0.0;0;0
2018/19;0009-01-11;Phase de poules;ASEC Mimosa - CI;Domicile;Z. El-Moutaraji;Remp.;39;1.0;0.0;0.0;0;0
2018/19;0009-01-11;Phase de poules;ASEC Mimosa - CI;Domicile;B. Aouk;Remp.;16;1.0;0.0;0.0;0;0
2018/19;0009-01-11;Phase de poules;ASEC Mimosa - CI;Domicile;N. Aarab;Remp.;3;0.0;0.0;0.0;0;0
2018/19;2019-01-19;Phase de poules;Sundowns / AFS;Extérieur;A. R. Tagnaouti;Tit.;90;0.0;0.0;0.0;0;0
2018/19;2019-01-19;Phase de poules;Sundowns / AFS;Extérieur;M. Nahiri;Tit.;90;1.0;0.0;0.0;0;0
2018/19;2019-01-19;Phase de poules;Sundowns / AFS;Extérieur;N. Aarab;Tit.;48;0.0;0.0;0.0;0;0
2018/19;2019-01-19;Phase de poules;Sundowns / AFS;Extérieur;A. Dari;Tit.;90;0.0;0.0;0.0;0;0
2018/19;2019-01-19;Phase de poules;Sundowns / AFS;Extérieur;A. Noussair;Tit.;90;0.0;0.0;0.0;0;0
2018/19;2019-01-19;Phase de poules;Sundowns / AFS;Extérieur;S. Saidi;Tit.;90;0.0;0.0;0.0;0;0
2018/19;2019-01-19;Phase de poules;Sundowns / AFS;Extérieur;B. Nekkach;Tit.;90;0.0;1.0;0.0;0;0
2018/19;2019-01-19;Phase de poules;Sundowns / AFS;Extérieur;I. Haddad;Tit.;70;0.0;0.0;0.0;0;0
2018/19;2019-01-19;Phase de poules;Sundowns / AFS;Extérieur;W. El Karti;Tit.;90;0.0;0.0;0.0;0;0
2018/19;2019-01-19;Phase de poules;Sundowns / AFS;Extérieur;M. Ounajem;Tit.;90;0.0;0.0;0.0;0;0
2018/19;2019-01-19;Phase de poules;Sundowns / AFS;Extérieur;W. Jibor;Tit.;71;0.0;0.0;0.0;0;0
2018/19;2019-01-19;Phase de poules;Sundowns / AFS;Extérieur;B. Gadarine;Remp.;42;0.0;0.0;0.0;0;0
2018/19;2019-01-19;Phase de poules;Sundowns / AFS;Extérieur;Z. El-Moutaraji;Remp.;20;0.0;1.0;0.0;0;0
2018/19;2019-01-19;Phase de poules;Sundowns / AFS;Extérieur;B. Aouk;Remp.;19;0.0;0.0;0.0;0;0
2018/19;2019-02-02;Phase de poules;Lobi Stars - Nigeria;Extérieur;A. R. Tagnaouti;Tit.;90;0.0;0.0;0.0;0;0
2018/19;2019-02-02;Phase de poules;Lobi Stars - Nigeria;Extérieur;B. Gadarine;Tit.;90;0.0;0.0;0.0;0;0
2018/19;2019-02-02;Phase de poules;Lobi Stars - Nigeria;Extérieur;A. Dari;Tit.;90;0.0;0.0;0.0;0;0
2018/19;2019-02-02;Phase de poules;Lobi Stars - Nigeria;Extérieur;M. Nahiri;Tit.;90;1.0;0.0;0.0;0;0
2018/19;2019-02-02;Phase de poules;Lobi Stars - Nigeria;Extérieur;A. Noussair;Tit.;90;0.0;0.0;0.0;0;0
2018/19;2019-02-02;Phase de poules;Lobi Stars - Nigeria;Extérieur;B. Nekkach;Tit.;90;0.0;0.0;0.0;0;0
2018/19;2019-02-02;Phase de poules;Lobi Stars - Nigeria;Extérieur;Y. Jabrane;Tit.;90;0.0;0.0;0.0;0;0
2018/19;2019-02-02;Phase de poules;Lobi Stars - Nigeria;Extérieur;I. Haddad;Tit.;82;0.0;0.0;0.0;0;0
2018/19;2019-02-02;Phase de poules;Lobi Stars - Nigeria;Extérieur;W. El Karti;Tit.;90;0.0;0.0;0.0;0;0
2018/19;2019-02-02;Phase de poules;Lobi Stars - Nigeria;Extérieur;M. Ounajem;Tit.;89;0.0;0.0;0.0;0;0
2018/19;2019-02-02;Phase de poules;Lobi Stars - Nigeria;Extérieur;M. Babatunde;Tit.;77;0.0;0.0;0.0;0;0
2018/19;2019-02-02;Phase de poules;Lobi Stars - Nigeria;Extérieur;A. Tighazoui;Remp.;13;0.0;0.0;0.0;0;0
2018/19;2019-02-02;Phase de poules;Lobi Stars - Nigeria;Extérieur;H. El Wasti;Remp.;8;0.0;0.0;0.0;0;0
2018/19;2019-02-02;Phase de poules;Lobi Stars - Nigeria;Extérieur;M. Ouatara;Remp.;1;0.0;0.0;0.0;0;0
2018/19;2019-02-12;Phase de poules;Lobi Stars - Nigeria;Domicile;A. R. Tagnaouti;Tit.;90;0.0;0.0;0.0;0;0
2018/19;2019-02-12;Phase de poules;Lobi Stars - Nigeria;Domicile;M. Nahiri;Tit.;90;0.0;1.0;0.0;0;0
2018/19;2019-02-12;Phase de poules;Lobi Stars - Nigeria;Domicile;C.I. Comara;Tit.;90;0.0;1.0;0.0;0;0
2018/19;2019-02-12;Phase de poules;Lobi Stars - Nigeria;Domicile;A. Dari;Tit.;90;0.0;0.0;0.0;0;0
2018/19;2019-02-12;Phase de poules;Lobi Stars - Nigeria;Domicile;A. Noussair;Tit.;90;0.0;0.0;0.0;0;0
2018/19;2019-02-12;Phase de poules;Lobi Stars - Nigeria;Domicile;B. Nekkach;Tit.;90;0.0;0.0;0.0;0;0
2018/19;2019-02-12;Phase de poules;Lobi Stars - Nigeria;Domicile;Y. Jabrane;Tit.;90;0.0;1.0;0.0;0;0
2018/19;2019-02-12;Phase de poules;Lobi Stars - Nigeria;Domicile;I. Haddad;Tit.;79;0.0;0.0;0.0;0;0
2018/19;2019-02-12;Phase de poules;Lobi Stars - Nigeria;Domicile;W. El Karti;Tit.;70;0.0;0.0;0.0;0;0
2018/19;2019-02-12;Phase de poules;Lobi Stars - Nigeria;Domicile;M. Ounajem;Tit.;90;0.0;0.0;0.0;0;0
2018/19;2019-02-12;Phase de poules;Lobi Stars - Nigeria;Domicile;A. El Hassouni;Tit.;89;0.0;0.0;0.0;0;0
2018/19;2019-02-12;Phase de poules;Lobi Stars - Nigeria;Domicile;A. Tighazoui;Remp.;20;0.0;0.0;0.0;0;0
2018/19;2019-02-12;Phase de poules;Lobi Stars - Nigeria;Domicile;Z. El-Moutaraji;Remp.;11;0.0;0.0;0.0;0;0
2018/19;2019-02-12;Phase de poules;Lobi Stars - Nigeria;Domicile;B. Aouk;Remp.;1;0.0;0.0;0.0;0;0
2018/19;2019-03-09;Phase de poules;ASEC Mimosa - CI;Extérieur;A. R. Tagnaouti;Tit.;90;0.0;0.0;0.0;0;0
2018/19;2019-03-09;Phase de poules;ASEC Mimosa - CI;Extérieur;B. Gadarine;Tit.;90;0.0;0.0;0.0;0;0
2018/19;2019-03-09;Phase de poules;ASEC Mimosa - CI;Extérieur;A. Dari;Tit.;90;0.0;0.0;0.0;0;0
2018/19;2019-03-09;Phase de poules;ASEC Mimosa - CI;Extérieur;C.I. Comara;Tit.;90;0.0;1.0;0.0;0;0
2018/19;2019-03-09;Phase de poules;ASEC Mimosa - CI;Extérieur;A. Noussair;Tit.;90;0.0;0.0;0.0;0;0
2018/19;2019-03-09;Phase de poules;ASEC Mimosa - CI;Extérieur;S. Saidi;Tit.;78;0.0;0.0;0.0;0;0
2018/19;2019-03-09;Phase de poules;ASEC Mimosa - CI;Extérieur;Y. Jabrane;Tit.;90;0.0;0.0;0.0;0;0
2018/19;2019-03-09;Phase de poules;ASEC Mimosa - CI;Extérieur;I. Haddad;Tit.;69;0.0;0.0;0.0;0;0
2018/19;2019-03-09;Phase de poules;ASEC Mimosa - CI;Extérieur;W. El Karti;Tit.;90;0.0;0.0;0.0;0;0
2018/19;2019-03-09;Phase de poules;ASEC Mimosa - CI;Extérieur;M. Ounajem;Tit.;90;0.0;0.0;0.0;0;0
2018/19;2019-03-09;Phase de poules;ASEC Mimosa - CI;Extérieur;A. El Hassouni;Tit.;90;0.0;0.0;0.0;0;0
2018/19;2019-03-09;Phase de poules;ASEC Mimosa - CI;Extérieur;Z. El-Moutaraji;Remp.;21;0.0;0.0;0.0;0;0
2018/19;2019-03-09;Phase de poules;ASEC Mimosa - CI;Extérieur;G. Ouguechiguo;Remp.;12;0.0;0.0;0.0;0;0
2018/19;2019-03-16;Phase de poules;Sundowns / AFS;Domicile;A. R. Tagnaouti;Tit.;90;0.0;0.0;0.0;0;0
2018/19;2019-03-16;Phase de poules;Sundowns / AFS;Domicile;M. Nahiri;Tit.;90;1.0;1.0;0.0;0;0
2018/19;2019-03-16;Phase de poules;Sundowns / AFS;Domicile;A. Dari;Tit.;90;0.0;0.0;0.0;0;0
2018/19;2019-03-16;Phase de poules;Sundowns / AFS;Domicile;A. Noussair;Tit.;90;0.0;0.0;0.0;0;0
2018/19;2019-03-16;Phase de poules;Sundowns / AFS;Domicile;Y. Jabrane;Tit.;90;0.0;1.0;0.0;0;0
2018/19;2019-03-16;Phase de poules;Sundowns / AFS;Domicile;S. Saidi;Tit.;89;0.0;0.0;0.0;0;0
2018/19;2019-03-16;Phase de poules;Sundowns / AFS;Domicile;B. Nekkach;Tit.;90;0.0;0.0;0.0;0;0
2018/19;2019-03-16;Phase de poules;Sundowns / AFS;Domicile;M. Ounajem;Tit.;90;0.0;0.0;0.0;0;0
2018/19;2019-03-16;Phase de poules;Sundowns / AFS;Domicile;W. El Karti;Tit.;74;0.0;0.0;0.0;0;0
2018/19;2019-03-16;Phase de poules;Sundowns / AFS;Domicile;I. Haddad;Tit.;90;0.0;0.0;0.0;0;0
2018/19;2019-03-16;Phase de poules;Sundowns / AFS;Domicile;M. Babatunde;Tit.;86;0.0;1.0;0.0;0;0
2018/19;2019-03-16;Phase de poules;Sundowns / AFS;Domicile;A. El Hassouni;Remp.;16;0.0;0.0;0.0;0;0
2018/19;2019-03-16;Phase de poules;Sundowns / AFS;Domicile;W. Jibor;Remp.;4;0.0;0.0;0.0;0;0
2018/19;2019-03-16;Phase de poules;Sundowns / AFS;Domicile;A. El Amloud;Remp.;1;0.0;0.0;0.0;0;0
2018/19;2019-04-06;Quart-finale;Horoya;Extérieur;A. R. Tagnaouti;Tit.;90;0.0;1.0;0.0;0;0
2018/19;2019-04-06;Quart-finale;Horoya;Extérieur;M. Nahiri;Tit.;90;0.0;0.0;0.0;0;0
2018/19;2019-04-06;Quart-finale;Horoya;Extérieur;C.I. Comara;Tit.;90;0.0;0.0;0.0;0;0
2018/19;2019-04-06;Quart-finale;Horoya;Extérieur;A. Dari;Tit.;90;0.0;0.0;0.0;0;0
2018/19;2019-04-06;Quart-finale;Horoya;Extérieur;A. Noussair;Tit.;90;0.0;0.0;0.0;0;0
2018/19;2019-04-06;Quart-finale;Horoya;Extérieur;S. Saidi;Tit.;90;0.0;0.0;0.0;0;0
2018/19;2019-04-06;Quart-finale;Horoya;Extérieur;B. Nekkach;Tit.;85;0.0;1.0;0.0;0;0
2018/19;2019-04-06;Quart-finale;Horoya;Extérieur;Z. El-Moutaraji;Tit.;73;0.0;1.0;0.0;0;0
2018/19;2019-04-06;Quart-finale;Horoya;Extérieur;W. El Karti;Tit.;90;0.0;0.0;0.0;0;0
2018/19;2019-04-06;Quart-finale;Horoya;Extérieur;M. Ounajem;Tit.;90;0.0;1.0;0.0;0;0
2018/19;2019-04-06;Quart-finale;Horoya;Extérieur;M. Babatunde;Tit.;53;0.0;0.0;0.0;0;0
2018/19;2019-04-06;Quart-finale;Horoya;Extérieur;I. Haddad;Remp.;37;0.0;0.0;0.0;0;0
2018/19;2019-04-06;Quart-finale;Horoya;Extérieur;A. Tighazoui;Remp.;17;0.0;0.0;0.0;0;0
2018/19;2019-04-06;Quart-finale;Horoya;Extérieur;A. El Hassouni;Remp.;5;0.0;0.0;0.0;0;0
2018/19;2019-04-13;Quart-finale;Horoya;Domicile;A. R. Tagnaouti;Tit.;90;0.0;0.0;0.0;0;0
2018/19;2019-04-13;Quart-finale;Horoya;Domicile;M. Nahiri;Tit.;90;1.0;1.0;0.0;0;0
2018/19;2019-04-13;Quart-finale;Horoya;Domicile;C.I. Comara;Tit.;90;0.0;0.0;0.0;0;0
2018/19;2019-04-13;Quart-finale;Horoya;Domicile;A. Dari;Tit.;90;0.0;0.0;0.0;0;0
2018/19;2019-04-13;Quart-finale;Horoya;Domicile;A. Noussair;Tit.;90;1.0;0.0;0.0;0;0
2018/19;2019-04-13;Quart-finale;Horoya;Domicile;S. Saidi;Tit.;90;0.0;1.0;0.0;0;0
2018/19;2019-04-13;Quart-finale;Horoya;Domicile;Y. Jabrane;Tit.;89;0.0;0.0;0.0;0;0
2018/19;2019-04-13;Quart-finale;Horoya;Domicile;I. Haddad;Tit.;62;0.0;0.0;0.0;0;0
2018/19;2019-04-13;Quart-finale;Horoya;Domicile;W. El Karti;Tit.;90;2.0;0.0;0.0;0;0
2018/19;2019-04-13;Quart-finale;Horoya;Domicile;M. Ounajem;Tit.;78;0.0;0.0;0.0;0;0
2018/19;2019-04-13;Quart-finale;Horoya;Domicile;Z. El-Moutaraji;Tit.;90;1.0;0.0;0.0;0;0
2018/19;2019-04-13;Quart-finale;Horoya;Domicile;A. Tighazoui;Remp.;28;0.0;0.0;0.0;0;0
2018/19;2019-04-13;Quart-finale;Horoya;Domicile;A. El Hassouni;Remp.;12;0.0;0.0;0.0;0;0
2018/19;2019-04-13;Quart-finale;Horoya;Domicile;A. Asbahi;Remp.;1;0.0;0.0;0.0;0;0
2018/19;2019-04-26;Demi-finale;Sundowns / AFS;Domicile;A. R. Tagnaouti;Tit.;90;0.0;0.0;0.0;0;0
2018/19;2019-04-26;Demi-finale;Sundowns / AFS;Domicile;M. Nahiri;Tit.;90;0.0;1.0;0.0;0;0
2018/19;2019-04-26;Demi-finale;Sundowns / AFS;Domicile;A. Dari;Tit.;90;0.0;0.0;0.0;0;0
2018/19;2019-04-26;Demi-finale;Sundowns / AFS;Domicile;C.I. Comara;Tit.;90;0.0;0.0;0.0;0;0
2018/19;2019-04-26;Demi-finale;Sundowns / AFS;Domicile;A. Noussair;Tit.;90;0.0;0.0;0.0;0;0
2018/19;2019-04-26;Demi-finale;Sundowns / AFS;Domicile;S. Saidi;Tit.;75;1.0;0.0;0.0;0;0
2018/19;2019-04-26;Demi-finale;Sundowns / AFS;Domicile;B. Nekkach;Tit.;90;0.0;1.0;0.0;0;0
2018/19;2019-04-26;Demi-finale;Sundowns / AFS;Domicile;W. El Karti;Tit.;90;0.0;0.0;0.0;0;0
2018/19;2019-04-26;Demi-finale;Sundowns / AFS;Domicile;B. Aouk;Tit.;86;1.0;0.0;0.0;0;0
2018/19;2019-04-26;Demi-finale;Sundowns / AFS;Domicile;I. Haddad;Tit.;90;0.0;0.0;0.0;0;0
2018/19;2019-04-26;Demi-finale;Sundowns / AFS;Domicile;M. Babatunde;Tit.;75;0.0;0.0;0.0;0;0
2018/19;2019-04-26;Demi-finale;Sundowns / AFS;Domicile;Y. Jabrane;Remp.;15;0.0;0.0;0.0;0;0
2018/19;2019-04-26;Demi-finale;Sundowns / AFS;Domicile;Z. El-Moutaraji;Remp.;15;0.0;0.0;0.0;0;0
2018/19;2019-04-26;Demi-finale;Sundowns / AFS;Domicile;G. Ouguechiguo;Remp.;4;0.0;0.0;0.0;0;0
2018/19;2019-05-04;Demi-finale;Sundowns / AFS;Extérieur;A. R. Tagnaouti;Tit.;90;0.0;0.0;0.0;0;0
2018/19;2019-05-04;Demi-finale;Sundowns / AFS;Extérieur;A. El Amloud;Tit.;86;0.0;1.0;0.0;0;0
2018/19;2019-05-04;Demi-finale;Sundowns / AFS;Extérieur;C.I. Comara;Tit.;90;0.0;0.0;0.0;0;0
2018/19;2019-05-04;Demi-finale;Sundowns / AFS;Extérieur;A. Dari;Tit.;90;0.0;1.0;0.0;0;0
2018/19;2019-05-04;Demi-finale;Sundowns / AFS;Extérieur;A. Noussair;Tit.;90;0.0;0.0;0.0;0;0
2018/19;2019-05-04;Demi-finale;Sundowns / AFS;Extérieur;S. Saidi;Tit.;90;0.0;0.0;0.0;0;0
2018/19;2019-05-04;Demi-finale;Sundowns / AFS;Extérieur;Y. Jabrane;Tit.;90;0.0;1.0;0.0;0;0
2018/19;2019-05-04;Demi-finale;Sundowns / AFS;Extérieur;I. Haddad;Tit.;90;0.0;0.0;0.0;0;0
2018/19;2019-05-04;Demi-finale;Sundowns / AFS;Extérieur;W. El Karti;Tit.;90;0.0;0.0;0.0;0;0
2018/19;2019-05-04;Demi-finale;Sundowns / AFS;Extérieur;B. Aouk;Tit.;86;0.0;0.0;0.0;0;0
2018/19;2019-05-04;Demi-finale;Sundowns / AFS;Extérieur;Z. El-Moutaraji;Tit.;55;0.0;0.0;0.0;0;0
2018/19;2019-05-04;Demi-finale;Sundowns / AFS;Extérieur;M. Babatunde;Remp.;35;0.0;0.0;0.0;0;0
2018/19;2019-05-04;Demi-finale;Sundowns / AFS;Extérieur;A. El Hassouni;Remp.;4;0.0;0.0;0.0;0;0
2018/19;2019-05-04;Demi-finale;Sundowns / AFS;Extérieur;B. Gadarine;Remp.;4;0.0;0.0;0.0;0;0
2018/19;2019-05-24;Finale;EST;Domicile;A. R. Tagnaouti;Tit.;90;0.0;0.0;0.0;0;0
2018/19;2019-05-24;Finale;EST;Domicile;A. El Amloud;Tit.;77;0.0;0.0;0.0;0;0
2018/19;2019-05-24;Finale;EST;Domicile;A. Dari;Tit.;90;0.0;1.0;0.0;0;0
2018/19;2019-05-24;Finale;EST;Domicile;C.I. Comara;Tit.;90;1.0;0.0;0.0;0;0
2018/19;2019-05-24;Finale;EST;Domicile;A. Noussair;Tit.;90;0.0;0.0;0.0;0;0
2018/19;2019-05-24;Finale;EST;Domicile;S. Saidi;Tit.;90;0.0;0.0;0.0;0;0
2018/19;2019-05-24;Finale;EST;Domicile;B. Nekkach;Tit.;90;0.0;1.0;1.0;0;0
2018/19;2019-05-24;Finale;EST;Domicile;M. Ounajem;Tit.;90;0.0;0.0;0.0;0;0
2018/19;2019-05-24;Finale;EST;Domicile;I. Haddad;Tit.;90;0.0;0.0;0.0;0;0
2018/19;2019-05-24;Finale;EST;Domicile;W. El Karti;Tit.;62;0.0;0.0;0.0;0;0
2018/19;2019-05-24;Finale;EST;Domicile;M. Babatunde;Tit.;62;0.0;0.0;0.0;0;0
2018/19;2019-05-24;Finale;EST;Domicile;B. Gadarine;Remp.;13;0.0;0.0;0.0;0;0
2018/19;2019-05-24;Finale;EST;Domicile;Y. Jabrane;Remp.;28;0.0;0.0;0.0;0;0
2018/19;2019-05-24;Finale;EST;Domicile;A. El Hassouni;Remp.;28;0.0;1.0;0.0;0;0
2018/19;2019-05-31;Finale;EST;Extérieur;A. R. Tagnaouti;Tit.;59;0.0;0.0;0.0;0;0
2018/19;2019-05-31;Finale;EST;Extérieur;A. El Amloud;Tit.;59;0.0;0.0;0.0;0;0
2018/19;2019-05-31;Finale;EST;Extérieur;M. Nahiri;Tit.;59;0.0;0.0;0.0;0;0
2018/19;2019-05-31;Finale;EST;Extérieur;C.I. Comara;Tit.;59;0.0;0.0;0.0;0;0
2018/19;2019-05-31;Finale;EST;Extérieur;A. Noussair;Tit.;59;0.0;0.0;0.0;0;0
2018/19;2019-05-31;Finale;EST;Extérieur;S. Saidi;Tit.;59;0.0;0.0;0.0;0;0
2018/19;2019-05-31;Finale;EST;Extérieur;Y. Jabrane;Tit.;59;0.0;0.0;0.0;0;0
2018/19;2019-05-31;Finale;EST;Extérieur;W. El Karti;Tit.;59;0.0;0.0;0.0;0;0
2018/19;2019-05-31;Finale;EST;Extérieur;I. Haddad;Tit.;59;0.0;0.0;0.0;0;0
2018/19;2019-05-31;Finale;EST;Extérieur;B. Aouk;Tit.;59;0.0;0.0;0.0;0;0
2018/19;2019-05-31;Finale;EST;Extérieur;A. El Hassouni;Tit.;59;0.0;0.0;0.0;0;0
2019/20;2019-09-15;Deuxième tour;FC Naoudhibou - Mauritanie;Extérieur;A. R. Tagnaouti;Tit.;90;0.0;0.0;0.0;0;0
2019/20;2019-09-15;Deuxième tour;FC Naoudhibou - Mauritanie;Extérieur;C.I. Comara;Tit.;90;0.0;0.0;0.0;0;0
2019/20;2019-09-15;Deuxième tour;FC Naoudhibou - Mauritanie;Extérieur;A. Dari;Tit.;90;0.0;0.0;0.0;0;0
2019/20;2019-09-15;Deuxième tour;FC Naoudhibou - Mauritanie;Extérieur;M. Nahiri;Tit.;90;1.0;0.0;0.0;0;0
2019/20;2019-09-15;Deuxième tour;FC Naoudhibou - Mauritanie;Extérieur;A. Noussair;Tit.;90;0.0;0.0;0.0;0;0
2019/20;2019-09-15;Deuxième tour;FC Naoudhibou - Mauritanie;Extérieur;Y. Jabrane;Tit.;90;0.0;0.0;0.0;0;0
2019/20;2019-09-15;Deuxième tour;FC Naoudhibou - Mauritanie;Extérieur;W. El Karti;Tit.;90;0.0;0.0;0.0;0;0
2019/20;2019-09-15;Deuxième tour;FC Naoudhibou - Mauritanie;Extérieur;M. Babatunde;Tit.;90;0.0;0.0;0.0;0;0
2019/20;2019-09-15;Deuxième tour;FC Naoudhibou - Mauritanie;Extérieur;A. El Hassouni;Tit.;66;0.0;0.0;0.0;0;0
2019/20;2019-09-15;Deuxième tour;FC Naoudhibou - Mauritanie;Extérieur;Z. El-Moutaraji;Tit.;61;0.0;0.0;0.0;0;0
2019/20;2019-09-15;Deuxième tour;FC Naoudhibou - Mauritanie;Extérieur;B. Aouk;Tit.;78;0.0;0.0;0.0;0;0
2019/20;2019-09-15;Deuxième tour;FC Naoudhibou - Mauritanie;Extérieur;I. Haddad;Remp.;29;1.0;0.0;0.0;0;0
2019/20;2019-09-15;Deuxième tour;FC Naoudhibou - Mauritanie;Extérieur;A. Asbahi;Remp.;24;0.0;0.0;0.0;0;0
2019/20;2019-09-15;Deuxième tour;FC Naoudhibou - Mauritanie;Extérieur;A. Tighazoui;Remp.;12;0.0;0.0;0.0;0;0
2019/20;2019-09-29;Deuxième tour;FC Naoudhibou - Mauritanie;Domicile;A. R. Tagnaouti;Tit.;90;0.0;0.0;0.0;0;0
2019/20;2019-09-29;Deuxième tour;FC Naoudhibou - Mauritanie;Domicile;M. Nahiri;Tit.;90;1.0;0.0;0.0;0;0
2019/20;2019-09-29;Deuxième tour;FC Naoudhibou - Mauritanie;Domicile;C.I. Comara;Tit.;48;0.0;0.0;0.0;0;0
2019/20;2019-09-29;Deuxième tour;FC Naoudhibou - Mauritanie;Domicile;A. Dari;Tit.;90;0.0;0.0;0.0;0;0
2019/20;2019-09-29;Deuxième tour;FC Naoudhibou - Mauritanie;Domicile;A. Noussair;Tit.;90;0.0;0.0;0.0;0;0
2019/20;2019-09-29;Deuxième tour;FC Naoudhibou - Mauritanie;Domicile;S. Saidi;Tit.;90;0.0;0.0;0.0;0;0
2019/20;2019-09-29;Deuxième tour;FC Naoudhibou - Mauritanie;Domicile;B. Nekkach;Tit.;90;0.0;0.0;0.0;0;0
2019/20;2019-09-29;Deuxième tour;FC Naoudhibou - Mauritanie;Domicile;I. Haddad;Tit.;69;1.0;0.0;0.0;0;0
2019/20;2019-09-29;Deuxième tour;FC Naoudhibou - Mauritanie;Domicile;B. Aouk;Tit.;90;0.0;0.0;0.0;0;0
2019/20;2019-09-29;Deuxième tour;FC Naoudhibou - Mauritanie;Domicile;A. El Hassouni;Tit.;56;1.0;0.0;0.0;0;0
2019/20;2019-09-29;Deuxième tour;FC Naoudhibou - Mauritanie;Domicile;A. El Kaabi;Tit.;90;1.0;0.0;0.0;0;0
2019/20;2019-09-29;Deuxième tour;FC Naoudhibou - Mauritanie;Domicile;A. El Amloud;Remp.;42;0.0;0.0;0.0;0;0
2019/20;2019-09-29;Deuxième tour;FC Naoudhibou - Mauritanie;Domicile;M. Babatunde;Remp.;34;0.0;0.0;0.0;0;0
2019/20;2019-09-29;Deuxième tour;FC Naoudhibou - Mauritanie;Domicile;Z. El-Moutaraji;Remp.;21;0.0;0.0;0.0;0;0
2019/20;2019-11-30;Phase de poules;USMA - Algérie;Extérieur;A. R. Tagnaouti;Tit.;90;0.0;0.0;0.0;0;0
2019/20;2019-11-30;Phase de poules;USMA - Algérie;Extérieur;B. Gadarine;Tit.;90;0.0;0.0;0.0;0;0
2019/20;2019-11-30;Phase de poules;USMA - Algérie;Extérieur;C.I. Comara;Tit.;90;0.0;0.0;0.0;0;0
2019/20;2019-11-30;Phase de poules;USMA - Algérie;Extérieur;A. Dari;Tit.;90;0.0;0.0;0.0;0;0
2019/20;2019-11-30;Phase de poules;USMA - Algérie;Extérieur;A. El Amloud;Tit.;90;0.0;1.0;0.0;0;0
2019/20;2019-11-30;Phase de poules;USMA - Algérie;Extérieur;A. Tighazoui;Tit.;62;0.0;0.0;0.0;0;0
2019/20;2019-11-30;Phase de poules;USMA - Algérie;Extérieur;Y. Jabrane;Tit.;90;0.0;1.0;0.0;0;0
2019/20;2019-11-30;Phase de poules;USMA - Algérie;Extérieur;B. Nekkach;Tit.;53;0.0;0.0;0.0;0;0
2019/20;2019-11-30;Phase de poules;USMA - Algérie;Extérieur;B. Aouk;Tit.;90;1.0;0.0;0.0;0;0
2019/20;2019-11-30;Phase de poules;USMA - Algérie;Extérieur;A. El Hassouni;Tit.;78;0.0;0.0;0.0;0;0
2019/20;2019-11-30;Phase de poules;USMA - Algérie;Extérieur;A. El Kaabi;Tit.;90;0.0;0.0;0.0;0;0
2019/20;2019-11-30;Phase de poules;USMA - Algérie;Extérieur;W. El Karti;Remp.;37;0.0;0.0;0.0;0;0
2019/20;2019-11-30;Phase de poules;USMA - Algérie;Extérieur;M. Babatunde;Remp.;28;0.0;0.0;0.0;0;0
2019/20;2019-11-30;Phase de poules;USMA - Algérie;Extérieur;G. Ouguechiguo;Remp.;12;0.0;0.0;0.0;0;0
2019/20;2019-12-07;Phase de poules;Sundowns / AFS;Domicile;A. R. Tagnaouti;Tit.;90;0.0;0.0;0.0;0;0
2019/20;2019-12-07;Phase de poules;Sundowns / AFS;Domicile;A. Noussair;Tit.;90;0.0;0.0;0.0;0;0
2019/20;2019-12-07;Phase de poules;Sundowns / AFS;Domicile;A. Dari;Tit.;90;0.0;0.0;0.0;0;0
2019/20;2019-12-07;Phase de poules;Sundowns / AFS;Domicile;C.I. Comara;Tit.;90;0.0;0.0;0.0;0;0
2019/20;2019-12-07;Phase de poules;Sundowns / AFS;Domicile;A. El Amloud;Tit.;90;0.0;0.0;0.0;0;0
2019/20;2019-12-07;Phase de poules;Sundowns / AFS;Domicile;B. Aouk;Tit.;90;0.0;1.0;0.0;0;0
2019/20;2019-12-07;Phase de poules;Sundowns / AFS;Domicile;Y. Jabrane;Tit.;90;0.0;0.0;0.0;0;0
2019/20;2019-12-07;Phase de poules;Sundowns / AFS;Domicile;W. El Karti;Tit.;78;0.0;0.0;0.0;0;0
2019/20;2019-12-07;Phase de poules;Sundowns / AFS;Domicile;I. Haddad;Tit.;57;0.0;0.0;0.0;0;0
2019/20;2019-12-07;Phase de poules;Sundowns / AFS;Domicile;A. El Hassouni;Tit.;67;0.0;0.0;0.0;0;0
2019/20;2019-12-07;Phase de poules;Sundowns / AFS;Domicile;A. El Kaabi;Tit.;90;0.0;0.0;0.0;0;0
2019/20;2019-12-07;Phase de poules;Sundowns / AFS;Domicile;B. Gadarine;Remp.;33;0.0;1.0;0.0;0;0
2019/20;2019-12-07;Phase de poules;Sundowns / AFS;Domicile;M. Babatunde;Remp.;23;0.0;0.0;0.0;0;0
2019/20;2019-12-07;Phase de poules;Sundowns / AFS;Domicile;A. Tighazoui;Remp.;12;0.0;0.0;0.0;0;0
2019/20;2019-12-28;Phase de poules;Petro Luanda;Domicile;A. R. Tagnaouti;Tit.;90;-1.0;0.0;0.0;0;0
2019/20;2019-12-28;Phase de poules;Petro Luanda;Domicile;B. Gadarine;Tit.;90;0.0;0.0;0.0;0;0
2019/20;2019-12-28;Phase de poules;Petro Luanda;Domicile;H. Asrir;Tit.;90;0.0;0.0;0.0;0;0
2019/20;2019-12-28;Phase de poules;Petro Luanda;Domicile;M. Nahiri;Tit.;90;0.0;0.0;0.0;0;0
2019/20;2019-12-28;Phase de poules;Petro Luanda;Domicile;A. Noussair;Tit.;90;0.0;0.0;0.0;0;0
2019/20;2019-12-28;Phase de poules;Petro Luanda;Domicile;B. Nekkach;Tit.;90;0.0;0.0;0.0;0;0
2019/20;2019-12-28;Phase de poules;Petro Luanda;Domicile;Y. Jabrane;Tit.;90;0.0;0.0;0.0;0;0
2019/20;2019-12-28;Phase de poules;Petro Luanda;Domicile;I. Haddad;Tit.;90;0.0;0.0;0.0;0;0
2019/20;2019-12-28;Phase de poules;Petro Luanda;Domicile;W. El Karti;Tit.;64;0.0;0.0;0.0;0;0
2019/20;2019-12-28;Phase de poules;Petro Luanda;Domicile;B. Aouk;Tit.;74;0.0;0.0;0.0;0;0
2019/20;2019-12-28;Phase de poules;Petro Luanda;Domicile;A. El Kaabi;Tit.;89;3.0;0.0;0.0;0;0
2019/20;2019-12-28;Phase de poules;Petro Luanda;Domicile;A. El Hassouni;Remp.;26;0.0;0.0;0.0;0;0
2019/20;2019-12-28;Phase de poules;Petro Luanda;Domicile;Z. El-Moutaraji;Remp.;16;0.0;0.0;0.0;0;0
2019/20;2019-12-28;Phase de poules;Petro Luanda;Domicile;A. Tighazoui;Remp.;1;0.0;0.0;0.0;0;0
2019/20;2020-01-11;Phase de poules;Petro Luanda;Extérieur;A. R. Tagnaouti;Tit.;90;0.0;0.0;0.0;0;0
2019/20;2020-01-11;Phase de poules;Petro Luanda;Extérieur;B. Gadarine;Tit.;90;0.0;0.0;0.0;0;0
2019/20;2020-01-11;Phase de poules;Petro Luanda;Extérieur;H. Asrir;Tit.;90;0.0;0.0;0.0;0;0
2019/20;2020-01-11;Phase de poules;Petro Luanda;Extérieur;Y. Jabrane;Tit.;90;1.0;0.0;0.0;0;0
2019/20;2020-01-11;Phase de poules;Petro Luanda;Extérieur;A. El Amloud;Tit.;90;0.0;0.0;0.0;0;0
2019/20;2020-01-11;Phase de poules;Petro Luanda;Extérieur;B. Nekkach;Tit.;45;0.0;1.0;0.0;0;0
2019/20;2020-01-11;Phase de poules;Petro Luanda;Extérieur;W. El Karti;Tit.;90;0.0;0.0;0.0;0;0
2019/20;2020-01-11;Phase de poules;Petro Luanda;Extérieur;I. Haddad;Tit.;90;0.0;1.0;0.0;0;0
2019/20;2020-01-11;Phase de poules;Petro Luanda;Extérieur;B. Aouk;Tit.;69;0.0;0.0;0.0;0;0
2019/20;2020-01-11;Phase de poules;Petro Luanda;Extérieur;K. Kassenguo;Tit.;90;1.0;0.0;0.0;0;0
2019/20;2020-01-11;Phase de poules;Petro Luanda;Extérieur;A. El Hassouni;Tit.;83;0.0;1.0;0.0;0;0
2019/20;2020-01-11;Phase de poules;Petro Luanda;Extérieur;I. Najm Eddine;Remp.;45;0.0;0.0;0.0;0;0
2019/20;2020-01-11;Phase de poules;Petro Luanda;Extérieur;Z. El-Moutaraji;Remp.;21;0.0;0.0;0.0;0;0
2019/20;2020-01-11;Phase de poules;Petro Luanda;Extérieur;A. Tighazoui;Remp.;7;0.0;0.0;0.0;0;0
2019/20;2020-01-24;Phase de poules;USMA - Algérie;Domicile;A. R. Tagnaouti;Tit.;90;0.0;1.0;0.0;0;0
2019/20;2020-01-24;Phase de poules;USMA - Algérie;Domicile;B. Gadarine;Tit.;90;0.0;0.0;0.0;0;0
2019/20;2020-01-24;Phase de poules;USMA - Algérie;Domicile;C.I. Comara;Tit.;90;0.0;0.0;0.0;0;0
2019/20;2020-01-24;Phase de poules;USMA - Algérie;Domicile;H. Asrir;Tit.;87;0.0;0.0;0.0;0;0
2019/20;2020-01-24;Phase de poules;USMA - Algérie;Domicile;A. El Amloud;Tit.;90;0.0;0.0;0.0;0;0
2019/20;2020-01-24;Phase de poules;USMA - Algérie;Domicile;Y. Jabrane;Tit.;90;0.0;0.0;0.0;0;0
2019/20;2020-01-24;Phase de poules;USMA - Algérie;Domicile;B. Nekkach;Tit.;90;0.0;0.0;0.0;0;0
2019/20;2020-01-24;Phase de poules;USMA - Algérie;Domicile;I. Haddad;Tit.;90;0.0;0.0;0.0;0;0
2019/20;2020-01-24;Phase de poules;USMA - Algérie;Domicile;W. El Karti;Tit.;72;1.0;0.0;0.0;0;0
2019/20;2020-01-24;Phase de poules;USMA - Algérie;Domicile;B. Aouk;Tit.;90;1.0;0.0;0.0;0;0
2019/20;2020-01-24;Phase de poules;USMA - Algérie;Domicile;K. Kassenguo;Tit.;89;1.0;0.0;0.0;0;0
2019/20;2020-01-24;Phase de poules;USMA - Algérie;Domicile;A. El Hassouni;Remp.;18;0.0;0.0;0.0;0;0
2019/20;2020-01-24;Phase de poules;USMA - Algérie;Domicile;A. Rhili;Remp.;3;0.0;0.0;0.0;0;0
2019/20;2020-01-24;Phase de poules;USMA - Algérie;Domicile;G. J. Magbi;Remp.;1;0.0;0.0;0.0;0;0
2019/20;2020-02-01;Phase de poules;Sundowns / AFS;Extérieur;A. R. Tagnaouti;Tit.;90;0.0;0.0;0.0;0;0
2019/20;2020-02-01;Phase de poules;Sundowns / AFS;Extérieur;B. Gadarine;Tit.;90;0.0;0.0;0.0;0;0
2019/20;2020-02-01;Phase de poules;Sundowns / AFS;Extérieur;A. Rhili;Tit.;90;0.0;0.0;0.0;0;0
2019/20;2020-02-01;Phase de poules;Sundowns / AFS;Extérieur;C.I. Comara;Tit.;90;0.0;0.0;0.0;0;0
2019/20;2020-02-01;Phase de poules;Sundowns / AFS;Extérieur;A. El Amloud;Tit.;90;0.0;0.0;0.0;0;0
2019/20;2020-02-01;Phase de poules;Sundowns / AFS;Extérieur;Y. Jabrane;Tit.;90;0.0;0.0;0.0;0;0
2019/20;2020-02-01;Phase de poules;Sundowns / AFS;Extérieur;H. Asrir;Tit.;60;0.0;0.0;0.0;0;0
2019/20;2020-02-01;Phase de poules;Sundowns / AFS;Extérieur;Z. El-Moutaraji;Tit.;65;0.0;0.0;0.0;0;0
2019/20;2020-02-01;Phase de poules;Sundowns / AFS;Extérieur;W. El Karti;Tit.;90;0.0;0.0;0.0;0;0
2019/20;2020-02-01;Phase de poules;Sundowns / AFS;Extérieur;A. El Hassouni;Tit.;76;0.0;0.0;0.0;0;0
2019/20;2020-02-01;Phase de poules;Sundowns / AFS;Extérieur;K. Kassenguo;Tit.;90;0.0;0.0;0.0;0;0
2019/20;2020-02-01;Phase de poules;Sundowns / AFS;Extérieur;G. J. Magbi;Remp.;30;0.0;0.0;0.0;0;0
2019/20;2020-02-01;Phase de poules;Sundowns / AFS;Extérieur;H. El Bahja;Remp.;25;0.0;1.0;0.0;0;0
2019/20;2020-02-01;Phase de poules;Sundowns / AFS;Extérieur;A. Tighazoui;Remp.;14;0.0;0.0;0.0;0;0
2019/20;2020-02-29;Quart-finale;Etoile Sportive du Sahel - Tunisie;Domicile;A. R. Tagnaouti;Tit.;90;0.0;0.0;0.0;0;0
2019/20;2020-02-29;Quart-finale;Etoile Sportive du Sahel - Tunisie;Domicile;Y. Attiatallah;Tit.;78;0.0;0.0;0.0;0;0
2019/20;2020-02-29;Quart-finale;Etoile Sportive du Sahel - Tunisie;Domicile;C.I. Comara;Tit.;90;0.0;0.0;0.0;0;0
2019/20;2020-02-29;Quart-finale;Etoile Sportive du Sahel - Tunisie;Domicile;H. Asrir;Tit.;90;0.0;1.0;0.0;0;0
2019/20;2020-02-29;Quart-finale;Etoile Sportive du Sahel - Tunisie;Domicile;M. Nahiri;Tit.;90;2.0;0.0;0.0;0;0
2019/20;2020-02-29;Quart-finale;Etoile Sportive du Sahel - Tunisie;Domicile;B. Nekkach;Tit.;90;0.0;0.0;0.0;0;0
2019/20;2020-02-29;Quart-finale;Etoile Sportive du Sahel - Tunisie;Domicile;Y. Jabrane;Tit.;90;0.0;0.0;0.0;0;0
2019/20;2020-02-29;Quart-finale;Etoile Sportive du Sahel - Tunisie;Domicile;I. Haddad;Tit.;86;0.0;0.0;0.0;0;0
2019/20;2020-02-29;Quart-finale;Etoile Sportive du Sahel - Tunisie;Domicile;W. El Karti;Tit.;90;0.0;0.0;0.0;0;0
2019/20;2020-02-29;Quart-finale;Etoile Sportive du Sahel - Tunisie;Domicile;B. Aouk;Tit.;90;0.0;0.0;0.0;0;0
2019/20;2020-02-29;Quart-finale;Etoile Sportive du Sahel - Tunisie;Domicile;A. El Hassouni;Tit.;72;0.0;1.0;0.0;0;0
2019/20;2020-02-29;Quart-finale;Etoile Sportive du Sahel - Tunisie;Domicile;K. Kassenguo;Remp.;18;0.0;0.0;0.0;0;0
2019/20;2020-02-29;Quart-finale;Etoile Sportive du Sahel - Tunisie;Domicile;B. Gadarine;Remp.;12;0.0;0.0;0.0;0;0
2019/20;2020-02-29;Quart-finale;Etoile Sportive du Sahel - Tunisie;Domicile;A. El Amloud;Remp.;4;0.0;0.0;0.0;0;0
2019/20;2020-03-07;Quart-finale;Etoile Sportive du Sahel - Tunisie;Extérieur;A. R. Tagnaouti;Tit.;90;0.0;1.0;0.0;0;0
2019/20;2020-03-07;Quart-finale;Etoile Sportive du Sahel - Tunisie;Extérieur;M. Nahiri;Tit.;90;0.0;0.0;0.0;0;0
2019/20;2020-03-07;Quart-finale;Etoile Sportive du Sahel - Tunisie;Extérieur;C.I. Comara;Tit.;90;0.0;0.0;0.0;0;0
2019/20;2020-03-07;Quart-finale;Etoile Sportive du Sahel - Tunisie;Extérieur;H. Asrir;Tit.;90;0.0;0.0;0.0;0;0
2019/20;2020-03-07;Quart-finale;Etoile Sportive du Sahel - Tunisie;Extérieur;A. Noussair;Tit.;90;0.0;0.0;0.0;0;0
2019/20;2020-03-07;Quart-finale;Etoile Sportive du Sahel - Tunisie;Extérieur;B. Nekkach;Tit.;90;0.0;1.0;0.0;0;0
2019/20;2020-03-07;Quart-finale;Etoile Sportive du Sahel - Tunisie;Extérieur;Y. Jabrane;Tit.;90;0.0;1.0;0.0;0;0
2019/20;2020-03-07;Quart-finale;Etoile Sportive du Sahel - Tunisie;Extérieur;I. Haddad;Tit.;84;0.0;0.0;0.0;0;0
2019/20;2020-03-07;Quart-finale;Etoile Sportive du Sahel - Tunisie;Extérieur;W. El Karti;Tit.;90;0.0;0.0;0.0;0;0
2019/20;2020-03-07;Quart-finale;Etoile Sportive du Sahel - Tunisie;Extérieur;B. Aouk;Tit.;87;0.0;0.0;0.0;0;0
2019/20;2020-03-07;Quart-finale;Etoile Sportive du Sahel - Tunisie;Extérieur;A. El Hassouni;Tit.;63;0.0;0.0;0.0;0;0
2019/20;2020-03-07;Quart-finale;Etoile Sportive du Sahel - Tunisie;Extérieur;B. Gadarine;Remp.;27;0.0;0.0;0.0;0;0
2019/20;2020-03-07;Quart-finale;Etoile Sportive du Sahel - Tunisie;Extérieur;A. El Amloud;Remp.;6;0.0;0.0;0.0;0;0
2019/20;2020-03-07;Quart-finale;Etoile Sportive du Sahel - Tunisie;Extérieur;A. Rhili;Remp.;3;0.0;0.0;0.0;0;0
2019/20;2020-10-17;Demi-finale;Al Ahly;Domicile;A. R. Tagnaouti;Tit.;90;0.0;0.0;0.0;0;0
2019/20;2020-10-17;Demi-finale;Al Ahly;Domicile;A. Noussair;Tit.;77;0.0;0.0;0.0;0;0
2019/20;2020-10-17;Demi-finale;Al Ahly;Domicile;Y. Jabrane;Tit.;90;0.0;0.0;0.0;0;0
2019/20;2020-10-17;Demi-finale;Al Ahly;Domicile;I. Najm Eddine;Tit.;90;0.0;1.0;0.0;0;0
2019/20;2020-10-17;Demi-finale;Al Ahly;Domicile;Y. Attiatallah;Tit.;50;0.0;1.0;0.0;0;0
2019/20;2020-10-17;Demi-finale;Al Ahly;Domicile;B. Aouk;Tit.;77;0.0;0.0;0.0;0;0
2019/20;2020-10-17;Demi-finale;Al Ahly;Domicile;B. Nekkach;Tit.;63;0.0;0.0;0.0;0;0
2019/20;2020-10-17;Demi-finale;Al Ahly;Domicile;A. El Hassouni;Tit.;90;0.0;0.0;0.0;0;0
2019/20;2020-10-17;Demi-finale;Al Ahly;Domicile;I. Haddad;Tit.;90;0.0;0.0;0.0;0;0
2019/20;2020-10-17;Demi-finale;Al Ahly;Domicile;W. El Karti;Tit.;90;0.0;0.0;0.0;0;0
2019/20;2020-10-17;Demi-finale;Al Ahly;Domicile;G. J. Magbi;Tit.;63;0.0;0.0;0.0;0;0
2019/20;2020-10-17;Demi-finale;Al Ahly;Domicile;B. Gadarine;Remp.;40;0.0;0.0;0.0;0;0
2019/20;2020-10-17;Demi-finale;Al Ahly;Domicile;Z. El-Moutaraji;Remp.;27;0.0;0.0;0.0;0;0
2019/20;2020-10-17;Demi-finale;Al Ahly;Domicile;C.I. Comara;Remp.;27;0.0;0.0;0.0;0;0
2019/20;2020-10-17;Demi-finale;Al Ahly;Domicile;K. Kassenguo;Remp.;13;0.0;0.0;0.0;0;0
2019/20;2020-10-17;Demi-finale;Al Ahly;Domicile;H. Asrir;Remp.;13;0.0;0.0;0.0;0;0
2019/20;2020-10-23;Demi-finale;Al Ahly;Extérieur;A. R. Tagnaouti;Tit.;90;0.0;0.0;0.0;0;0
2019/20;2020-10-23;Demi-finale;Al Ahly;Extérieur;Y. Attiatallah;Tit.;90;0.0;0.0;0.0;0;0
2019/20;2020-10-23;Demi-finale;Al Ahly;Extérieur;I. Najm Eddine;Tit.;90;0.0;0.0;0.0;0;0
2019/20;2020-10-23;Demi-finale;Al Ahly;Extérieur;C.I. Comara;Tit.;90;0.0;0.0;0.0;0;0
2019/20;2020-10-23;Demi-finale;Al Ahly;Extérieur;A. Noussair;Tit.;57;0.0;0.0;0.0;0;0
2019/20;2020-10-23;Demi-finale;Al Ahly;Extérieur;W. El Karti;Tit.;90;0.0;0.0;0.0;0;0
2019/20;2020-10-23;Demi-finale;Al Ahly;Extérieur;Y. Jabrane;Tit.;90;0.0;1.0;0.0;0;0
2019/20;2020-10-23;Demi-finale;Al Ahly;Extérieur;I. Haddad;Tit.;90;0.0;0.0;0.0;0;0
2019/20;2020-10-23;Demi-finale;Al Ahly;Extérieur;A. El Hassouni;Tit.;57;0.0;0.0;0.0;0;0
2019/20;2020-10-23;Demi-finale;Al Ahly;Extérieur;B. Aouk;Tit.;87;0.0;0.0;0.0;0;0
2019/20;2020-10-23;Demi-finale;Al Ahly;Extérieur;K. Kassenguo;Tit.;77;0.0;0.0;0.0;0;0
2019/20;2020-10-23;Demi-finale;Al Ahly;Extérieur;Z. El-Moutaraji;Remp.;33;1.0;0.0;0.0;0;0
2019/20;2020-10-23;Demi-finale;Al Ahly;Extérieur;H. Asrir;Remp.;33;0.0;0.0;0.0;0;0
2019/20;2020-10-23;Demi-finale;Al Ahly;Extérieur;G. J. Magbi;Remp.;33;0.0;0.0;0.0;0;0
2019/20;2020-10-23;Demi-finale;Al Ahly;Extérieur;B. Gadarine;Remp.;13;0.0;0.0;0.0;0;0
2022/23;2023-02-17;Phase de poules;JS Kabylie - Algérie;Extérieur;A. R. Tagnaouti;Tit.;90;0.0;0.0;0.0;0;0
2022/23;2023-02-17;Phase de poules;JS Kabylie - Algérie;Extérieur;Y. Attiatallah;Tit.;90;0.0;1.0;0.0;0;0
2022/23;2023-02-17;Phase de poules;JS Kabylie - Algérie;Extérieur;A. Zola;Tit.;90;0.0;0.0;0.0;0;0
2022/23;2023-02-17;Phase de poules;JS Kabylie - Algérie;Extérieur;A. Farhane;Tit.;90;0.0;0.0;0.0;0;0
2022/23;2023-02-17;Phase de poules;JS Kabylie - Algérie;Extérieur;A. El Amloud;Tit.;90;0.0;0.0;0.0;0;0
2022/23;2023-02-17;Phase de poules;JS Kabylie - Algérie;Extérieur;R. Jaadi;Tit.;26;0.0;0.0;0.0;0;0
2022/23;2023-02-17;Phase de poules;JS Kabylie - Algérie;Extérieur;Y. Jabrane;Tit.;90;0.0;0.0;0.0;0;0
2022/23;2023-02-17;Phase de poules;JS Kabylie - Algérie;Extérieur;J. Daoudi;Tit.;90;0.0;0.0;0.0;0;0
2022/23;2023-02-17;Phase de poules;JS Kabylie - Algérie;Extérieur;A. El Hassouni;Tit.;85;0.0;0.0;0.0;0;0
2022/23;2023-02-17;Phase de poules;JS Kabylie - Algérie;Extérieur;D.L. Zee;Tit.;45;0.0;0.0;0.0;0;0
2022/23;2023-02-17;Phase de poules;JS Kabylie - Algérie;Extérieur;S. Bouhra;Tit.;85;0.0;0.0;0.0;0;0
2022/23;2023-02-17;Phase de poules;JS Kabylie - Algérie;Extérieur;H. Ahaddad;Remp.;30;0.0;0.0;0.0;0;0
2022/23;2023-02-17;Phase de poules;JS Kabylie - Algérie;Extérieur;A. Haimoud;Remp.;34;0.0;0.0;0.0;0;0
2022/23;2023-02-17;Phase de poules;JS Kabylie - Algérie;Extérieur;B. Sambo;Remp.;45;0.0;0.0;0.0;0;0
2022/23;2023-02-17;Phase de poules;JS Kabylie - Algérie;Extérieur;M. Ounajem;Remp.;5;0.0;0.0;0.0;0;0
2022/23;2023-02-17;Phase de poules;JS Kabylie - Algérie;Extérieur;H. Boussefiane;Remp.;5;0.0;0.0;0.0;0;0
2022/23;2023-02-24;Phase de poules;Petro Luanda;Domicile;A. R. Tagnaouti;Tit.;90;0.0;0.0;0.0;0;0
2022/23;2023-02-24;Phase de poules;Petro Luanda;Domicile;A. El Amloud;Tit.;90;0.0;0.0;0.0;0;0
2022/23;2023-02-24;Phase de poules;Petro Luanda;Domicile;A. Aboulfath;Tit.;90;0.0;1.0;0.0;0;0
2022/23;2023-02-24;Phase de poules;Petro Luanda;Domicile;A. Farhane;Tit.;90;0.0;0.0;0.0;0;0
2022/23;2023-02-24;Phase de poules;Petro Luanda;Domicile;Y. Attiatallah;Tit.;90;0.0;0.0;0.0;0;0
2022/23;2023-02-24;Phase de poules;Petro Luanda;Domicile;Y. Jabrane;Tit.;90;1.0;0.0;0.0;0;0
2022/23;2023-02-24;Phase de poules;Petro Luanda;Domicile;M. Ounajem;Tit.;83;0.0;0.0;0.0;0;0
2022/23;2023-02-24;Phase de poules;Petro Luanda;Domicile;A. El Hassouni;Tit.;74;0.0;1.0;0.0;0;0
2022/23;2023-02-24;Phase de poules;Petro Luanda;Domicile;A. Haimoud;Tit.;83;0.0;1.0;0.0;0;0
2022/23;2023-02-24;Phase de poules;Petro Luanda;Domicile;S. Bouhra;Tit.;89;0.0;0.0;0.0;0;0
2022/23;2023-02-24;Phase de poules;Petro Luanda;Domicile;B. Sambo;Tit.;74;0.0;0.0;0.0;0;0
2022/23;2023-02-24;Phase de poules;Petro Luanda;Domicile;D.L. Zee;Remp.;16;0.0;0.0;0.0;0;0
2022/23;2023-02-24;Phase de poules;Petro Luanda;Domicile;I. El-Moutaraji;Remp.;16;0.0;0.0;0.0;0;0
2022/23;2023-02-24;Phase de poules;Petro Luanda;Domicile;J. Daoudi;Remp.;7;0.0;0.0;0.0;0;0
2022/23;2023-02-24;Phase de poules;Petro Luanda;Domicile;H. Boussefiane;Remp.;7;0.0;0.0;0.0;0;0
2022/23;2023-02-24;Phase de poules;Petro Luanda;Domicile;A. Zola;Remp.;1;0.0;0.0;0.0;0;0
2022/23;2023-03-03;polues;Vita Club - RDC;Domicile;A. R. Tagnaouti;Tit.;90;-1.0;0.0;0.0;0;0
2022/23;2023-03-03;polues;Vita Club - RDC;Domicile;A. El Amloud;Tit.;90;0.0;0.0;0.0;0;0
2022/23;2023-03-03;polues;Vita Club - RDC;Domicile;A. Farhane;Tit.;90;0.0;0.0;0.0;0;0
2022/23;2023-03-03;polues;Vita Club - RDC;Domicile;A. Zola;Tit.;90;0.0;0.0;0.0;0;0
2022/23;2023-03-03;polues;Vita Club - RDC;Domicile;Y. Attiatallah;Tit.;89;0.0;0.0;0.0;0;0
2022/23;2023-03-03;polues;Vita Club - RDC;Domicile;Y. Jabrane;Tit.;90;0.0;0.0;0.0;0;0
2022/23;2023-03-03;polues;Vita Club - RDC;Domicile;J. Daoudi;Tit.;54;0.0;0.0;0.0;0;0
2022/23;2023-03-03;polues;Vita Club - RDC;Domicile;H. Boussefiane;Tit.;54;0.0;0.0;0.0;0;0
2022/23;2023-03-03;polues;Vita Club - RDC;Domicile;A. El Hassouni;Tit.;89;0.0;0.0;0.0;0;0
2022/23;2023-03-03;polues;Vita Club - RDC;Domicile;S. Bouhra;Tit.;78;0.0;0.0;0.0;0;0
2022/23;2023-03-03;polues;Vita Club - RDC;Domicile;B. Sambo;Tit.;90;0.0;0.0;0.0;0;0
2022/23;2023-03-03;polues;Vita Club - RDC;Domicile;A. Haimoud;Remp.;36;0.0;0.0;0.0;0;0
2022/23;2023-03-03;polues;Vita Club - RDC;Domicile;M. Ounajem;Remp.;36;0.0;0.0;0.0;0;0
2022/23;2023-03-03;polues;Vita Club - RDC;Domicile;M. Ellafi;Remp.;12;0.0;0.0;0.0;0;0
2022/23;2023-03-03;polues;Vita Club - RDC;Domicile;I. El-Moutaraji;Remp.;1;0.0;0.0;0.0;0;0
2022/23;2023-03-03;polues;Vita Club - RDC;Domicile;A. Aboulfath;Remp.;1;0.0;0.0;0.0;0;0
2022/23;2023-03-11;Phase de poules;Petro Luanda;Extérieur;A. R. Tagnaouti;Tit.;90;0.0;1.0;0.0;0;0
2022/23;2023-03-11;Phase de poules;Petro Luanda;Extérieur;A. Zola;Tit.;90;1.0;0.0;0.0;0;0
2022/23;2023-03-11;Phase de poules;Petro Luanda;Extérieur;Y. Attiatallah;Tit.;90;0.0;0.0;0.0;0;0
2022/23;2023-03-11;Phase de poules;Petro Luanda;Extérieur;A. El Amloud;Tit.;90;0.0;0.0;0.0;0;0
2022/23;2023-03-11;Phase de poules;Petro Luanda;Extérieur;A. Farhane;Tit.;90;0.0;1.0;0.0;0;0
2022/23;2023-03-11;Phase de poules;Petro Luanda;Extérieur;J. Daoudi;Tit.;78;0.0;1.0;0.0;0;0
2022/23;2023-03-11;Phase de poules;Petro Luanda;Extérieur;Y. Jabrane;Tit.;90;0.0;0.0;0.0;0;0
2022/23;2023-03-11;Phase de poules;Petro Luanda;Extérieur;H. Boussefiane;Tit.;67;0.0;1.0;0.0;0;0
2022/23;2023-03-11;Phase de poules;Petro Luanda;Extérieur;S. Bouhra;Tit.;89;0.0;0.0;0.0;0;0
2022/23;2023-03-11;Phase de poules;Petro Luanda;Extérieur;A. El Hassouni;Tit.;89;0.0;0.0;0.0;0;0
2022/23;2023-03-11;Phase de poules;Petro Luanda;Extérieur;B. Sambo;Tit.;90;1.0;1.0;0.0;0;0
2022/23;2023-03-11;Phase de poules;Petro Luanda;Extérieur;A. Haimoud;Remp.;12;0.0;0.0;0.0;0;0
2022/23;2023-03-11;Phase de poules;Petro Luanda;Extérieur;M. Ellafi;Remp.;23;0.0;0.0;0.0;0;0
2022/23;2023-03-11;Phase de poules;Petro Luanda;Extérieur;H. Baouche;Remp.;1;0.0;0.0;0.0;0;0
2022/23;2023-03-11;Phase de poules;Petro Luanda;Extérieur;H. Ait Allal;Remp.;1;0.0;0.0;0.0;0;0
2022/23;2023-03-18;Phase de poules;Vita Club - RDC;Extérieur;A. R. Tagnaouti;Tit.;90;0.0;0.0;0.0;0;0
2022/23;2023-03-18;Phase de poules;Vita Club - RDC;Extérieur;Y. Attiatallah;Tit.;90;0.0;0.0;0.0;0;0
2022/23;2023-03-18;Phase de poules;Vita Club - RDC;Extérieur;A. El Amloud;Tit.;90;0.0;0.0;0.0;0;0
2022/23;2023-03-18;Phase de poules;Vita Club - RDC;Extérieur;A. Farhane;Tit.;75;0.0;0.0;0.0;0;0
2022/23;2023-03-18;Phase de poules;Vita Club - RDC;Extérieur;A. Zola;Tit.;90;0.0;0.0;0.0;0;0
2022/23;2023-03-18;Phase de poules;Vita Club - RDC;Extérieur;H. Boussefiane;Tit.;80;0.0;0.0;0.0;0;0
2022/23;2023-03-18;Phase de poules;Vita Club - RDC;Extérieur;S. Bouhra;Tit.;89;0.0;0.0;0.0;0;0
2022/23;2023-03-18;Phase de poules;Vita Club - RDC;Extérieur;A. Haimoud;Tit.;90;0.0;0.0;0.0;0;0
2022/23;2023-03-18;Phase de poules;Vita Club - RDC;Extérieur;Y. Jabrane;Tit.;90;0.0;0.0;0.0;0;0
2022/23;2023-03-18;Phase de poules;Vita Club - RDC;Extérieur;J. Daoudi;Tit.;90;0.0;0.0;0.0;0;0
2022/23;2023-03-18;Phase de poules;Vita Club - RDC;Extérieur;B. Sambo;Tit.;90;0.0;1.0;0.0;0;0
2022/23;2023-03-18;Phase de poules;Vita Club - RDC;Extérieur;A. Aboulfath;Remp.;15;0.0;0.0;0.0;0;0
2022/23;2023-03-18;Phase de poules;Vita Club - RDC;Extérieur;M. Ounajem;Remp.;10;0.0;0.0;0.0;0;0
2022/23;2023-03-18;Phase de poules;Vita Club - RDC;Extérieur;H. Ait Allal;Remp.;1;0.0;0.0;0.0;0;0
2022/23;2023-04-01;Phase de poules;JS Kabylie - Algérie;Domicile;Y. Moutie;Tit.;90;0.0;0.0;0.0;0;0
2022/23;2023-04-01;Phase de poules;JS Kabylie - Algérie;Domicile;A. El Amloud;Tit.;90;0.0;0.0;0.0;0;0
2022/23;2023-04-01;Phase de poules;JS Kabylie - Algérie;Domicile;A. Aboulfath;Tit.;90;0.0;0.0;0.0;0;0
2022/23;2023-04-01;Phase de poules;JS Kabylie - Algérie;Domicile;A. Zola;Tit.;90;0.0;0.0;0.0;0;0
2022/23;2023-04-01;Phase de poules;JS Kabylie - Algérie;Domicile;Y. Attiatallah;Tit.;90;0.0;1.0;0.0;0;0
2022/23;2023-04-01;Phase de poules;JS Kabylie - Algérie;Domicile;S. Bouhra;Tit.;74;0.0;0.0;0.0;0;0
2022/23;2023-04-01;Phase de poules;JS Kabylie - Algérie;Domicile;H. Boussefiane;Tit.;90;0.0;0.0;0.0;0;0
2022/23;2023-04-01;Phase de poules;JS Kabylie - Algérie;Domicile;Y. Jabrane;Tit.;74;0.0;1.0;0.0;0;0
2022/23;2023-04-01;Phase de poules;JS Kabylie - Algérie;Domicile;A. El Hassouni;Tit.;58;0.0;0.0;0.0;0;0
2022/23;2023-04-01;Phase de poules;JS Kabylie - Algérie;Domicile;J. Daoudi;Tit.;58;0.0;0.0;0.0;0;0
2022/23;2023-04-01;Phase de poules;JS Kabylie - Algérie;Domicile;B. Sambo;Tit.;80;2.0;1.0;0.0;0;0
2022/23;2023-04-01;Phase de poules;JS Kabylie - Algérie;Domicile;M. Ellafi;Remp.;16;0.0;0.0;0.0;0;0
2022/23;2023-04-01;Phase de poules;JS Kabylie - Algérie;Domicile;M. Ounajem;Remp.;16;0.0;0.0;0.0;0;0
2022/23;2023-04-01;Phase de poules;JS Kabylie - Algérie;Domicile;A. Haimoud;Remp.;32;0.0;0.0;0.0;0;0
2022/23;2023-04-01;Phase de poules;JS Kabylie - Algérie;Domicile;R. Jaadi;Remp.;32;0.0;0.0;0.0;0;0
2022/23;2023-04-01;Phase de poules;JS Kabylie - Algérie;Domicile;Z. El-Moutaraji;Remp.;10;1.0;0.0;0.0;0;0
2022/23;2023-04-22;Quart-finale;Simba - Tanzanie;Extérieur;Y. Moutie;Tit.;90;0.0;0.0;0.0;0;0
2022/23;2023-04-22;Quart-finale;Simba - Tanzanie;Extérieur;A. Aboulfath;Tit.;90;0.0;1.0;0.0;0;0
2022/23;2023-04-22;Quart-finale;Simba - Tanzanie;Extérieur;A. Zola;Tit.;90;0.0;1.0;0.0;0;0
2022/23;2023-04-22;Quart-finale;Simba - Tanzanie;Extérieur;H. Benayada;Tit.;90;0.0;0.0;0.0;0;0
2022/23;2023-04-22;Quart-finale;Simba - Tanzanie;Extérieur;Y. Jabrane;Tit.;90;0.0;0.0;0.0;0;0
2022/23;2023-04-22;Quart-finale;Simba - Tanzanie;Extérieur;J. Daoudi;Tit.;90;0.0;1.0;0.0;0;0
2022/23;2023-04-22;Quart-finale;Simba - Tanzanie;Extérieur;Y. Attiatallah;Tit.;90;0.0;0.0;0.0;0;0
2022/23;2023-04-22;Quart-finale;Simba - Tanzanie;Extérieur;H. Boussefiane;Tit.;70;0.0;0.0;0.0;0;0
2022/23;2023-04-22;Quart-finale;Simba - Tanzanie;Extérieur;A. El Hassouni;Tit.;63;0.0;0.0;0.0;0;0
2022/23;2023-04-22;Quart-finale;Simba - Tanzanie;Extérieur;S. Bouhra;Tit.;63;0.0;0.0;0.0;0;0
2022/23;2023-04-22;Quart-finale;Simba - Tanzanie;Extérieur;H. Ahaddad;Tit.;84;0.0;1.0;0.0;0;0
2022/23;2023-04-22;Quart-finale;Simba - Tanzanie;Extérieur;Z. El-Moutaraji;Remp.;27;0.0;0.0;0.0;0;0
2022/23;2023-04-22;Quart-finale;Simba - Tanzanie;Extérieur;A. Haimoud;Remp.;27;0.0;0.0;0.0;0;0
2022/23;2023-04-22;Quart-finale;Simba - Tanzanie;Extérieur;I. Khenouss;Remp.;20;0.0;0.0;0.0;0;0
2022/23;2023-04-22;Quart-finale;Simba - Tanzanie;Extérieur;M. Ellafi;Remp.;6;0.0;0.0;0.0;0;0
2022/23;2023-04-28;Quart-finale;Simba - Tanzanie;Domicile;Y. Moutie;Tit.;90;0.0;0.0;0.0;0;0
2022/23;2023-04-28;Quart-finale;Simba - Tanzanie;Domicile;H. Benayada;Tit.;83;0.0;0.0;0.0;0;0
2022/23;2023-04-28;Quart-finale;Simba - Tanzanie;Domicile;A. Aboulfath;Tit.;90;0.0;0.0;0.0;1;0
2022/23;2023-04-28;Quart-finale;Simba - Tanzanie;Domicile;A. Zola;Tit.;90;0.0;0.0;0.0;0;0
2022/23;2023-04-28;Quart-finale;Simba - Tanzanie;Domicile;Y. Attiatallah;Tit.;90;0.0;0.0;0.0;0;0
2022/23;2023-04-28;Quart-finale;Simba - Tanzanie;Domicile;Y. Jabrane;Tit.;90;0.0;0.0;0.0;1;0
2022/23;2023-04-28;Quart-finale;Simba - Tanzanie;Domicile;J. Daoudi;Tit.;69;0.0;0.0;0.0;0;0
2022/23;2023-04-28;Quart-finale;Simba - Tanzanie;Domicile;A. El Hassouni;Tit.;90;0.0;0.0;0.0;0;0
2022/23;2023-04-28;Quart-finale;Simba - Tanzanie;Domicile;H. Boussefiane;Tit.;69;0.0;0.0;0.0;0;0
2022/23;2023-04-28;Quart-finale;Simba - Tanzanie;Domicile;S. Bouhra;Tit.;83;0.0;0.0;0.0;0;0
2022/23;2023-04-28;Quart-finale;Simba - Tanzanie;Domicile;B. Sambo;Tit.;90;1.0;0.0;0.0;0;0
2022/23;2023-04-28;Quart-finale;Simba - Tanzanie;Domicile;A. El Amloud;Remp.;7;0.0;0.0;0.0;1;0
2022/23;2023-04-28;Quart-finale;Simba - Tanzanie;Domicile;A. Haimoud;Remp.;21;0.0;0.0;0.0;1;0
2022/23;2023-04-28;Quart-finale;Simba - Tanzanie;Domicile;M. Ounajem;Remp.;21;0.0;0.0;0.0;0;0
2022/23;2023-04-28;Quart-finale;Simba - Tanzanie;Domicile;Z. El-Moutaraji;Remp.;7;0.0;1.0;0.0;0;0
2022/23;2023-05-13;Demi-finale;Sundowns / AFS;Domicile;Y. Moutie;Tit.;90;0.0;0.0;0.0;0;0
2022/23;2023-05-13;Demi-finale;Sundowns / AFS;Domicile;Y. Attiatallah;Tit.;90;0.0;1.0;0.0;0;0
2022/23;2023-05-13;Demi-finale;Sundowns / AFS;Domicile;A. Aboulfath;Tit.;90;0.0;0.0;0.0;0;0
2022/23;2023-05-13;Demi-finale;Sundowns / AFS;Domicile;A. Zola;Tit.;90;0.0;0.0;0.0;0;0
2022/23;2023-05-13;Demi-finale;Sundowns / AFS;Domicile;A. El Amloud;Tit.;73;0.0;0.0;0.0;0;0
2022/23;2023-05-13;Demi-finale;Sundowns / AFS;Domicile;Y. Jabrane;Tit.;90;0.0;1.0;0.0;0;0
2022/23;2023-05-13;Demi-finale;Sundowns / AFS;Domicile;R. Jaadi;Tit.;90;0.0;0.0;0.0;0;0
2022/23;2023-05-13;Demi-finale;Sundowns / AFS;Domicile;M. Ounajem;Tit.;90;0.0;0.0;0.0;0;0
2022/23;2023-05-13;Demi-finale;Sundowns / AFS;Domicile;S. Bouhra;Tit.;45;0.0;0.0;0.0;0;0
2022/23;2023-05-13;Demi-finale;Sundowns / AFS;Domicile;A. El Hassouni;Tit.;73;0.0;0.0;0.0;0;0
2022/23;2023-05-13;Demi-finale;Sundowns / AFS;Domicile;B. Sambo;Tit.;68;0.0;0.0;0.0;0;0
2022/23;2023-05-13;Demi-finale;Sundowns / AFS;Domicile;Z. El-Moutaraji;Remp.;45;0.0;0.0;0.0;0;0
2022/23;2023-05-13;Demi-finale;Sundowns / AFS;Domicile;H. Ahaddad;Remp.;22;0.0;1.0;0.0;0;0
2022/23;2023-05-13;Demi-finale;Sundowns / AFS;Domicile;H. Benayada;Remp.;17;0.0;0.0;0.0;0;0
2022/23;2023-05-13;Demi-finale;Sundowns / AFS;Domicile;M. Ellafi;Remp.;17;0.0;0.0;0.0;0;0
2022/23;2023-05-20;Demi-finale;Sundowns / AFS;Extérieur;Y. Moutie;Tit.;90;-1.0;0.0;0.0;0;0
2022/23;2023-05-20;Demi-finale;Sundowns / AFS;Extérieur;Y. Attiatallah;Tit.;90;0.0;0.0;0.0;0;0
2022/23;2023-05-20;Demi-finale;Sundowns / AFS;Extérieur;A. Aboulfath;Tit.;90;0.0;1.0;0.0;0;0
2022/23;2023-05-20;Demi-finale;Sundowns / AFS;Extérieur;A. Zola;Tit.;90;0.0;0.0;0.0;0;0
2022/23;2023-05-20;Demi-finale;Sundowns / AFS;Extérieur;A. El Amloud;Tit.;90;1.0;1.0;0.0;0;0
2022/23;2023-05-20;Demi-finale;Sundowns / AFS;Extérieur;Y. Jabrane;Tit.;90;0.0;1.0;0.0;0;0
2022/23;2023-05-20;Demi-finale;Sundowns / AFS;Extérieur;A. Haimoud;Tit.;89;0.0;0.0;0.0;0;0
2022/23;2023-05-20;Demi-finale;Sundowns / AFS;Extérieur;R. Jaadi;Tit.;64;0.0;0.0;0.0;0;0
2022/23;2023-05-20;Demi-finale;Sundowns / AFS;Extérieur;Z. El-Moutaraji;Tit.;72;0.0;0.0;0.0;0;0
2022/23;2023-05-20;Demi-finale;Sundowns / AFS;Extérieur;M. Ounajem;Tit.;72;0.0;0.0;0.0;0;0
2022/23;2023-05-20;Demi-finale;Sundowns / AFS;Extérieur;B. Sambo;Tit.;89;0.0;1.0;0.0;0;0
2022/23;2023-05-20;Demi-finale;Sundowns / AFS;Extérieur;J. Daoudi;Remp.;26;0.0;0.0;0.0;0;0
2022/23;2023-05-20;Demi-finale;Sundowns / AFS;Extérieur;S. Bouhra;Remp.;18;0.0;0.0;0.0;0;0
2022/23;2023-05-20;Demi-finale;Sundowns / AFS;Extérieur;M. Ellafi;Remp.;18;0.0;0.0;0.0;0;0
2022/23;2023-05-20;Demi-finale;Sundowns / AFS;Extérieur;A. El Hassouni;Remp.;1;0.0;0.0;0.0;0;0
2022/23;2023-05-20;Demi-finale;Sundowns / AFS;Extérieur;H. Ahaddad;Remp.;1;0.0;1.0;0.0;0;0
2022/23;2023-06-04;Finale;Al Ahly;Extérieur;Y. Moutie;Tit.;90;0.0;0.0;0.0;0;0
2022/23;2023-06-04;Finale;Al Ahly;Extérieur;A. El Amloud;Tit.;90;0.0;1.0;0.0;0;0
2022/23;2023-06-04;Finale;Al Ahly;Extérieur;A. Farhane;Tit.;90;0.0;0.0;0.0;0;0
2022/23;2023-06-04;Finale;Al Ahly;Extérieur;A. Zola;Tit.;90;0.0;0.0;0.0;0;0
2022/23;2023-06-04;Finale;Al Ahly;Extérieur;Y. Attiatallah;Tit.;90;0.0;1.0;0.0;0;0
2022/23;2023-06-04;Finale;Al Ahly;Extérieur;J. Daoudi;Tit.;90;0.0;0.0;0.0;0;0
2022/23;2023-06-04;Finale;Al Ahly;Extérieur;R. Jaadi;Tit.;90;0.0;0.0;0.0;0;0
2022/23;2023-06-04;Finale;Al Ahly;Extérieur;A. El Hassouni;Tit.;73;0.0;0.0;0.0;0;0
2022/23;2023-06-04;Finale;Al Ahly;Extérieur;Y. Jabrane;Tit.;90;0.0;0.0;0.0;0;0
2022/23;2023-06-04;Finale;Al Ahly;Extérieur;Z. El-Moutaraji;Tit.;82;0.0;0.0;0.0;0;0
2022/23;2023-06-04;Finale;Al Ahly;Extérieur;B. Sambo;Tit.;90;0.0;0.0;0.0;0;0
2022/23;2023-06-04;Finale;Al Ahly;Extérieur;M. Ounajem;Remp.;17;0.0;0.0;0.0;0;0
2022/23;2023-06-04;Finale;Al Ahly;Extérieur;S. Bouhra;Remp.;8;1.0;0.0;0.0;0;0
2022/23;2023-06-11;Finale;Al Ahly;Domicile;Y. Moutie;Tit.;90;0.0;0.0;0.0;0;0
2022/23;2023-06-11;Finale;Al Ahly;Domicile;Y. Attiatallah;Tit.;90;1.0;0.0;0.0;0;0
2022/23;2023-06-11;Finale;Al Ahly;Domicile;A. Zola;Tit.;90;0.0;0.0;0.0;0;0
2022/23;2023-06-11;Finale;Al Ahly;Domicile;A. Farhane;Tit.;90;0.0;0.0;0.0;0;0
2022/23;2023-06-11;Finale;Al Ahly;Domicile;A. El Amloud;Tit.;90;0.0;0.0;0.0;0;0
2022/23;2023-06-11;Finale;Al Ahly;Domicile;Y. Jabrane;Tit.;90;0.0;0.0;0.0;0;0
2022/23;2023-06-11;Finale;Al Ahly;Domicile;J. Daoudi;Tit.;90;0.0;0.0;0.0;0;0
2022/23;2023-06-11;Finale;Al Ahly;Domicile;S. Bouhra;Tit.;66;0.0;1.0;0.0;0;0
2022/23;2023-06-11;Finale;Al Ahly;Domicile;A. El Hassouni;Tit.;80;0.0;0.0;0.0;0;0
2022/23;2023-06-11;Finale;Al Ahly;Domicile;M. Ounajem;Tit.;89;0.0;0.0;0.0;0;0
2022/23;2023-06-11;Finale;Al Ahly;Domicile;B. Sambo;Tit.;90;0.0;0.0;0.0;0;0
2022/23;2023-06-11;Finale;Al Ahly;Domicile;Z. El-Moutaraji;Remp.;24;0.0;0.0;0.0;0;0
2022/23;2023-06-11;Finale;Al Ahly;Domicile;R. Jaadi;Remp.;10;0.0;0.0;0.0;0;0
2022/23;2023-06-11;Finale;Al Ahly;Domicile;H. Ahaddad;Remp.;1;0.0;0.0;0.0;0;0
2023;2023-10-22;Quart-finale;Enyimba;Extérieur;Y. Moutie;Tit.;90;0.0;0.0;0.0;0;0
2023;2023-10-22;Quart-finale;Enyimba;Extérieur;Y. Attiatallah;Tit.;90;0.0;0.0;0.0;0;0
2023;2023-10-22;Quart-finale;Enyimba;Extérieur;A. Aboulfath;Tit.;90;0.0;1.0;0.0;0;0
2023;2023-10-22;Quart-finale;Enyimba;Extérieur;J. Harkass;Tit.;90;0.0;0.0;0.0;0;0
2023;2023-10-22;Quart-finale;Enyimba;Extérieur;A. El Amloud;Tit.;90;0.0;0.0;0.0;0;0
2023;2023-10-22;Quart-finale;Enyimba;Extérieur;Y. Jabrane;Tit.;90;1.0;1.0;0.0;0;0
2023;2023-10-22;Quart-finale;Enyimba;Extérieur;Z. Draoui;Tit.;90;0.0;0.0;0.0;0;0
2023;2023-10-22;Quart-finale;Enyimba;Extérieur;H. Boussefiane;Tit.;75;0.0;1.0;0.0;0;0
2023;2023-10-22;Quart-finale;Enyimba;Extérieur;H. El Houni;Tit.;82;0.0;0.0;0.0;0;0
2023;2023-10-22;Quart-finale;Enyimba;Extérieur;S. Ahnache;Tit.;90;0.0;0.0;0.0;0;0
2023;2023-10-22;Quart-finale;Enyimba;Extérieur;C. Bahri;Tit.;90;0.0;0.0;0.0;0;0
2023;2023-10-22;Quart-finale;Enyimba;Extérieur;M. Lahtimi;Remp.;15;0.0;0.0;0.0;0;0
2023;2023-10-22;Quart-finale;Enyimba;Extérieur;A. Serrhat;Remp.;8;0.0;0.0;0.0;0;0
2023;2023-10-26;Quart-finale;Enyimba;Domicile;Y. Moutie;Tit.;90;0.0;0.0;0.0;0;0
2023;2023-10-26;Quart-finale;Enyimba;Domicile;A. El Amloud;Tit.;90;1.0;0.0;0.0;0;0
2023;2023-10-26;Quart-finale;Enyimba;Domicile;A. Aboulfath;Tit.;90;0.0;0.0;0.0;0;0
2023;2023-10-26;Quart-finale;Enyimba;Domicile;J. Harkass;Tit.;90;1.0;0.0;0.0;0;0
2023;2023-10-26;Quart-finale;Enyimba;Domicile;Y. Attiatallah;Tit.;57;1.0;0.0;0.0;0;0
2023;2023-10-26;Quart-finale;Enyimba;Domicile;Y. Jabrane;Tit.;70;0.0;0.0;0.0;0;0
2023;2023-10-26;Quart-finale;Enyimba;Domicile;Z. Draoui;Tit.;90;0.0;0.0;0.0;0;0
2023;2023-10-26;Quart-finale;Enyimba;Domicile;H. Boussefiane;Tit.;57;0.0;0.0;0.0;0;0
2023;2023-10-26;Quart-finale;Enyimba;Domicile;S. Ahnache;Tit.;57;0.0;0.0;0.0;0;0
2023;2023-10-26;Quart-finale;Enyimba;Domicile;M. Lahtimi;Tit.;45;0.0;0.0;0.0;0;0
2023;2023-10-26;Quart-finale;Enyimba;Domicile;C. Bahri;Tit.;90;0.0;0.0;0.0;0;0
2023;2023-10-26;Quart-finale;Enyimba;Domicile;S. Bouhra;Remp.;45;0.0;0.0;0.0;0;0
2023;2023-10-26;Quart-finale;Enyimba;Domicile;I. Chetti;Remp.;33;0.0;0.0;0.0;0;0
2023;2023-10-26;Quart-finale;Enyimba;Domicile;M. Ounajem;Remp.;33;0.0;0.0;0.0;0;0
2023;2023-10-26;Quart-finale;Enyimba;Domicile;A. Haimoud;Remp.;33;0.0;0.0;0.0;0;0
2023;2023-10-26;Quart-finale;Enyimba;Domicile;O. Mahrouss;Remp.;20;0.0;0.0;0.0;0;0
2023;2023-10-29;Demi-finale;EST;Domicile;Y. Moutie;Tit.;90;0.0;1.0;0.0;0;0
2023;2023-10-29;Demi-finale;EST;Domicile;Y. Attiatallah;Tit.;89;0.0;0.0;0.0;0;0
2023;2023-10-29;Demi-finale;EST;Domicile;A. Aboulfath;Tit.;90;0.0;0.0;0.0;0;0
2023;2023-10-29;Demi-finale;EST;Domicile;J. Harkass;Tit.;90;0.0;0.0;0.0;0;0
2023;2023-10-29;Demi-finale;EST;Domicile;A. El Amloud;Tit.;90;0.0;0.0;0.0;0;0
2023;2023-10-29;Demi-finale;EST;Domicile;Y. Jabrane;Tit.;90;0.0;0.0;0.0;0;0
2023;2023-10-29;Demi-finale;EST;Domicile;H. Boussefiane;Tit.;78;1.0;0.0;0.0;0;0
2023;2023-10-29;Demi-finale;EST;Domicile;S. Ahnache;Tit.;72;0.0;1.0;0.0;0;0
2023;2023-10-29;Demi-finale;EST;Domicile;Z. Draoui;Tit.;90;0.0;0.0;0.0;0;0
2023;2023-10-29;Demi-finale;EST;Domicile;M. Ounajem;Tit.;45;0.0;0.0;0.0;0;0
2023;2023-10-29;Demi-finale;EST;Domicile;C. Bahri;Tit.;72;0.0;0.0;0.0;0;0
2023;2023-10-29;Demi-finale;EST;Domicile;M. Lahtimi;Remp.;45;0.0;0.0;0.0;0;0
2023;2023-10-29;Demi-finale;EST;Domicile;B. Sambo;Remp.;18;0.0;0.0;0.0;0;0
2023;2023-10-29;Demi-finale;EST;Domicile;A. Haimoud;Remp.;18;0.0;0.0;0.0;0;0
2023;2023-10-29;Demi-finale;EST;Domicile;S. Bouhra;Remp.;12;0.0;0.0;0.0;0;0
2023;2023-10-29;Demi-finale;EST;Domicile;I. Chetti;Remp.;1;0.0;0.0;0.0;0;0
2023;2023-11-01;Demi-finale;EST;Extérieur;Y. Moutie;Tit.;90;0.0;0.0;0.0;0;0
2023;2023-11-01;Demi-finale;EST;Extérieur;Y. Attiatallah;Tit.;90;0.0;0.0;0.0;0;0
2023;2023-11-01;Demi-finale;EST;Extérieur;A. Aboulfath;Tit.;90;0.0;0.0;0.0;1;0
2023;2023-11-01;Demi-finale;EST;Extérieur;J. Harkass;Tit.;90;0.0;0.0;0.0;0;0
2023;2023-11-01;Demi-finale;EST;Extérieur;A. El Amloud;Tit.;90;0.0;0.0;0.0;1;0
2023;2023-11-01;Demi-finale;EST;Extérieur;Y. Jabrane;Tit.;90;0.0;0.0;0.0;1;0
2023;2023-11-01;Demi-finale;EST;Extérieur;A. Haimoud;Tit.;89;0.0;0.0;0.0;0;0
2023;2023-11-01;Demi-finale;EST;Extérieur;Z. Draoui;Tit.;90;0.0;0.0;0.0;0;0
2023;2023-11-01;Demi-finale;EST;Extérieur;H. Boussefiane;Tit.;71;0.0;0.0;0.0;0;0
2023;2023-11-01;Demi-finale;EST;Extérieur;M. Lahtimi;Tit.;53;0.0;0.0;0.0;0;0
2023;2023-11-01;Demi-finale;EST;Extérieur;C. Bahri;Tit.;71;0.0;1.0;0.0;0;0
2023;2023-11-01;Demi-finale;EST;Extérieur;H. El Houni;Remp.;37;0.0;0.0;0.0;0;0
2023;2023-11-01;Demi-finale;EST;Extérieur;B. Sambo;Remp.;19;0.0;0.0;0.0;1;0
2023;2023-11-01;Demi-finale;EST;Extérieur;M. Ounajem;Remp.;19;0.0;0.0;0.0;1;0
2023;2023-11-01;Demi-finale;EST;Extérieur;A. Serrhat;Remp.;90;0.0;0.0;0.0;0;0
2023;2023-11-05;Finale;Sundowns / AFS;Domicile;Y. Moutie;Tit.;90;-1.0;0.0;0.0;0;0
2023;2023-11-05;Finale;Sundowns / AFS;Domicile;Y. Attiatallah;Tit.;90;0.0;0.0;0.0;0;0
2023;2023-11-05;Finale;Sundowns / AFS;Domicile;A. Aboulfath;Tit.;90;0.0;0.0;0.0;0;0
2023;2023-11-05;Finale;Sundowns / AFS;Domicile;J. Harkass;Tit.;90;0.0;0.0;0.0;0;0
2023;2023-11-05;Finale;Sundowns / AFS;Domicile;A. El Amloud;Tit.;90;0.0;1.0;0.0;0;0
2023;2023-11-05;Finale;Sundowns / AFS;Domicile;Y. Jabrane;Tit.;90;0.0;1.0;0.0;0;0
2023;2023-11-05;Finale;Sundowns / AFS;Domicile;Z. Draoui;Tit.;90;0.0;0.0;0.0;0;0
2023;2023-11-05;Finale;Sundowns / AFS;Domicile;H. Boussefiane;Tit.;65;0.0;0.0;0.0;0;0
2023;2023-11-05;Finale;Sundowns / AFS;Domicile;A. Haimoud;Tit.;65;0.0;0.0;0.0;0;0
2023;2023-11-05;Finale;Sundowns / AFS;Domicile;M. Lahtimi;Tit.;45;0.0;0.0;0.0;0;0
2023;2023-11-05;Finale;Sundowns / AFS;Domicile;C. Bahri;Tit.;78;0.0;0.0;0.0;0;0
2023;2023-11-05;Finale;Sundowns / AFS;Domicile;H. El Houni;Remp.;45;0.0;0.0;0.0;0;0
2023;2023-11-05;Finale;Sundowns / AFS;Domicile;A. Serrhat;Remp.;25;1.0;0.0;0.0;0;0
2023;2023-11-05;Finale;Sundowns / AFS;Domicile;M. Ounajem;Remp.;25;0.0;0.0;0.0;0;0
2023;2023-11-05;Finale;Sundowns / AFS;Domicile;B. Sambo;Remp.;12;0.0;0.0;0.0;0;0
2023;2023-11-12;Finale;Sundowns / AFS;Extérieur;Y. Moutie;Tit.;90;0.0;0.0;0.0;0;0
2023;2023-11-12;Finale;Sundowns / AFS;Extérieur;J. Harkass;Tit.;90;0.0;0.0;0.0;0;0
2023;2023-11-12;Finale;Sundowns / AFS;Extérieur;A. Aboulfath;Tit.;90;0.0;0.0;0.0;0;0
2023;2023-11-12;Finale;Sundowns / AFS;Extérieur;Y. Attiatallah;Tit.;90;0.0;0.0;0.0;0;0
2023;2023-11-12;Finale;Sundowns / AFS;Extérieur;A. Serrhat;Tit.;85;0.0;1.0;0.0;0;0
2023;2023-11-12;Finale;Sundowns / AFS;Extérieur;A. Haimoud;Tit.;65;0.0;0.0;0.0;0;0
2023;2023-11-12;Finale;Sundowns / AFS;Extérieur;Z. Draoui;Tit.;90;0.0;0.0;0.0;0;0
2023;2023-11-12;Finale;Sundowns / AFS;Extérieur;A. El Amloud;Tit.;90;0.0;0.0;0.0;0;0
2023;2023-11-12;Finale;Sundowns / AFS;Extérieur;H. Boussefiane;Tit.;65;0.0;0.0;0.0;0;0
2023;2023-11-12;Finale;Sundowns / AFS;Extérieur;M. Lahtimi;Tit.;45;0.0;0.0;0.0;0;0
2023;2023-11-12;Finale;Sundowns / AFS;Extérieur;C. Bahri;Tit.;45;0.0;1.0;0.0;0;0
2023;2023-11-12;Finale;Sundowns / AFS;Extérieur;S. Bouhra;Remp.;45;0.0;0.0;0.0;0;0
2023;2023-11-12;Finale;Sundowns / AFS;Extérieur;B. Sambo;Remp.;45;0.0;0.0;0.0;0;0
2023;2023-11-12;Finale;Sundowns / AFS;Extérieur;S. Ahnache;Remp.;25;0.0;0.0;0.0;0;0
2023;2023-11-12;Finale;Sundowns / AFS;Extérieur;H. El Houni;Remp.;25;0.0;0.0;0.0;0;0
2023;2023-11-12;Finale;Sundowns / AFS;Extérieur;M. Ounajem;Remp.;5;0.0;0.0;0.0;0;0
2018;2018-02-24;Finale;TP-Mazembe;Neutre;Z. Laaroubi;Tit.;90;0.0;0.0;0.0;0;0
2018;2018-02-24;Finale;TP-Mazembe;Neutre;M. Nahiri;Tit.;90;0.0;0.0;0.0;0;0
2018;2018-02-24;Finale;TP-Mazembe;Neutre;A. Attouchi;Tit.;90;0.0;0.0;0.0;0;0
2018;2018-02-24;Finale;TP-Mazembe;Neutre;C.I. Comara;Tit.;90;0.0;0.0;0.0;0;0
2018;2018-02-24;Finale;TP-Mazembe;Neutre;A. Noussair;Tit.;90;0.0;0.0;0.0;0;0
2018;2018-02-24;Finale;TP-Mazembe;Neutre;S. Saidi;Tit.;90;0.0;0.0;0.0;0;0
2018;2018-02-24;Finale;TP-Mazembe;Neutre;B. Nekkach;Tit.;90;0.0;0.0;0.0;0;0
2018;2018-02-24;Finale;TP-Mazembe;Neutre;W. El Karti;Tit.;70;0.0;0.0;0.0;0;0
2018;2018-02-24;Finale;TP-Mazembe;Neutre;I. Haddad;Tit.;90;0.0;0.0;0.0;0;0
2018;2018-02-24;Finale;TP-Mazembe;Neutre;A. Tighazoui;Tit.;89;1.0;0.0;0.0;0;0
2018;2018-02-24;Finale;TP-Mazembe;Neutre;Tchikatara C.;Tit.;63;0.0;0.0;0.0;0;0
2018;2018-02-24;Finale;TP-Mazembe;Neutre;A. Quintana;Remp.;27;0.0;0.0;0.0;0;0
2018;2018-02-24;Finale;TP-Mazembe;Neutre;A. El Hassouni;Remp.;20;0.0;0.0;0.0;0;0
2018;2018-02-24;Finale;TP-Mazembe;Neutre;N. Aarab;Remp.;1;0.0;0.0;0.0;0;0
2023/24;2023-09-17;Deuxième tour;Hafia FC - Guinée Conakry;Extérieur;Y. Moutie;Tit.;90;0.0;0.0;0.0;0;0
2023/24;2023-09-17;Deuxième tour;Hafia FC - Guinée Conakry;Extérieur;Y. Attiatallah;Tit.;90;0.0;0.0;0.0;0;0
2023/24;2023-09-17;Deuxième tour;Hafia FC - Guinée Conakry;Extérieur;A. Aboulfath;Tit.;90;0.0;0.0;0.0;0;0
2023/24;2023-09-17;Deuxième tour;Hafia FC - Guinée Conakry;Extérieur;A. Zola;Tit.;90;0.0;0.0;0.0;0;0
2023/24;2023-09-17;Deuxième tour;Hafia FC - Guinée Conakry;Extérieur;A. El Amloud;Tit.;90;0.0;0.0;0.0;0;0
2023/24;2023-09-17;Deuxième tour;Hafia FC - Guinée Conakry;Extérieur;Z. Draoui;Tit.;90;0.0;0.0;0.0;0;0
2023/24;2023-09-17;Deuxième tour;Hafia FC - Guinée Conakry;Extérieur;Y. Jabrane;Tit.;90;0.0;1.0;0.0;0;0
2023/24;2023-09-17;Deuxième tour;Hafia FC - Guinée Conakry;Extérieur;A. Haimoud;Tit.;45;0.0;0.0;0.0;0;0
2023/24;2023-09-17;Deuxième tour;Hafia FC - Guinée Conakry;Extérieur;S. Bouhra;Tit.;64;0.0;0.0;0.0;0;0
2023/24;2023-09-17;Deuxième tour;Hafia FC - Guinée Conakry;Extérieur;M. Lahtimi;Tit.;64;0.0;0.0;0.0;0;0
2023/24;2023-09-17;Deuxième tour;Hafia FC - Guinée Conakry;Extérieur;B. Sambo;Tit.;81;1.0;1.0;0.0;0;0
2023/24;2023-09-17;Deuxième tour;Hafia FC - Guinée Conakry;Extérieur;A. Serrhat;Remp.;45;0.0;1.0;0.0;0;0
2023/24;2023-09-17;Deuxième tour;Hafia FC - Guinée Conakry;Extérieur;M. Ounajem;Remp.;26;0.0;0.0;0.0;0;0
2023/24;2023-09-17;Deuxième tour;Hafia FC - Guinée Conakry;Extérieur;H. Boussefiane;Remp.;90;0.0;0.0;0.0;0;0
2023/24;2023-09-17;Deuxième tour;Hafia FC - Guinée Conakry;Extérieur;C. Bahri;Remp.;9;0.0;0.0;0.0;0;0
2023/24;2023-09-30;Deuxième tour;Hafia FC - Guinée Conakry;Domicile;Y. Moutie;Tit.;90;0.0;0.0;0.0;0;0
2023/24;2023-09-30;Deuxième tour;Hafia FC - Guinée Conakry;Domicile;A. Aboulfath;Tit.;90;0.0;1.0;0.0;0;0
2023/24;2023-09-30;Deuxième tour;Hafia FC - Guinée Conakry;Domicile;A. Farhane;Tit.;90;0.0;0.0;0.0;0;0
2023/24;2023-09-30;Deuxième tour;Hafia FC - Guinée Conakry;Domicile;Y. Attiatallah;Tit.;90;1.0;0.0;0.0;0;0
2023/24;2023-09-30;Deuxième tour;Hafia FC - Guinée Conakry;Domicile;A. El Amloud;Tit.;90;1.0;0.0;0.0;0;0
2023/24;2023-09-30;Deuxième tour;Hafia FC - Guinée Conakry;Domicile;Y. Jabrane;Tit.;90;0.0;0.0;0.0;0;0
2023/24;2023-09-30;Deuxième tour;Hafia FC - Guinée Conakry;Domicile;Z. Draoui;Tit.;90;0.0;0.0;0.0;0;0
2023/24;2023-09-30;Deuxième tour;Hafia FC - Guinée Conakry;Domicile;A. Haimoud;Tit.;82;0.0;0.0;0.0;0;0
2023/24;2023-09-30;Deuxième tour;Hafia FC - Guinée Conakry;Domicile;H. El Houni;Tit.;82;1.0;0.0;0.0;0;0
2023/24;2023-09-30;Deuxième tour;Hafia FC - Guinée Conakry;Domicile;M. Lahtimi;Tit.;25;0.0;0.0;0.0;0;0
2023/24;2023-09-30;Deuxième tour;Hafia FC - Guinée Conakry;Domicile;B. Sambo;Tit.;73;0.0;1.0;0.0;0;0
2023/24;2023-09-30;Deuxième tour;Hafia FC - Guinée Conakry;Domicile;S. Bouhra;Remp.;65;0.0;0.0;0.0;0;0
2023/24;2023-09-30;Deuxième tour;Hafia FC - Guinée Conakry;Domicile;C. Bahri;Remp.;17;0.0;0.0;0.0;0;0
2023/24;2023-09-30;Deuxième tour;Hafia FC - Guinée Conakry;Domicile;A. Serrhat;Remp.;8;0.0;0.0;0.0;0;0
2023/24;2023-09-30;Deuxième tour;Hafia FC - Guinée Conakry;Domicile;H. Boussefiane;Remp.;8;0.0;0.0;0.0;0;0
2023/24;2023-11-25;Phase de poules;Galaxy - Bostwana;Domicile;Y. Moutie;Tit.;90;0.0;0.0;0.0;0;0
2023/24;2023-11-25;Phase de poules;Galaxy - Bostwana;Domicile;A. El Amloud;Tit.;90;0.0;0.0;0.0;0;0
2023/24;2023-11-25;Phase de poules;Galaxy - Bostwana;Domicile;J. Harkass;Tit.;90;0.0;0.0;0.0;0;0
2023/24;2023-11-25;Phase de poules;Galaxy - Bostwana;Domicile;A. Farhane;Tit.;75;0.0;0.0;0.0;0;0
2023/24;2023-11-25;Phase de poules;Galaxy - Bostwana;Domicile;Y. Attiatallah;Tit.;90;0.0;0.0;0.0;0;0
2023/24;2023-11-25;Phase de poules;Galaxy - Bostwana;Domicile;Y. Jabrane;Tit.;90;0.0;0.0;0.0;0;0
2023/24;2023-11-25;Phase de poules;Galaxy - Bostwana;Domicile;A. Haimoud;Tit.;45;0.0;0.0;0.0;0;0
2023/24;2023-11-25;Phase de poules;Galaxy - Bostwana;Domicile;M. Lahtimi;Tit.;75;0.0;0.0;0.0;0;0
2023/24;2023-11-25;Phase de poules;Galaxy - Bostwana;Domicile;Z. Draoui;Tit.;90;0.0;1.0;0.0;0;0
2023/24;2023-11-25;Phase de poules;Galaxy - Bostwana;Domicile;H. Boussefiane;Tit.;65;0.0;0.0;0.0;0;0
2023/24;2023-11-25;Phase de poules;Galaxy - Bostwana;Domicile;C. Bahri;Tit.;45;0.0;0.0;0.0;0;0
2023/24;2023-11-25;Phase de poules;Galaxy - Bostwana;Domicile;B. Sambo;Remp.;45;0.0;0.0;0.0;0;0
2023/24;2023-11-25;Phase de poules;Galaxy - Bostwana;Domicile;S. Ahnache;Remp.;45;0.0;0.0;0.0;0;0
2023/24;2023-11-25;Phase de poules;Galaxy - Bostwana;Domicile;H. El Houni;Remp.;25;0.0;0.0;0.0;0;0
2023/24;2023-11-25;Phase de poules;Galaxy - Bostwana;Domicile;S. Bouhra;Remp.;15;0.0;0.0;0.0;0;0
2023/24;2023-11-25;Phase de poules;Galaxy - Bostwana;Domicile;M. Ounajem;Remp.;15;0.0;0.0;0.0;0;0
2023/24;2023-12-02;Phase de poules;ASEC Mimosa - CI;Extérieur;Y. Moutie;Tit.;90;0.0;1.0;0.0;0;0
2023/24;2023-12-02;Phase de poules;ASEC Mimosa - CI;Extérieur;Y. Attiatallah;Tit.;90;0.0;0.0;0.0;0;0
2023/24;2023-12-02;Phase de poules;ASEC Mimosa - CI;Extérieur;J. Harkass;Tit.;90;0.0;0.0;0.0;0;0
2023/24;2023-12-02;Phase de poules;ASEC Mimosa - CI;Extérieur;A. Zola;Tit.;90;0.0;0.0;0.0;0;0
2023/24;2023-12-02;Phase de poules;ASEC Mimosa - CI;Extérieur;Z. Draoui;Tit.;90;0.0;0.0;0.0;0;0
2023/24;2023-12-02;Phase de poules;ASEC Mimosa - CI;Extérieur;Y. Jabrane;Tit.;90;0.0;0.0;0.0;0;0
2023/24;2023-12-02;Phase de poules;ASEC Mimosa - CI;Extérieur;S. Ahnache;Tit.;76;0.0;0.0;0.0;0;0
2023/24;2023-12-02;Phase de poules;ASEC Mimosa - CI;Extérieur;A. Serrhat;Tit.;82;0.0;1.0;0.0;0;0
2023/24;2023-12-02;Phase de poules;ASEC Mimosa - CI;Extérieur;H. El Houni;Tit.;60;0.0;0.0;0.0;0;0
2023/24;2023-12-02;Phase de poules;ASEC Mimosa - CI;Extérieur;H. Boussefiane;Tit.;60;0.0;0.0;0.0;0;0
2023/24;2023-12-02;Phase de poules;ASEC Mimosa - CI;Extérieur;C. Bahri;Tit.;90;0.0;0.0;0.0;0;0
2023/24;2023-12-02;Phase de poules;ASEC Mimosa - CI;Extérieur;B. Sambo;Remp.;14;0.0;0.0;0.0;0;0
2023/24;2023-12-02;Phase de poules;ASEC Mimosa - CI;Extérieur;O. Mahrouss;Remp.;8;0.0;0.0;0.0;0;0
2023/24;2023-12-02;Phase de poules;ASEC Mimosa - CI;Extérieur;M. Lahtimi;Remp.;30;0.0;0.0;0.0;0;0
2023/24;2023-12-02;Phase de poules;ASEC Mimosa - CI;Extérieur;S. Bouhra;Remp.;30;0.0;0.0;0.0;0;0
2023/24;2023-12-09;Phase de poules;Simba - Tanzanie;Domicile;Y. Moutie;Tit.;90;0.0;1.0;0.0;0;0
2023/24;2023-12-09;Phase de poules;Simba - Tanzanie;Domicile;H. Ait Brayem;Tit.;64;0.0;0.0;0.0;0;0
2023/24;2023-12-09;Phase de poules;Simba - Tanzanie;Domicile;A. Aboulfath;Tit.;90;0.0;0.0;0.0;0;0
2023/24;2023-12-09;Phase de poules;Simba - Tanzanie;Domicile;J. Harkass;Tit.;90;0.0;0.0;0.0;0;0
2023/24;2023-12-09;Phase de poules;Simba - Tanzanie;Domicile;Y. Attiatallah;Tit.;90;0.0;0.0;0.0;0;0
2023/24;2023-12-09;Phase de poules;Simba - Tanzanie;Domicile;Z. Draoui;Tit.;90;1.0;0.0;0.0;0;0
2023/24;2023-12-09;Phase de poules;Simba - Tanzanie;Domicile;Y. Jabrane;Tit.;90;0.0;1.0;0.0;0;0
2023/24;2023-12-09;Phase de poules;Simba - Tanzanie;Domicile;H. El Houni;Tit.;28;0.0;0.0;0.0;0;0
2023/24;2023-12-09;Phase de poules;Simba - Tanzanie;Domicile;M. Lahtimi;Tit.;90;0.0;0.0;0.0;0;0
2023/24;2023-12-09;Phase de poules;Simba - Tanzanie;Domicile;B. Sambo;Tit.;64;0.0;0.0;0.0;0;0
2023/24;2023-12-09;Phase de poules;Simba - Tanzanie;Domicile;S. Bouhra;Tit.;90;0.0;1.0;0.0;0;0
2023/24;2023-12-09;Phase de poules;Simba - Tanzanie;Domicile;A. Serrhat;Remp.;62;0.0;0.0;0.0;0;0
2023/24;2023-12-09;Phase de poules;Simba - Tanzanie;Domicile;Z. El-Moutaraji;Remp.;26;0.0;0.0;0.0;0;0
2023/24;2023-12-09;Phase de poules;Simba - Tanzanie;Domicile;C. Bahri;Remp.;26;0.0;0.0;0.0;0;0
2023/24;2023-12-19;Phase de poules;Simba - Tanzanie;Extérieur;Y. Moutie;Tit.;90;0.0;0.0;0.0;0;0
2023/24;2023-12-19;Phase de poules;Simba - Tanzanie;Extérieur;J. Harkass;Tit.;90;0.0;0.0;0.0;0;0
2023/24;2023-12-19;Phase de poules;Simba - Tanzanie;Extérieur;A. Aboulfath;Tit.;90;0.0;0.0;0.0;0;0
2023/24;2023-12-19;Phase de poules;Simba - Tanzanie;Extérieur;Y. Attiatallah;Tit.;90;0.0;0.0;0.0;0;0
2023/24;2023-12-19;Phase de poules;Simba - Tanzanie;Extérieur;A. El Amloud;Tit.;90;0.0;0.0;0.0;0;0
2023/24;2023-12-19;Phase de poules;Simba - Tanzanie;Extérieur;A. Serrhat;Tit.;76;0.0;0.0;0.0;0;0
2023/24;2023-12-19;Phase de poules;Simba - Tanzanie;Extérieur;A. Haimoud;Tit.;45;0.0;0.0;0.0;0;0
2023/24;2023-12-19;Phase de poules;Simba - Tanzanie;Extérieur;M. Lahtimi;Tit.;45;0.0;0.0;0.0;0;0
2023/24;2023-12-19;Phase de poules;Simba - Tanzanie;Extérieur;Z. Draoui;Tit.;90;0.0;0.0;0.0;0;0
2023/24;2023-12-19;Phase de poules;Simba - Tanzanie;Extérieur;S. Bouhra;Tit.;90;0.0;0.0;0.0;0;0
2023/24;2023-12-19;Phase de poules;Simba - Tanzanie;Extérieur;B. Sambo;Tit.;90;0.0;1.0;0.0;0;0
2023/24;2023-12-19;Phase de poules;Simba - Tanzanie;Extérieur;C. Bahri;Remp.;14;0.0;0.0;0.0;0;0
2023/24;2023-12-19;Phase de poules;Simba - Tanzanie;Extérieur;Z. El-Moutaraji;Remp.;45;0.0;0.0;0.0;0;0
2023/24;2023-12-19;Phase de poules;Simba - Tanzanie;Extérieur;M. Ounajem;Remp.;45;0.0;1.0;0.0;0;0
2023/24;2024-03-02;Phase de poules;ASEC Mimosa - CI;Domicile;M. Meftah;Tit.;90;0.0;0.0;0.0;0;0
2023/24;2024-03-02;Phase de poules;ASEC Mimosa - CI;Domicile;B. Gadarine;Tit.;84;0.0;0.0;1.0;0;0
2023/24;2024-03-02;Phase de poules;ASEC Mimosa - CI;Domicile;A. Farhane;Tit.;90;0.0;0.0;0.0;0;0
2023/24;2024-03-02;Phase de poules;ASEC Mimosa - CI;Domicile;A. Aboulfath;Tit.;90;0.0;0.0;0.0;0;0
2023/24;2024-03-02;Phase de poules;ASEC Mimosa - CI;Domicile;A. El Amloud;Tit.;90;0.0;0.0;0.0;0;0
2023/24;2024-03-02;Phase de poules;ASEC Mimosa - CI;Domicile;Z. Draoui;Tit.;90;0.0;0.0;0.0;0;0
2023/24;2024-03-02;Phase de poules;ASEC Mimosa - CI;Domicile;M. Lahtimi;Tit.;32;1.0;0.0;0.0;0;0
2023/24;2024-03-02;Phase de poules;ASEC Mimosa - CI;Domicile;Y. Jabrane;Tit.;90;0.0;0.0;0.0;0;0
2023/24;2024-03-02;Phase de poules;ASEC Mimosa - CI;Domicile;S. Bouhra;Tit.;88;0.0;0.0;0.0;0;0
2023/24;2024-03-02;Phase de poules;ASEC Mimosa - CI;Domicile;I. Haddad;Tit.;66;0.0;0.0;0.0;0;0
2023/24;2024-03-02;Phase de poules;ASEC Mimosa - CI;Domicile;A. Oguns;Tit.;88;0.0;0.0;0.0;0;0
2023/24;2024-03-02;Phase de poules;ASEC Mimosa - CI;Domicile;A. Haimoud;Remp.;58;0.0;1.0;0.0;0;0
2023/24;2024-03-02;Phase de poules;ASEC Mimosa - CI;Domicile;I. Chetti;Remp.;2;0.0;0.0;0.0;0;0
2023/24;2024-03-02;Phase de poules;ASEC Mimosa - CI;Domicile;M. Ounajem;Remp.;24;0.0;0.0;0.0;0;0
2023/24;2024-03-02;Phase de poules;ASEC Mimosa - CI;Domicile;A. Serrhat;Remp.;2;0.0;0.0;0.0;0;0
2023/24;2024-02-24;Phase de poules;Galaxy - Bostwana;Extérieur;Y. Moutie;Tit.;90;0.0;1.0;0.0;0;0
2023/24;2024-02-24;Phase de poules;Galaxy - Bostwana;Extérieur;B. Gadarine;Tit.;90;1.0;0.0;0.0;0;0
2023/24;2024-02-24;Phase de poules;Galaxy - Bostwana;Extérieur;A. Farhane;Tit.;90;0.0;0.0;0.0;0;0
2023/24;2024-02-24;Phase de poules;Galaxy - Bostwana;Extérieur;A. Aboulfath;Tit.;90;0.0;0.0;0.0;0;0
2023/24;2024-02-24;Phase de poules;Galaxy - Bostwana;Extérieur;A. El Amloud;Tit.;90;0.0;0.0;0.0;0;0
2023/24;2024-02-24;Phase de poules;Galaxy - Bostwana;Extérieur;Z. Draoui;Tit.;90;0.0;1.0;0.0;0;0
2023/24;2024-02-24;Phase de poules;Galaxy - Bostwana;Extérieur;Y. Jabrane;Tit.;90;0.0;1.0;0.0;0;0
2023/24;2024-02-24;Phase de poules;Galaxy - Bostwana;Extérieur;M. Lahtimi;Tit.;89;0.0;0.0;0.0;0;0
2023/24;2024-02-24;Phase de poules;Galaxy - Bostwana;Extérieur;S. Bouhra;Tit.;78;0.0;0.0;0.0;0;0
2023/24;2024-02-24;Phase de poules;Galaxy - Bostwana;Extérieur;A. Oguns;Tit.;78;0.0;0.0;0.0;0;0
2023/24;2024-02-24;Phase de poules;Galaxy - Bostwana;Extérieur;I. Haddad;Tit.;70;0.0;0.0;0.0;0;0
2023/24;2024-02-24;Phase de poules;Galaxy - Bostwana;Extérieur;M. Ounajem;Remp.;20;0.0;0.0;0.0;0;0
2023/24;2024-02-24;Phase de poules;Galaxy - Bostwana;Extérieur;A. Haimoud;Remp.;12;0.0;0.0;0.0;0;0
2023/24;2024-02-24;Phase de poules;Galaxy - Bostwana;Extérieur;A. Serrhat;Remp.;12;0.0;0.0;0.0;0;0
2023/24;2024-02-24;Phase de poules;Galaxy - Bostwana;Extérieur;I. Moumen;Remp.;1;0.0;0.0;0.0;0;0
2022;2022-09-10;Finale;RSB;Neutre;A. R. Tagnaouti;Tit.;90;0.0;0.0;0.0;0;0
2022;2022-09-10;Finale;RSB;Neutre;A. El Amloud;Tit.;57;0.0;0.0;0.0;0;0
2022;2022-09-10;Finale;RSB;Neutre;A. Aboulfath;Tit.;90;0.0;1.0;0.0;0;0
2022;2022-09-10;Finale;RSB;Neutre;A. Zola;Tit.;90;0.0;0.0;0.0;0;0
2022;2022-09-10;Finale;RSB;Neutre;Y. Attiatallah;Tit.;90;0.0;0.0;0.0;0;0
2022;2022-09-10;Finale;RSB;Neutre;Y. Jabrane;Tit.;90;0.0;0.0;0.0;0;0
2022;2022-09-10;Finale;RSB;Neutre;J. Daoudi;Tit.;78;0.0;0.0;0.0;0;0
2022;2022-09-10;Finale;RSB;Neutre;B. Aouk;Tit.;57;0.0;0.0;0.0;0;0
2022;2022-09-10;Finale;RSB;Neutre;A. El Hassouni;Tit.;90;0.0;0.0;0.0;0;0
2022;2022-09-10;Finale;RSB;Neutre;H. Ahaddad;Tit.;71;0.0;0.0;0.0;0;0
2022;2022-09-10;Finale;RSB;Neutre;B. Sambo;Tit.;90;0.0;0.0;0.0;0;0
2022;2022-09-10;Finale;RSB;Neutre;H. Benayada;Remp.;33;0.0;0.0;0.0;0;0
2022;2022-09-10;Finale;RSB;Neutre;M. Ounajem;Remp.;33;0.0;0.0;0.0;0;0
2022;2022-09-10;Finale;RSB;Neutre;Z. El-Moutaraji;Remp.;19;0.0;0.0;0.0;0;0
2022;2022-09-10;Finale;RSB;Neutre;I. El-Moutaraji;Remp.;12;0.0;0.0;0.0;0;0
2025/26;2026-05-09;20;RCA;Extérieur;M. Benabid;Tit.;90;0.0;0.0;0.0;0;0
2025/26;2026-05-09;20;RCA;Extérieur;A. Aboulfath;Tit.;90;0.0;0.0;0.0;0;0
2025/26;2026-05-09;20;RCA;Extérieur;S. Mossadak;Tit.;90;0.0;0.0;0.0;0;0
2025/26;2026-05-09;20;RCA;Extérieur;A. Bouchta;Tit.;90;0.0;0.0;0.0;0;0
2025/26;2026-05-09;20;RCA;Extérieur;M. Moufid;Tit.;90;0.0;0.0;0.0;0;0
2025/26;2026-05-09;20;RCA;Extérieur;N. Byar;Tit.;90;0.0;0.0;0.0;0;0
2025/26;2026-05-09;20;RCA;Extérieur;J. Bakasu;Tit.;90;1.0;1.0;0.0;0;0
2025/26;2026-05-09;20;RCA;Extérieur;R. Vaca;Tit.;38;0.0;0.0;0.0;0;0
2025/26;2026-05-09;20;RCA;Extérieur;H. Ziyech;Tit.;57;0.0;0.0;0.0;0;0
2025/26;2026-05-09;20;RCA;Extérieur;M. Raihi;Tit.;57;0.0;0.0;0.0;0;0
2025/26;2026-05-09;20;RCA;Extérieur;H. Hannouri;Tit.;75;0.0;0.0;0.0;0;0
2025/26;2026-05-09;20;RCA;Extérieur;A. Lamirat;Remp.;52;0.0;1.0;0.0;0;0
2025/26;2026-05-09;20;RCA;Extérieur;W. Nassi;Remp.;33;0.0;0.0;0.0;0;0
2025/26;2026-05-09;20;RCA;Extérieur;Z. El-Moutaraji;Remp.;33;0.0;0.0;0.0;0;0
2025/26;2026-05-09;20;RCA;Extérieur;N. Amrabet;Remp.;15;0.0;0.0;0.0;0;0
2025;2025-06-18;Phase de poules;Manchester City - Angleterre;Neutre;M. Benabid;Tit.;90;0.0;0.0;0.0;0;0
2025;2025-06-18;Phase de poules;Manchester City - Angleterre;Neutre;F. Moufi;Tit.;90;0.0;0.0;0.0;0;0
2025;2025-06-18;Phase de poules;Manchester City - Angleterre;Neutre;A. Boutouil;Tit.;90;0.0;0.0;0.0;0;0
2025;2025-06-18;Phase de poules;Manchester City - Angleterre;Neutre;G. Ferreira;Tit.;90;0.0;0.0;0.0;0;0
2025;2025-06-18;Phase de poules;Manchester City - Angleterre;Neutre;B. Meijers;Tit.;74;0.0;0.0;0.0;0;0
2025;2025-06-18;Phase de poules;Manchester City - Angleterre;Neutre;M. Moufid;Tit.;90;0.0;0.0;0.0;0;0
2025;2025-06-18;Phase de poules;Manchester City - Angleterre;Neutre;N. Amrabet;Tit.;89;0.0;0.0;0.0;0;0
2025;2025-06-18;Phase de poules;Manchester City - Angleterre;Neutre;O. Zemraoui;Tit.;60;0.0;0.0;0.0;0;0
2025;2025-06-18;Phase de poules;Manchester City - Angleterre;Neutre;M. Moubarik;Tit.;90;0.0;0.0;0.0;0;0
2025;2025-06-18;Phase de poules;Manchester City - Angleterre;Neutre;T. Lorch;Tit.;83;0.0;0.0;0.0;0;0
2025;2025-06-18;Phase de poules;Manchester City - Angleterre;Neutre;C. Mailoula;Tit.;45;0.0;1.0;0.0;0;0
2025;2025-06-18;Phase de poules;Manchester City - Angleterre;Neutre;M. Raihi;Remp.;45;0.0;0.0;0.0;0;0
2025;2025-06-18;Phase de poules;Manchester City - Angleterre;Neutre;M. Malssa;Remp.;30;0.0;0.0;0.0;0;0
2025;2025-06-18;Phase de poules;Manchester City - Angleterre;Neutre;I. El-Moutaraji;Remp.;16;0.0;0.0;0.0;0;0
2025;2025-06-18;Phase de poules;Manchester City - Angleterre;Neutre;S. Aziz Ki;Remp.;7;0.0;0.0;0.0;0;0
2025;2025-06-18;Phase de poules;Manchester City - Angleterre;Neutre;S. Oubeng;Remp.;1;0.0;0.0;0.0;0;0
2025/26;2026-05-23;21;HUSA;Domicile;M. Benabid;Tit.;90;0.0;0.0;0.0;0;0
2025/26;2026-05-23;21;HUSA;Domicile;M. Moufid;Tit.;90;0.0;0.0;0.0;0;0
2025/26;2026-05-23;21;HUSA;Domicile;S. Mossadak;Tit.;90;0.0;0.0;0.0;0;0
2025/26;2026-05-23;21;HUSA;Domicile;A. Aboulfath;Tit.;90;0.0;0.0;0.0;0;0
2025/26;2026-05-23;21;HUSA;Domicile;A. Bouchta;Tit.;90;0.0;0.0;0.0;0;0
2025/26;2026-05-23;21;HUSA;Domicile;N. Byar;Tit.;90;0.0;1.0;0.0;0;0
2025/26;2026-05-23;21;HUSA;Domicile;J. Bakasu;Tit.;78;0.0;1.0;0.0;0;0
2025/26;2026-05-23;21;HUSA;Domicile;A. Lamirat;Tit.;90;0.0;0.0;0.0;0;0
2025/26;2026-05-23;21;HUSA;Domicile;H. Ziyech;Tit.;83;3.0;0.0;0.0;0;0
2025/26;2026-05-23;21;HUSA;Domicile;H. El Wasti;Tit.;90;0.0;0.0;0.0;0;0
2025/26;2026-05-23;21;HUSA;Domicile;M. Raihi;Tit.;45;0.0;0.0;0.0;0;0
2025/26;2026-05-23;21;HUSA;Domicile;W. Nassi;Remp.;45;0.0;0.0;0.0;0;0
2025/26;2026-05-23;21;HUSA;Domicile;N. Amrabet;Remp.;12;0.0;0.0;0.0;0;0
2025/26;2026-05-23;21;HUSA;Domicile;Z. El-Moutaraji;Remp.;7;0.0;0.0;0.0;0;0
2025/26;2026-06-03;22;IRT;Extérieur;M. Benabid;Tit.;90;0.0;0.0;0.0;0;0
2025/26;2026-06-03;22;IRT;Extérieur;A. Bouchta;Tit.;90;0.0;1.0;0.0;0;0
2025/26;2026-06-03;22;IRT;Extérieur;A. Aboulfath;Tit.;90;0.0;0.0;0.0;0;0
2025/26;2026-06-03;22;IRT;Extérieur;S. Mossadak;Tit.;90;0.0;0.0;0.0;0;0
2025/26;2026-06-03;22;IRT;Extérieur;M. Moufid;Tit.;90;1.0;0.0;0.0;0;0
2025/26;2026-06-03;22;IRT;Extérieur;A. Lamirat;Tit.;90;0.0;0.0;0.0;0;0
2025/26;2026-06-03;22;IRT;Extérieur;M. Raihi;Tit.;89;0.0;0.0;0.0;0;0
2025/26;2026-06-03;22;IRT;Extérieur;W. Nassi;Tit.;83;0.0;0.0;0.0;0;0
2025/26;2026-06-03;22;IRT;Extérieur;R. Vaca;Tit.;73;0.0;0.0;0.0;0;0
2025/26;2026-06-03;22;IRT;Extérieur;H. Ziyech;Tit.;90;0.0;0.0;0.0;0;0
2025/26;2026-06-03;22;IRT;Extérieur;H. El Wasti;Tit.;90;0.0;0.0;0.0;0;0
2025/26;2026-06-03;22;IRT;Extérieur;W. Sabbar;Remp.;17;0.0;0.0;0.0;0;0
2025/26;2026-06-03;22;IRT;Extérieur;Z. El-Moutaraji;Remp.;7;0.0;1.0;0.0;0;0
2025/26;2026-06-03;22;IRT;Extérieur;N. Amrabet;Remp.;1;0.0;0.0;0.0;0;0
2025/26;2026-06-08;23;OCS;Domicile;M. Benabid;Tit.;90;0.0;0.0;0.0;0;0
2025/26;2026-06-08;23;OCS;Domicile;A. Bouchta;Tit.;90;0.0;0.0;0.0;0;0
2025/26;2026-06-08;23;OCS;Domicile;A. El Ouafi;Tit.;90;0.0;0.0;0.0;0;0
2025/26;2026-06-08;23;OCS;Domicile;S. Mossadak;Tit.;90;0.0;1.0;0.0;0;0
2025/26;2026-06-08;23;OCS;Domicile;M. Moufid;Tit.;90;0.0;0.0;0.0;0;0
2025/26;2026-06-08;23;OCS;Domicile;W. Sabbar;Tit.;68;0.0;0.0;0.0;0;0
2025/26;2026-06-08;23;OCS;Domicile;A. Lamirat;Tit.;90;0.0;0.0;0.0;0;0
2025/26;2026-06-08;23;OCS;Domicile;R. Vaca;Tit.;45;0.0;0.0;0.0;0;0
2025/26;2026-06-08;23;OCS;Domicile;M. Raihi;Tit.;45;0.0;0.0;0.0;0;0
2025/26;2026-06-08;23;OCS;Domicile;H. Ziyech;Tit.;84;0.0;0.0;0.0;0;0
2025/26;2026-06-08;23;OCS;Domicile;W. Ben Idder;Tit.;68;0.0;1.0;0.0;0;0
2025/26;2026-06-08;23;OCS;Domicile;W. Nassi;Remp.;45;0.0;0.0;0.0;0;0
2025/26;2026-06-08;23;OCS;Domicile;H. Hannouri;Remp.;45;1.0;1.0;0.0;0;0
2025/26;2026-06-08;23;OCS;Domicile;N. Byar;Remp.;22;0.0;0.0;0.0;0;0
2025/26;2026-06-08;23;OCS;Domicile;N. Amrabet;Remp.;22;0.0;0.0;0.0;0;0
2025/26;2026-06-08;23;OCS;Domicile;H. El Wasti;Remp.;6;0.0;0.0;0.0;0;0
2025/26;2026-06-14;24;FAR;Extérieur;M. Benabid;Tit.;90;0.0;0.0;0.0;0;0
2025/26;2026-06-14;24;FAR;Extérieur;A. Bouchta;Tit.;90;0.0;0.0;0.0;0;0
2025/26;2026-06-14;24;FAR;Extérieur;A. El Ouafi;Tit.;90;0.0;0.0;0.0;0;0
2025/26;2026-06-14;24;FAR;Extérieur;A. Aboulfath;Tit.;90;0.0;0.0;0.0;0;0
2025/26;2026-06-14;24;FAR;Extérieur;M. Moufid;Tit.;90;0.0;1.0;0.0;0;0
2025/26;2026-06-14;24;FAR;Extérieur;N. Byar;Tit.;59;0.0;0.0;0.0;0;0
2025/26;2026-06-14;24;FAR;Extérieur;A. Lamirat;Tit.;46;0.0;1.0;0.0;0;0
2025/26;2026-06-14;24;FAR;Extérieur;J. Bakasu;Tit.;80;0.0;0.0;0.0;0;0
2025/26;2026-06-14;24;FAR;Extérieur;W. Nassi;Tit.;59;0.0;0.0;0.0;0;0
2025/26;2026-06-14;24;FAR;Extérieur;H. Ziyech;Tit.;90;1.0;0.0;0.0;0;0
2025/26;2026-06-14;24;FAR;Extérieur;H. Hannouri;Tit.;90;0.0;0.0;0.0;0;0
2025/26;2026-06-14;24;FAR;Extérieur;W. Sabbar;Remp.;44;0.0;0.0;0.0;0;0
2025/26;2026-06-14;24;FAR;Extérieur;N. Amrabet;Remp.;31;0.0;0.0;0.0;0;0
2025/26;2026-06-14;24;FAR;Extérieur;M. Raihi;Remp.;31;0.0;0.0;0.0;0;0
2025/26;2026-06-14;24;FAR;Extérieur;H. El Wasti;Remp.;10;0.0;0.0;0.0;0;0
2025;2025-06-22;Phase de poules;Juventus - Italie;Neutre;M. Benabid;Tit.;90;0.0;0.0;0.0;0;0
2025;2025-06-22;Phase de poules;Juventus - Italie;Neutre;G. Ferreira;Tit.;90;0.0;1.0;0.0;0;0
2025;2025-06-22;Phase de poules;Juventus - Italie;Neutre;A. Boutouil;Tit.;77;0.0;0.0;0.0;0;0
2025;2025-06-22;Phase de poules;Juventus - Italie;Neutre;B. Meijers;Tit.;45;0.0;1.0;0.0;0;0
2025;2025-06-22;Phase de poules;Juventus - Italie;Neutre;F. Moufi;Tit.;86;0.0;0.0;0.0;0;0
2025;2025-06-22;Phase de poules;Juventus - Italie;Neutre;M. Moubarik;Tit.;90;0.0;0.0;0.0;0;0
2025;2025-06-22;Phase de poules;Juventus - Italie;Neutre;O. Zemraoui;Tit.;77;0.0;0.0;0.0;0;0
2025;2025-06-22;Phase de poules;Juventus - Italie;Neutre;M. Moufid;Tit.;90;0.0;0.0;0.0;0;0
2025;2025-06-22;Phase de poules;Juventus - Italie;Neutre;N. Amrabet;Tit.;90;0.0;0.0;0.0;0;0
2025;2025-06-22;Phase de poules;Juventus - Italie;Neutre;S. Oubeng;Tit.;45;0.0;0.0;0.0;0;0
2025;2025-06-22;Phase de poules;Juventus - Italie;Neutre;T. Lorch;Tit.;90;1.0;0.0;0.0;0;0
2025;2025-06-22;Phase de poules;Juventus - Italie;Neutre;S. Mwalimu;Remp.;45;0.0;0.0;0.0;0;0
2025;2025-06-22;Phase de poules;Juventus - Italie;Neutre;O. Al Somah;Remp.;45;0.0;0.0;0.0;0;0
2025;2025-06-22;Phase de poules;Juventus - Italie;Neutre;J. Harkass;Remp.;12;0.0;0.0;0.0;0;0
2025;2025-06-22;Phase de poules;Juventus - Italie;Neutre;C. Mailoula;Remp.;12;0.0;0.0;0.0;0;0
2025;2025-06-22;Phase de poules;Juventus - Italie;Neutre;S. Aziz Ki;Remp.;3;0.0;0.0;0.0;0;0
2025;2025-06-26;Phase de poules;Al Ain - Émirats Arabes Unis;Neutre;M. Benabid;Tit.;90;0.0;0.0;0.0;0;0
2025;2025-06-26;Phase de poules;Al Ain - Émirats Arabes Unis;Neutre;M. Moufid;Tit.;90;0.0;0.0;0.0;0;0
2025;2025-06-26;Phase de poules;Al Ain - Émirats Arabes Unis;Neutre;G. Ferreira;Tit.;90;0.0;0.0;0.0;0;0
2025;2025-06-26;Phase de poules;Al Ain - Émirats Arabes Unis;Neutre;J. Harkass;Tit.;54;0.0;0.0;0.0;0;0
2025;2025-06-26;Phase de poules;Al Ain - Émirats Arabes Unis;Neutre;A. Bouchta;Tit.;90;0.0;0.0;0.0;0;0
2025;2025-06-26;Phase de poules;Al Ain - Émirats Arabes Unis;Neutre;O. Zemraoui;Tit.;78;0.0;0.0;0.0;0;0
2025;2025-06-26;Phase de poules;Al Ain - Émirats Arabes Unis;Neutre;M. Moubarik;Tit.;78;0.0;0.0;0.0;0;0
2025;2025-06-26;Phase de poules;Al Ain - Émirats Arabes Unis;Neutre;N. Amrabet;Tit.;90;0.0;1.0;0.0;0;0
2025;2025-06-26;Phase de poules;Al Ain - Émirats Arabes Unis;Neutre;C. Mailoula;Tit.;61;1.0;0.0;0.0;0;0
2025;2025-06-26;Phase de poules;Al Ain - Émirats Arabes Unis;Neutre;T. Lorch;Tit.;90;0.0;0.0;0.0;0;0
2025;2025-06-26;Phase de poules;Al Ain - Émirats Arabes Unis;Neutre;O. Al Somah;Tit.;61;0.0;0.0;0.0;0;0
2025;2025-06-26;Phase de poules;Al Ain - Émirats Arabes Unis;Neutre;B. Meijers;Remp.;36;0.0;0.0;0.0;0;0
2025;2025-06-26;Phase de poules;Al Ain - Émirats Arabes Unis;Neutre;S. Mwalimu;Remp.;29;0.0;1.0;0.0;0;0
2025;2025-06-26;Phase de poules;Al Ain - Émirats Arabes Unis;Neutre;S. Oubeng;Remp.;29;0.0;0.0;0.0;0;0
2025;2025-06-26;Phase de poules;Al Ain - Émirats Arabes Unis;Neutre;I. Benktib;Remp.;12;0.0;1.0;0.0;0;0
2025;2025-06-26;Phase de poules;Al Ain - Émirats Arabes Unis;Neutre;I. El-Moutaraji;Remp.;12;0.0;0.0;0.0;0;0
2022;2023-02-04;2e tour;Al-Hilal - Arabie Saoudite;Neutre;A. R. Tagnaouti;Tit.;120;0.0;0.0;0.0;0;0
2022;2023-02-04;2e tour;Al-Hilal - Arabie Saoudite;Neutre;A. Farhane;Tit.;120;0.0;0.0;0.0;0;0
2022;2023-02-04;2e tour;Al-Hilal - Arabie Saoudite;Neutre;A. Zola;Tit.;120;0.0;0.0;0.0;0;0
2022;2023-02-04;2e tour;Al-Hilal - Arabie Saoudite;Neutre;Y. Attiatallah;Tit.;120;0.0;0.0;0.0;0;1
2022;2023-02-04;2e tour;Al-Hilal - Arabie Saoudite;Neutre;A. El Amloud;Tit.;120;1.0;0.0;0.0;1;0
2022;2023-02-04;2e tour;Al-Hilal - Arabie Saoudite;Neutre;Y. Jabrane;Tit.;90;0.0;1.0;1.0;0;0
2022;2023-02-04;2e tour;Al-Hilal - Arabie Saoudite;Neutre;J. Daoudi;Tit.;120;0.0;1.0;0.0;1;0
2022;2023-02-04;2e tour;Al-Hilal - Arabie Saoudite;Neutre;R. Jaadi;Tit.;83;0.0;1.0;0.0;0;0
2022;2023-02-04;2e tour;Al-Hilal - Arabie Saoudite;Neutre;A. El Hassouni;Tit.;120;0.0;0.0;0.0;0;0
2022;2023-02-04;2e tour;Al-Hilal - Arabie Saoudite;Neutre;D.L. Zee;Tit.;61;0.0;1.0;0.0;0;0
2022;2023-02-04;2e tour;Al-Hilal - Arabie Saoudite;Neutre;S. Bouhra;Tit.;61;0.0;0.0;0.0;0;0
2022;2023-02-04;2e tour;Al-Hilal - Arabie Saoudite;Neutre;H. Boussefiane;Remp.;59;0.0;0.0;0.0;0;0
2022;2023-02-04;2e tour;Al-Hilal - Arabie Saoudite;Neutre;M. Ounajem;Remp.;59;0.0;1.0;0.0;1;0
2022;2023-02-04;2e tour;Al-Hilal - Arabie Saoudite;Neutre;B. Sambo;Remp.;37;0.0;0.0;0.0;0;0
2017;2017-12-09;Quart-finale;Pachuca - Mexique;Neutre;Z. Laaroubi;Tit.;120;0.0;0.0;0.0;0;0
2017;2017-12-09;Quart-finale;Pachuca - Mexique;Neutre;S. Saidi;Tit.;120;0.0;0.0;0.0;0;0
2017;2017-12-09;Quart-finale;Pachuca - Mexique;Neutre;A. Atouchi;Tit.;120;0.0;0.0;0.0;0;0
2017;2017-12-09;Quart-finale;Pachuca - Mexique;Neutre;B. Nekkach;Tit.;69;0.0;1.0;1.0;0;0
2017;2017-12-09;Quart-finale;Pachuca - Mexique;Neutre;M. Aoulad;Tit.;61;0.0;0.0;0.0;0;0
2017;2017-12-09;Quart-finale;Pachuca - Mexique;Neutre;A. Bencharki;Tit.;120;0.0;0.0;0.0;0;0
2017;2017-12-09;Quart-finale;Pachuca - Mexique;Neutre;W. El Karti;Tit.;120;0.0;0.0;0.0;0;0
2017;2017-12-09;Quart-finale;Pachuca - Mexique;Neutre;A. Khadrouf;Tit.;90;0.0;0.0;0.0;0;0
2017;2017-12-09;Quart-finale;Pachuca - Mexique;Neutre;Z. El Hachimi;Tit.;120;0.0;1.0;0.0;0;0
2017;2017-12-09;Quart-finale;Pachuca - Mexique;Neutre;A. Noussair;Tit.;120;0.0;1.0;0.0;0;0
2017;2017-12-09;Quart-finale;Pachuca - Mexique;Neutre;C.I. Comara;Tit.;120;0.0;0.0;0.0;0;0
2017;2017-12-09;Quart-finale;Pachuca - Mexique;Neutre;I. El Haddad;Remp.;59;0.0;0.0;0.0;0;0
2017;2017-12-09;Quart-finale;Pachuca - Mexique;Neutre;R. Hajhouj;Remp.;30;0.0;1.0;0.0;0;0
2017;2017-12-12;5e place;Urawa Red Diamonds - Japon;Neutre;B. Benaachour;Tit.;90;0.0;0.0;0.0;0;0
2017;2017-12-12;5e place;Urawa Red Diamonds - Japon;Neutre;M. Ouattara;Tit.;90;0.0;0.0;0.0;0;0
2017;2017-12-12;5e place;Urawa Red Diamonds - Japon;Neutre;Y. Rabeh;Tit.;90;0.0;0.0;0.0;0;0
2017;2017-12-12;5e place;Urawa Red Diamonds - Japon;Neutre;B. Gaddarine;Tit.;90;0.0;0.0;0.0;0;0
2017;2017-12-12;5e place;Urawa Red Diamonds - Japon;Neutre;M. Nahiri;Tit.;90;0.0;1.0;0.0;0;0
2017;2017-12-12;5e place;Urawa Red Diamonds - Japon;Neutre;J. Ait Ben Idir;Tit.;90;0.0;0.0;0.0;0;0
2017;2017-12-12;5e place;Urawa Red Diamonds - Japon;Neutre;W. El Karti;Tit.;90;0.0;1.0;0.0;0;0
2017;2017-12-12;5e place;Urawa Red Diamonds - Japon;Neutre;M. Aoulad;Tit.;76;0.0;0.0;0.0;0;0
2017;2017-12-12;5e place;Urawa Red Diamonds - Japon;Neutre;I. El Haddad;Tit.;87;1.0;0.0;0.0;0;0
2017;2017-12-12;5e place;Urawa Red Diamonds - Japon;Neutre;R. Hajhouj;Tit.;90;1.0;0.0;0.0;0;0
2017;2017-12-12;5e place;Urawa Red Diamonds - Japon;Neutre;A. Khadrouf;Tit.;58;0.0;0.0;0.0;0;0
2017;2017-12-12;5e place;Urawa Red Diamonds - Japon;Neutre;S. Saidi;Remp.;32;0.0;0.0;0.0;0;0
2017;2017-12-12;5e place;Urawa Red Diamonds - Japon;Neutre;A. Tighazoui;Remp.;14;0.0;0.0;0.0;0;0
2017;2017-12-12;5e place;Urawa Red Diamonds - Japon;Neutre;G. Daho;Remp.;3;0.0;0.0;0.0;0;0
2002;2003-02-07;Finale;Zamalek;Neutre;T. El Jarmouni;Tit.;90;0.0;0.0;0.0;0;0
2002;2003-02-07;Finale;Zamalek;Neutre;H. Louissi;Tit.;90;0.0;0.0;0.0;0;0
2002;2003-02-07;Finale;Zamalek;Neutre;L. Abrami;Tit.;90;0.0;1.0;0.0;0;0
2002;2003-02-07;Finale;Zamalek;Neutre;M. Talha;Tit.;90;0.0;1.0;0.0;0;0
2002;2003-02-07;Finale;Zamalek;Neutre;J.J. Gosso;Tit.;73;0.0;0.0;0.0;0;0
2002;2003-02-07;Finale;Zamalek;Neutre;C. El Janabi;Tit.;46;0.0;0.0;0.0;0;0
2002;2003-02-07;Finale;Zamalek;Neutre;A. Ait Laarif;Tit.;90;0.0;0.0;0.0;0;0
2002;2003-02-07;Finale;Zamalek;Neutre;B. Kassab;Tit.;90;0.0;0.0;0.0;0;0
2002;2003-02-07;Finale;Zamalek;Neutre;M. Madihi;Tit.;46;0.0;0.0;0.0;0;0
2002;2003-02-07;Finale;Zamalek;Neutre;R. Allali;Tit.;73;0.0;0.0;0.0;0;0
2002;2003-02-07;Finale;Zamalek;Neutre;R. El Afoui;Tit.;90;0.0;0.0;0.0;0;0
2002;2003-02-07;Finale;Zamalek;Neutre;G. Dah Zadi;Remp.;44;1.0;0.0;0.0;0;0
2002;2003-02-07;Finale;Zamalek;Neutre;R. El Allaty;Remp.;17;0.0;0.0;0.0;0;0
2025/26;2025-10-19;2e tour;Ashanti Kotoko - Ghana;Extérieur;M. Benabid;Tit.;90;0.0;0.0;0.0;0;0
2025/26;2025-10-19;2e tour;Ashanti Kotoko - Ghana;Extérieur;M. Moufid;Tit.;90;0.0;0.0;0.0;0;0
2025/26;2025-10-19;2e tour;Ashanti Kotoko - Ghana;Extérieur;A. Aboulfath;Tit.;90;0.0;0.0;0.0;0;0
2025/26;2025-10-19;2e tour;Ashanti Kotoko - Ghana;Extérieur;G. Ferreira;Tit.;90;0.0;0.0;0.0;0;0
2025/26;2025-10-19;2e tour;Ashanti Kotoko - Ghana;Extérieur;A. Bouchta;Tit.;90;0.0;0.0;0.0;0;0
2025/26;2025-10-19;2e tour;Ashanti Kotoko - Ghana;Extérieur;A. Lamirat;Tit.;90;0.0;0.0;0.0;0;0
2025/26;2025-10-19;2e tour;Ashanti Kotoko - Ghana;Extérieur;S. Aziz Ki;Tit.;83;0.0;0.0;0.0;0;0
2025/26;2025-10-19;2e tour;Ashanti Kotoko - Ghana;Extérieur;J. Bakasu;Tit.;83;1.0;1.0;0.0;0;0
2025/26;2025-10-19;2e tour;Ashanti Kotoko - Ghana;Extérieur;T. Lorch;Tit.;82;0.0;0.0;0.0;0;0
2025/26;2025-10-19;2e tour;Ashanti Kotoko - Ghana;Extérieur;N. Amrabet;Tit.;70;0.0;0.0;0.0;0;0
2025/26;2025-10-19;2e tour;Ashanti Kotoko - Ghana;Extérieur;H. Hannouri;Tit.;90;0.0;0.0;0.0;0;0
2025/26;2025-10-19;2e tour;Ashanti Kotoko - Ghana;Extérieur;W. Nassi;Remp.;20;0.0;0.0;0.0;0;0
2025/26;2025-10-19;2e tour;Ashanti Kotoko - Ghana;Extérieur;R. Mahtou;Remp.;8;0.0;0.0;0.0;0;0
2025/26;2025-10-19;2e tour;Ashanti Kotoko - Ghana;Extérieur;T. Orebonye;Remp.;8;0.0;0.0;0.0;0;0
2025/26;2025-10-19;2e tour;Ashanti Kotoko - Ghana;Extérieur;O. Zemraoui;Remp.;7;0.0;0.0;0.0;0;0
2025/26;2025-10-19;2e tour;Ashanti Kotoko - Ghana;Extérieur;M. Raihi;Remp.;0;0.0;0.0;0.0;0;0
2025/26;2025-10-24;2e tour;Ashanti Kotoko - Ghana;Domicile;M. Benabid;Tit.;90;0.0;0.0;0.0;0;0
2025/26;2025-10-24;2e tour;Ashanti Kotoko - Ghana;Domicile;A. Aboulfath;Tit.;90;0.0;0.0;0.0;0;0
2025/26;2025-10-24;2e tour;Ashanti Kotoko - Ghana;Domicile;G. Ferreira;Tit.;90;0.0;0.0;0.0;0;0
2025/26;2025-10-24;2e tour;Ashanti Kotoko - Ghana;Domicile;A. Bouchta;Tit.;90;0.0;0.0;0.0;0;0
2025/26;2025-10-24;2e tour;Ashanti Kotoko - Ghana;Domicile;M. Moufid;Tit.;65;0.0;0.0;0.0;0;0
2025/26;2025-10-24;2e tour;Ashanti Kotoko - Ghana;Domicile;A. Lamirat;Tit.;90;0.0;0.0;0.0;0;0
2025/26;2025-10-24;2e tour;Ashanti Kotoko - Ghana;Domicile;J. Bakasu;Tit.;80;0.0;0.0;0.0;0;0
2025/26;2025-10-24;2e tour;Ashanti Kotoko - Ghana;Domicile;S. Aziz Ki;Tit.;64;1.0;0.0;0.0;0;0
2025/26;2025-10-24;2e tour;Ashanti Kotoko - Ghana;Domicile;T. Lorch;Tit.;64;1.0;0.0;0.0;0;0
2025/26;2025-10-24;2e tour;Ashanti Kotoko - Ghana;Domicile;W. Nassi;Tit.;90;0.0;0.0;0.0;0;0
2025/26;2025-10-24;2e tour;Ashanti Kotoko - Ghana;Domicile;H. Hannouri;Tit.;33;1.0;0.0;0.0;0;0
2025/26;2025-10-24;2e tour;Ashanti Kotoko - Ghana;Domicile;T. Orebonye;Remp.;57;0.0;0.0;0.0;0;0
2025/26;2025-10-24;2e tour;Ashanti Kotoko - Ghana;Domicile;M. Bouchouari;Remp.;26;1.0;0.0;0.0;0;0
2025/26;2025-10-24;2e tour;Ashanti Kotoko - Ghana;Domicile;O. Zemraoui;Remp.;26;1.0;1.0;0.0;0;0
2025/26;2025-10-24;2e tour;Ashanti Kotoko - Ghana;Domicile;M. Enzo;Remp.;25;0.0;0.0;0.0;0;0
2025/26;2025-10-24;2e tour;Ashanti Kotoko - Ghana;Domicile;R. Mahtou;Remp.;10;0.0;0.0;0.0;0;0
2025/26;2025-11-23;Groupe B;Nairobi United - Kenya;Domicile;M. Benabid;Tit.;90;0.0;0.0;0.0;0;0
2025/26;2025-11-23;Groupe B;Nairobi United - Kenya;Domicile;A. Bouchta;Tit.;90;1.0;0.0;0.0;0;0
2025/26;2025-11-23;Groupe B;Nairobi United - Kenya;Domicile;B. Meijers;Tit.;90;0.0;0.0;0.0;0;0
2025/26;2025-11-23;Groupe B;Nairobi United - Kenya;Domicile;G. Ferreira;Tit.;90;0.0;0.0;0.0;0;0
2025/26;2025-11-23;Groupe B;Nairobi United - Kenya;Domicile;M. Bouchouari;Tit.;89;1.0;0.0;0.0;0;0
2025/26;2025-11-23;Groupe B;Nairobi United - Kenya;Domicile;J. Bakasu;Tit.;90;0.0;0.0;0.0;0;0
2025/26;2025-11-23;Groupe B;Nairobi United - Kenya;Domicile;S. Aziz Ki;Tit.;64;0.0;0.0;0.0;0;0
2025/26;2025-11-23;Groupe B;Nairobi United - Kenya;Domicile;A. Lamirat;Tit.;78;0.0;0.0;0.0;0;0
2025/26;2025-11-23;Groupe B;Nairobi United - Kenya;Domicile;T. Lorch;Tit.;88;0.0;0.0;0.0;0;0
2025/26;2025-11-23;Groupe B;Nairobi United - Kenya;Domicile;H. Hannouri;Tit.;90;0.0;0.0;0.0;0;0
2025/26;2025-11-23;Groupe B;Nairobi United - Kenya;Domicile;N. Amrabet;Tit.;68;0.0;0.0;0.0;0;0
2025/26;2025-11-23;Groupe B;Nairobi United - Kenya;Domicile;W. Sabbar;Remp.;26;0.0;0.0;0.0;0;0
2025/26;2025-11-23;Groupe B;Nairobi United - Kenya;Domicile;M. Enzo;Remp.;22;0.0;0.0;0.0;0;0
2025/26;2025-11-23;Groupe B;Nairobi United - Kenya;Domicile;M. Raihi;Remp.;12;1.0;0.0;0.0;0;0
2025/26;2025-11-23;Groupe B;Nairobi United - Kenya;Domicile;W. Nassi;Remp.;2;0.0;1.0;0.0;0;0
2025/26;2025-11-23;Groupe B;Nairobi United - Kenya;Domicile;M. Moufid;Remp.;1;0.0;0.0;0.0;0;0
2025/26;2025-11-28;Groupe B;Azam FC - Tanzanie;Extérieur;M. Benabid;Tit.;90;0.0;1.0;0.0;0;0
2025/26;2025-11-28;Groupe B;Azam FC - Tanzanie;Extérieur;J. Bakasu;Tit.;90;0.0;0.0;0.0;0;0
2025/26;2025-11-28;Groupe B;Azam FC - Tanzanie;Extérieur;A. Aboulfath;Tit.;90;0.0;0.0;0.0;0;0
2025/26;2025-11-28;Groupe B;Azam FC - Tanzanie;Extérieur;A. Bouchta;Tit.;90;0.0;0.0;0.0;0;0
2025/26;2025-11-28;Groupe B;Azam FC - Tanzanie;Extérieur;M. Bouchouari;Tit.;46;0.0;1.0;0.0;0;0
2025/26;2025-11-28;Groupe B;Azam FC - Tanzanie;Extérieur;W. Sabbar;Tit.;90;0.0;0.0;0.0;0;0
2025/26;2025-11-28;Groupe B;Azam FC - Tanzanie;Extérieur;G. Ferreira;Tit.;90;0.0;1.0;0.0;0;0
2025/26;2025-11-28;Groupe B;Azam FC - Tanzanie;Extérieur;S. Aziz Ki;Tit.;78;0.0;0.0;0.0;0;0
2025/26;2025-11-28;Groupe B;Azam FC - Tanzanie;Extérieur;T. Lorch;Tit.;66;0.0;0.0;0.0;0;0
2025/26;2025-11-28;Groupe B;Azam FC - Tanzanie;Extérieur;N. Amrabet;Tit.;88;1.0;1.0;0.0;0;0
2025/26;2025-11-28;Groupe B;Azam FC - Tanzanie;Extérieur;H. Hannouri;Tit.;89;0.0;0.0;0.0;0;0
2025/26;2025-11-28;Groupe B;Azam FC - Tanzanie;Extérieur;M. Moufid;Remp.;44;0.0;0.0;0.0;0;0
2025/26;2025-11-28;Groupe B;Azam FC - Tanzanie;Extérieur;H. El Wasti;Remp.;24;0.0;0.0;0.0;0;0
2025/26;2025-11-28;Groupe B;Azam FC - Tanzanie;Extérieur;M. Raihi;Remp.;12;0.0;0.0;0.0;0;0
2025/26;2025-11-28;Groupe B;Azam FC - Tanzanie;Extérieur;W. Nassi;Remp.;2;0.0;0.0;0.0;0;0
2025/26;2025-11-28;Groupe B;Azam FC - Tanzanie;Extérieur;T. Orebonye;Remp.;1;0.0;0.0;0.0;0;0
2025/26;2026-01-25;Groupe B;AS Maniema Union - RD Congo;Domicile;M. Benabid;Tit.;90;0.0;0.0;0.0;0;0
2025/26;2026-01-25;Groupe B;AS Maniema Union - RD Congo;Domicile;A. Bouchta;Tit.;90;0.0;0.0;0.0;0;0
2025/26;2026-01-25;Groupe B;AS Maniema Union - RD Congo;Domicile;A. Aboulfath;Tit.;90;0.0;0.0;0.0;0;0
2025/26;2026-01-25;Groupe B;AS Maniema Union - RD Congo;Domicile;G. Ferreira;Tit.;90;0.0;0.0;0.0;0;0
2025/26;2026-01-25;Groupe B;AS Maniema Union - RD Congo;Domicile;M. Moufid;Tit.;90;1.0;0.0;0.0;0;0
2025/26;2026-01-25;Groupe B;AS Maniema Union - RD Congo;Domicile;J. Bakasu;Tit.;65;0.0;0.0;0.0;0;0
2025/26;2026-01-25;Groupe B;AS Maniema Union - RD Congo;Domicile;A. Lamirat;Tit.;90;0.0;0.0;0.0;0;0
2025/26;2026-01-25;Groupe B;AS Maniema Union - RD Congo;Domicile;W. Nassi;Tit.;65;0.0;0.0;0.0;0;0
2025/26;2026-01-25;Groupe B;AS Maniema Union - RD Congo;Domicile;H. Ziyech;Tit.;77;0.0;0.0;0.0;0;0
2025/26;2026-01-25;Groupe B;AS Maniema Union - RD Congo;Domicile;N. Amrabet;Tit.;90;0.0;1.0;0.0;0;0
2025/26;2026-01-25;Groupe B;AS Maniema Union - RD Congo;Domicile;H. Elowasti;Tit.;65;0.0;0.0;0.0;0;0
2025/26;2026-01-25;Groupe B;AS Maniema Union - RD Congo;Domicile;H. Hannouri;Remp.;25;0.0;0.0;0.0;0;0
2025/26;2026-01-25;Groupe B;AS Maniema Union - RD Congo;Domicile;T. Lorch;Remp.;25;0.0;0.0;0.0;0;0
2025/26;2026-01-25;Groupe B;AS Maniema Union - RD Congo;Domicile;W. Sabbar;Remp.;25;0.0;0.0;0.0;0;0
2025/26;2026-01-25;Groupe B;AS Maniema Union - RD Congo;Domicile;W. Ben Yedder;Remp.;13;0.0;0.0;0.0;0;0
2025/26;2026-02-01;Groupe B;AS Maniema Union - RD Congo;Extérieur;M. Benabid;Tit.;90;-1.0;0.0;0.0;0;0
2025/26;2026-02-01;Groupe B;AS Maniema Union - RD Congo;Extérieur;A. Bouchta;Tit.;90;0.0;0.0;0.0;0;0
2025/26;2026-02-01;Groupe B;AS Maniema Union - RD Congo;Extérieur;A. Aboulfath;Tit.;90;0.0;0.0;0.0;0;0
2025/26;2026-02-01;Groupe B;AS Maniema Union - RD Congo;Extérieur;G. Ferreira;Tit.;90;0.0;1.0;0.0;0;0
2025/26;2026-02-01;Groupe B;AS Maniema Union - RD Congo;Extérieur;M. Moufid;Tit.;90;0.0;0.0;0.0;0;0
2025/26;2026-02-01;Groupe B;AS Maniema Union - RD Congo;Extérieur;J. Bakasu;Tit.;57;0.0;1.0;0.0;0;0
2025/26;2026-02-01;Groupe B;AS Maniema Union - RD Congo;Extérieur;A. Lamirat;Tit.;90;0.0;0.0;0.0;0;0
2025/26;2026-02-01;Groupe B;AS Maniema Union - RD Congo;Extérieur;H. Elowasti;Tit.;57;0.0;0.0;0.0;0;0
2025/26;2026-02-01;Groupe B;AS Maniema Union - RD Congo;Extérieur;W. Sabbar;Tit.;90;0.0;1.0;0.0;0;0
2025/26;2026-02-01;Groupe B;AS Maniema Union - RD Congo;Extérieur;W. Nassi;Tit.;76;0.0;0.0;0.0;0;0
2025/26;2026-02-01;Groupe B;AS Maniema Union - RD Congo;Extérieur;W. Ben Yedder;Tit.;84;0.0;0.0;0.0;0;0
2025/26;2026-02-01;Groupe B;AS Maniema Union - RD Congo;Extérieur;T. Lorch;Remp.;33;0.0;0.0;0.0;0;0
2025/26;2026-02-01;Groupe B;AS Maniema Union - RD Congo;Extérieur;H. Hannouri;Remp.;33;1.0;0.0;0.0;0;0
2025/26;2026-02-01;Groupe B;AS Maniema Union - RD Congo;Extérieur;M. Paniagua;Remp.;14;0.0;0.0;0.0;0;0
2025/26;2026-02-01;Groupe B;AS Maniema Union - RD Congo;Extérieur;M. Raihi;Remp.;6;0.0;0.0;0.0;0;0
2025/26;2026-02-08;Groupe B;Nairobi United - Kenya;Extérieur;M. Benabid;Tit.;90;0.0;0.0;0.0;0;0
2025/26;2026-02-08;Groupe B;Nairobi United - Kenya;Extérieur;S. Mossadak;Tit.;90;0.0;0.0;0.0;0;0
2025/26;2026-02-08;Groupe B;Nairobi United - Kenya;Extérieur;A. Aboulfath;Tit.;90;0.0;0.0;0.0;0;0
2025/26;2026-02-08;Groupe B;Nairobi United - Kenya;Extérieur;M. Bouchouari;Tit.;90;0.0;0.0;0.0;0;0
2025/26;2026-02-08;Groupe B;Nairobi United - Kenya;Extérieur;A. Bouchta;Tit.;90;0.0;0.0;0.0;0;0
2025/26;2026-02-08;Groupe B;Nairobi United - Kenya;Extérieur;N. Byar;Tit.;65;0.0;0.0;0.0;0;0
2025/26;2026-02-08;Groupe B;Nairobi United - Kenya;Extérieur;R. Vaca;Tit.;74;0.0;0.0;0.0;0;0
2025/26;2026-02-08;Groupe B;Nairobi United - Kenya;Extérieur;H. Ziyech;Tit.;65;0.0;0.0;0.0;0;0
2025/26;2026-02-08;Groupe B;Nairobi United - Kenya;Extérieur;N. Amrabet;Tit.;83;0.0;0.0;0.0;0;0
2025/26;2026-02-08;Groupe B;Nairobi United - Kenya;Extérieur;M. Paniagua;Tit.;66;0.0;0.0;0.0;0;0
2025/26;2026-02-08;Groupe B;Nairobi United - Kenya;Extérieur;H. Hannouri;Tit.;90;0.0;0.0;0.0;0;0
2025/26;2026-02-08;Groupe B;Nairobi United - Kenya;Extérieur;A. Lamirat;Remp.;25;0.0;0.0;0.0;0;0
2025/26;2026-02-08;Groupe B;Nairobi United - Kenya;Extérieur;W. Ben Yedder;Remp.;25;1.0;0.0;0.0;0;0
2025/26;2026-02-08;Groupe B;Nairobi United - Kenya;Extérieur;W. Nassi;Remp.;24;0.0;0.0;0.0;0;0
2025/26;2026-02-08;Groupe B;Nairobi United - Kenya;Extérieur;W. Sabbar;Remp.;16;0.0;0.0;0.0;0;0
2025/26;2026-02-08;Groupe B;Nairobi United - Kenya;Extérieur;H. El Wasti;Remp.;7;0.0;0.0;0.0;0;0
2025/26;2026-02-15;Groupe B;Azam FC - Tanzanie;Domicile;M. Benabid;Tit.;90;0.0;0.0;0.0;0;0
2025/26;2026-02-15;Groupe B;Azam FC - Tanzanie;Domicile;A. Bouchta;Tit.;90;0.0;0.0;0.0;0;0
2025/26;2026-02-15;Groupe B;Azam FC - Tanzanie;Domicile;A. El Ouafi;Tit.;90;0.0;1.0;0.0;0;0
2025/26;2026-02-15;Groupe B;Azam FC - Tanzanie;Domicile;A. Aboulfath;Tit.;90;0.0;0.0;0.0;0;0
2025/26;2026-02-15;Groupe B;Azam FC - Tanzanie;Domicile;M. Moufid;Tit.;90;0.0;1.0;0.0;0;0
2025/26;2026-02-15;Groupe B;Azam FC - Tanzanie;Domicile;W. Sabbar;Tit.;90;0.0;0.0;0.0;0;0
2025/26;2026-02-15;Groupe B;Azam FC - Tanzanie;Domicile;A. Lamirat;Tit.;89;0.0;1.0;0.0;0;0
2025/26;2026-02-15;Groupe B;Azam FC - Tanzanie;Domicile;R. Vaca;Tit.;83;0.0;0.0;0.0;0;0
2025/26;2026-02-15;Groupe B;Azam FC - Tanzanie;Domicile;H. Ziyech;Tit.;90;0.0;0.0;0.0;0;0
2025/26;2026-02-15;Groupe B;Azam FC - Tanzanie;Domicile;M. Paniagua;Tit.;57;0.0;0.0;0.0;0;0
2025/26;2026-02-15;Groupe B;Azam FC - Tanzanie;Domicile;H. Hannouri;Tit.;89;0.0;0.0;0.0;0;0
2025/26;2026-02-15;Groupe B;Azam FC - Tanzanie;Domicile;N. Amrabet;Remp.;33;0.0;0.0;0.0;0;0
2025/26;2026-02-15;Groupe B;Azam FC - Tanzanie;Domicile;W. Ben Yedder;Remp.;7;0.0;0.0;0.0;0;0
2025/26;2026-02-15;Groupe B;Azam FC - Tanzanie;Domicile;J. Bakasu;Remp.;1;0.0;0.0;0.0;0;0
2025/26;2026-02-15;Groupe B;Azam FC - Tanzanie;Domicile;W. Nassi;Remp.;1;1.0;0.0;0.0;0;0
2025/26;2026-06-18;25;FUS;Domicile;M. Benabid;Tit.;90;0.0;0.0;0.0;0;0
2025/26;2026-06-18;25;FUS;Domicile;M. Bouchouari;Tit.;90;0.0;0.0;0.0;0;0
2025/26;2026-06-18;25;FUS;Domicile;A. Bouchta;Tit.;76;0.0;0.0;0.0;0;0
2025/26;2026-06-18;25;FUS;Domicile;A. El Ouafi;Tit.;90;0.0;0.0;0.0;0;0
2025/26;2026-06-18;25;FUS;Domicile;S. Mossadak;Tit.;90;0.0;0.0;0.0;0;0
2025/26;2026-06-18;25;FUS;Domicile;M. Mounssef;Tit.;84;0.0;0.0;0.0;0;0
2025/26;2026-06-18;25;FUS;Domicile;J. Bakasu;Tit.;90;0.0;0.0;0.0;0;0
2025/26;2026-06-18;25;FUS;Domicile;R. Vaca;Tit.;90;1.0;0.0;0.0;0;0
2025/26;2026-06-18;25;FUS;Domicile;M. Paniagua;Tit.;46;0.0;0.0;0.0;0;0
2025/26;2026-06-18;25;FUS;Domicile;M. Raihi;Tit.;46;0.0;0.0;0.0;0;0
2025/26;2026-06-18;25;FUS;Domicile;H. Hannouri;Tit.;46;0.0;0.0;0.0;0;0
2025/26;2026-06-18;25;FUS;Domicile;N. Byar;Remp.;44;0.0;0.0;0.0;0;0
2025/26;2026-06-18;25;FUS;Domicile;W. Nassi;Remp.;44;0.0;0.0;0.0;0;0
2025/26;2026-06-18;25;FUS;Domicile;A. Colibaly;Remp.;44;0.0;0.0;0.0;0;0
2025/26;2026-06-18;25;FUS;Domicile;N. Khali;Remp.;14;0.0;1.0;0.0;0;0
2025/26;2026-06-18;25;FUS;Domicile;W. Sabbar;Remp.;6;0.0;0.0;0.0;0;0
2025/26;2026-06-21;26;DHJ;Extérieur;O. Aqzdaou;Tit.;90;0.0;0.0;0.0;0;0
2025/26;2026-06-21;26;DHJ;Extérieur;M. Moufid;Tit.;90;0.0;0.0;0.0;0;0
2025/26;2026-06-21;26;DHJ;Extérieur;A. Bouchta;Tit.;72;0.0;0.0;0.0;0;0
2025/26;2026-06-21;26;DHJ;Extérieur;A. El Ouafi;Tit.;90;0.0;0.0;0.0;0;0
2025/26;2026-06-21;26;DHJ;Extérieur;S. Mossadak;Tit.;90;0.0;0.0;0.0;0;0
2025/26;2026-06-21;26;DHJ;Extérieur;N. Byar;Tit.;90;0.0;0.0;0.0;0;0
2025/26;2026-06-21;26;DHJ;Extérieur;W. Sabbar;Tit.;72;0.0;0.0;0.0;0;0
2025/26;2026-06-21;26;DHJ;Extérieur;N. Amrabet;Tit.;60;0.0;0.0;0.0;0;0
2025/26;2026-06-21;26;DHJ;Extérieur;R. Vaca;Tit.;84;0.0;0.0;0.0;0;0
2025/26;2026-06-21;26;DHJ;Extérieur;A. Colibaly;Tit.;90;0.0;1.0;0.0;0;0
2025/26;2026-06-21;26;DHJ;Extérieur;M. Raihi;Tit.;46;0.0;0.0;0.0;0;0
2025/26;2026-06-21;26;DHJ;Extérieur;W. Nassi;Remp.;44;0.0;0.0;0.0;0;0
2025/26;2026-06-21;26;DHJ;Extérieur;W. Ben Idder;Remp.;30;0.0;0.0;0.0;0;0
2025/26;2026-06-21;26;DHJ;Extérieur;N. Khali;Remp.;18;0.0;0.0;0.0;0;0
2025/26;2026-06-21;26;DHJ;Extérieur;M. Mounssef;Remp.;18;0.0;0.0;0.0;0;0
2025/26;2026-06-21;26;DHJ;Extérieur;R. Mahtou;Remp.;6;0.0;1.0;0.0;0;0
2025/26;2026-06-28;28;OD;Domicile;O. Aqzdaou;Tit.;90;0.0;0.0;0.0;0;0
2025/26;2026-06-28;28;OD;Domicile;A. Bouchta;Tit.;46;0.0;0.0;0.0;0;0
2025/26;2026-06-28;28;OD;Domicile;M. Bouchouari;Tit.;61;0.0;0.0;0.0;0;0
2025/26;2026-06-28;28;OD;Domicile;B. Meijers;Tit.;90;0.0;0.0;0.0;0;0
2025/26;2026-06-28;28;OD;Domicile;S. Mossadak;Tit.;90;0.0;0.0;0.0;0;0
2025/26;2026-06-28;28;OD;Domicile;N. Byar;Tit.;90;0.0;0.0;0.0;0;0
2025/26;2026-06-28;28;OD;Domicile;R. Vaca;Tit.;62;0.0;0.0;0.0;0;0
2025/26;2026-06-28;28;OD;Domicile;M. Raihi;Tit.;90;0.0;0.0;0.0;0;0
2025/26;2026-06-28;28;OD;Domicile;W. Nassi;Tit.;78;0.0;0.0;0.0;0;0
2025/26;2026-06-28;28;OD;Domicile;A. Colibaly;Tit.;55;0.0;0.0;0.0;0;0
2025/26;2026-06-28;28;OD;Domicile;W. Ben Idder;Tit.;90;1.0;0.0;0.0;0;0
2025/26;2026-06-28;28;OD;Domicile;N. Khali;Remp.;44;0.0;0.0;0.0;0;0
2025/26;2026-06-28;28;OD;Domicile;H. Hannouri;Remp.;35;0.0;0.0;0.0;0;0
2025/26;2026-06-28;28;OD;Domicile;N. Amrabet;Remp.;29;0.0;0.0;0.0;0;0
2025/26;2026-06-28;28;OD;Domicile;M. Paniagua;Remp.;28;0.0;0.0;0.0;0;0
2025/26;2026-06-28;28;OD;Domicile;Z. El-Moutaraji;Remp.;12;0.0;0.0;0.0;0;0
2025/26;2026-07-02;29;RSB;Extérieur;O. Aqzdaou;Tit.;90;0.0;0.0;0.0;0;0
2025/26;2026-07-02;29;RSB;Extérieur;M. Sambou;Tit.;71;0.0;0.0;0.0;0;0
2025/26;2026-07-02;29;RSB;Extérieur;M. Bouchouari;Tit.;56;0.0;0.0;0.0;0;0
2025/26;2026-07-02;29;RSB;Extérieur;D. El Mahdaoui;Tit.;90;0.0;0.0;0.0;0;0
2025/26;2026-07-02;29;RSB;Extérieur;A. El Ouafi;Tit.;90;0.0;1.0;0.0;0;0
2025/26;2026-07-02;29;RSB;Extérieur;J. Bakasu;Tit.;56;0.0;0.0;0.0;0;0
2025/26;2026-07-02;29;RSB;Extérieur;R. Mahtou;Tit.;90;0.0;0.0;0.0;0;0
2025/26;2026-07-02;29;RSB;Extérieur;M. Paniagua;Tit.;90;0.0;0.0;0.0;0;0
2025/26;2026-07-02;29;RSB;Extérieur;M. Raihi;Tit.;55;0.0;0.0;0.0;0;0
2025/26;2026-07-02;29;RSB;Extérieur;N. Amrabet;Tit.;81;0.0;0.0;0.0;0;0
2025/26;2026-07-02;29;RSB;Extérieur;A. Colibaly;Tit.;90;0.0;0.0;0.0;0;0
2025/26;2026-07-02;29;RSB;Extérieur;M. Mounssef;Remp.;35;0.0;0.0;0.0;0;0
2025/26;2026-07-02;29;RSB;Extérieur;B. Laafouri;Remp.;34;0.0;0.0;0.0;0;0
2025/26;2026-07-02;29;RSB;Extérieur;Arthur W.;Remp.;34;0.0;0.0;0.0;0;0
2025/26;2026-07-02;29;RSB;Extérieur;N. Khali;Remp.;19;0.0;0.0;0.0;0;0
2025/26;2026-07-02;29;RSB;Extérieur;S. Rihani;Remp.;9;0.0;0.0;0.0;0;0
2025/26;2026-06-25;27;MAS;Domicile;O. Aqzdaou;Tit.;90;0;0;0;0;0
2025/26;2026-06-25;27;MAS;Domicile;A. Bouchta;Tit.;90;0;0;0;0;0
2025/26;2026-06-25;27;MAS;Domicile;S. Mossadak;Tit.;90;0;0;0;0;0
2025/26;2026-06-25;27;MAS;Domicile;A. El Ouafi;Tit.;90;0;0;0;0;0
2025/26;2026-06-25;27;MAS;Domicile;B. Meijers;Tit.;90;0;0;0;0;0
2025/26;2026-06-25;27;MAS;Domicile;N. Byar;Tit.;87;0;1;0;0;0
2025/26;2026-06-25;27;MAS;Domicile;J. Bakasu;Tit.;67;0;0;0;0;0
2025/26;2026-06-25;27;MAS;Domicile;N. Amrabet;Tit.;68;0;0;0;0;0
2025/26;2026-06-25;27;MAS;Domicile;R. Vaca;Tit.;90;0;0;0;0;0
2025/26;2026-06-25;27;MAS;Domicile;W. Nassi;Tit.;76;0;0;0;0;0
2025/26;2026-06-25;27;MAS;Domicile;A. Colibaly;Tit.;90;0;0;0;0;0
2025/26;2026-06-25;27;MAS;Domicile;W. Ben Idder;Remp.;23;0;1;0;0;0
2025/26;2026-06-25;27;MAS;Domicile;S. Rihani;Remp.;22;0;2;0;0;0
2025/26;2026-06-25;27;MAS;Domicile;Z. El-Moutaraji;Remp.;14;0;0;0;0;0
2025/26;2026-06-25;27;MAS;Domicile;M. Raihi;Remp.;3;0;0;0;0;0
2025/26;2026-07-05;30;UTS-TOUARGA;Domicile;A. Mhamdi;Tit.;90;0;0;0;0;0
2025/26;2026-07-05;30;UTS-TOUARGA;Domicile;A. Bouchta;Tit.;61;0;1;0;0;0
2025/26;2026-07-05;30;UTS-TOUARGA;Domicile;S. Mossadak;Tit.;90;0;0;0;0;0
2025/26;2026-07-05;30;UTS-TOUARGA;Domicile;D. El Mahdaoui;Tit.;90;0;0;0;0;0
2025/26;2026-07-05;30;UTS-TOUARGA;Domicile;A. El Ouafi;Tit.;46;0;0;0;0;0
2025/26;2026-07-05;30;UTS-TOUARGA;Domicile;N. Byar;Tit.;79;0;0;0;0;0
2025/26;2026-07-05;30;UTS-TOUARGA;Domicile;J. Bakasu;Tit.;61;0;1;0;0;0
2025/26;2026-07-05;30;UTS-TOUARGA;Domicile;W. Nassi;Tit.;90;0;0;0;0;0
2025/26;2026-07-05;30;UTS-TOUARGA;Domicile;R. Vaca;Tit.;90;0;0;0;0;0
2025/26;2026-07-05;30;UTS-TOUARGA;Domicile;N. Amrabet;Tit.;90;0;0;0;0;0
2025/26;2026-07-05;30;UTS-TOUARGA;Domicile;W. Ben Idder;Tit.;85;1;0;0;0;0
2025/26;2026-07-05;30;UTS-TOUARGA;Domicile;H. Hannouri;Remp.;44;0;1;0;0;0
2025/26;2026-07-05;30;UTS-TOUARGA;Domicile;N. Khali;Remp.;29;0;0;0;0;0
2025/26;2026-07-05;30;UTS-TOUARGA;Domicile;Z. El-Moutaraji;Remp.;29;0;0;0;0;0
2025/26;2026-07-05;30;UTS-TOUARGA;Domicile;R. Mahtou;Remp.;11;0;0;0;0;0
2025/26;2026-07-05;30;UTS-TOUARGA;Domicile;M. Paniagua;Remp.;5;0;0;0;0;0
2025/26;2026-05-17;Seixième de finale;RBM;Extérieur;M. Benabid;Tit.;90;0;0;0;0;0
2025/26;2026-05-17;Seixième de finale;RBM;Extérieur;M. Moufid;Tit.;90;0;0;0;0;0
2025/26;2026-05-17;Seixième de finale;RBM;Extérieur;A. Aboulfath;Tit.;90;0;1;0;0;0
2025/26;2026-05-17;Seixième de finale;RBM;Extérieur;S. Mossadak;Tit.;90;1;0;0;0;0
2025/26;2026-05-17;Seixième de finale;RBM;Extérieur;M. Bouchouari;Tit.;90;0;0;0;0;0
2025/26;2026-05-17;Seixième de finale;RBM;Extérieur;J. Bakasu;Tit.;90;0;0;0;0;0
2025/26;2026-05-17;Seixième de finale;RBM;Extérieur;N. Byar;Tit.;35;0;0;0;0;0
2025/26;2026-05-17;Seixième de finale;RBM;Extérieur;M. Raihi;Tit.;76;0;0;0;0;0
2025/26;2026-05-17;Seixième de finale;RBM;Extérieur;Z. El-Moutaraji;Tit.;85;0;0;0;0;0
2025/26;2026-05-17;Seixième de finale;RBM;Extérieur;N. Amrabet;Tit.;85;1;0;0;0;0
2025/26;2026-05-17;Seixième de finale;RBM;Extérieur;W. Nassi;Tit.;90;0;0;0;0;0
2025/26;2026-05-17;Seixième de finale;RBM;Extérieur;A. Lamirat;Remp.;55;0;0;0;0;0
2025/26;2026-05-17;Seixième de finale;RBM;Extérieur;H. El Wasti;Remp.;14;0;0;0;0;0
2025/26;2026-05-17;Seixième de finale;RBM;Extérieur;W. Ben Idder;Remp.;5;0;0;0;0;0
2025/26;2026-05-17;Seixième de finale;RBM;Extérieur;R. Mahtou;Remp.;5;0;0;0;0;0
